CaseID,weight,age_group,college,education,job_group,job_broad,gender,income_reg,race,task,before,now,change
241,0.9479,30-44,True,Bachelor+,Office/knowledge,Office/knowledge,Male,$150K+,"White, Non-Hispanic",Maintaining records,3.0,1.0,Less time
1053,0.8084,60+,True,Bachelor+,Education & social services,Care & education,Female,$75K–$100K,"White, Non-Hispanic",Maintaining records,3.0,2.0,Less time
408,0.9479,30-44,True,Bachelor+,Office/knowledge,Office/knowledge,Male,$150K+,"White, Non-Hispanic",Maintaining records,2.0,2.0,Same
573,1.0117,30-44,False,Some college,Office/knowledge,Office/knowledge,Male,$100K–$150K,"Other/2+, Non-Hispanic",Maintaining records,1.0,1.0,Same
712,0.8701,30-44,True,Bachelor+,Office/knowledge,Office/knowledge,Male,$100K–$150K,"White, Non-Hispanic",Maintaining records,4.0,3.0,Less time
538,0.929,45-59,True,Bachelor+,Office/knowledge,Office/knowledge,Male,$150K+,"White, Non-Hispanic",Maintaining records,5.0,4.0,Less time
440,0.8829,60+,False,Some college,Office/knowledge,Office/knowledge,Male,$150K+,"White, Non-Hispanic",Maintaining records,3.0,3.0,Same
157,0.9452,30-44,True,Bachelor+,Office/knowledge,Office/knowledge,Female,$50K–$75K,"White, Non-Hispanic",Maintaining records,3.0,3.0,Same
283,1.1015,18-29,True,Bachelor+,Office/knowledge,Office/knowledge,Female,$150K+,"White, Non-Hispanic",Maintaining records,3.0,3.0,Same
137,0.8701,30-44,True,Bachelor+,Healthcare,Care & education,Male,$100K–$150K,"White, Non-Hispanic",Maintaining records,2.0,2.0,Same
628,1.0955,30-44,True,Bachelor+,Office/knowledge,Office/knowledge,Female,$150K+,"Other/2+, Non-Hispanic",Maintaining records,3.0,4.0,More time
826,0.8664,30-44,True,Bachelor+,Office/knowledge,Office/knowledge,Male,$100K–$150K,"White, Non-Hispanic",Maintaining records,6.0,2.0,Not sure/refused
262,0.9259,30-44,True,Bachelor+,Office/knowledge,Office/knowledge,Male,$150K+,"White, Non-Hispanic",Maintaining records,3.0,2.0,Less time
624,0.805,60+,False,High school,Office/knowledge,Office/knowledge,Male,$100K–$150K,"White, Non-Hispanic",Maintaining records,4.0,3.0,Less time
426,0.9412,45-59,True,Bachelor+,Office/knowledge,Office/knowledge,Female,$150K+,"White, Non-Hispanic",Maintaining records,5.0,4.0,Less time
77,1.1469,30-44,False,Less than HS,Office/knowledge,Office/knowledge,Female,Under $25K,Hispanic,Maintaining records,6.0,6.0,Not sure/refused
992,0.9476,30-44,True,Bachelor+,Office/knowledge,Office/knowledge,Male,$100K–$150K,"Black, Non-Hispanic",Maintaining records,1.0,3.0,More time
242,0.9307,30-44,False,High school,Office/knowledge,Office/knowledge,Female,$100K–$150K,"White, Non-Hispanic",Maintaining records,6.0,3.0,Not sure/refused
629,1.261,18-29,False,Some college,Sales/service,Frontline,Female,$50K–$75K,Hispanic,Maintaining records,2.0,2.0,Same
427,1.0272,45-59,True,Bachelor+,Education & social services,Care & education,Male,$150K+,Hispanic,Maintaining records,3.0,1.0,Less time
1001,0.929,45-59,True,Bachelor+,Office/knowledge,Office/knowledge,Male,$150K+,"White, Non-Hispanic",Maintaining records,4.0,3.0,Less time
713,1.2657,30-44,True,Bachelor+,Office/knowledge,Office/knowledge,Female,$150K+,"Other/2+, Non-Hispanic",Maintaining records,3.0,3.0,Same
796,0.908,30-44,False,Some college,Office/knowledge,Office/knowledge,Male,$100K–$150K,"White, Non-Hispanic",Maintaining records,3.0,1.0,Less time
15,0.9259,30-44,True,Bachelor+,Office/knowledge,Office/knowledge,Male,$150K+,"White, Non-Hispanic",Maintaining records,3.0,3.0,Same
1049,0.8701,30-44,True,Bachelor+,Sales/service,Frontline,Male,$100K–$150K,"White, Non-Hispanic",Maintaining records,1.0,2.0,More time
993,1.1203,30-44,False,Less than HS,Sales/service,Frontline,Female,Under $25K,Hispanic,Maintaining records,3.0,3.0,Same
1100,0.9746,30-44,True,Bachelor+,Office/knowledge,Office/knowledge,Female,$150K+,"White, Non-Hispanic",Maintaining records,1.0,1.0,Same
418,0.8515,60+,True,Bachelor+,Office/knowledge,Office/knowledge,Female,$150K+,"White, Non-Hispanic",Maintaining records,3.0,1.0,Less time
839,0.9373,30-44,True,Bachelor+,Education & social services,Care & education,Female,$100K–$150K,"White, Non-Hispanic",Maintaining records,3.0,2.0,Less time
592,1.0578,45-59,True,Bachelor+,Education & social services,Care & education,Female,$150K+,"Black, Non-Hispanic",Maintaining records,2.0,2.0,Same
119,0.9721,60+,False,Some college,Office/knowledge,Office/knowledge,Male,$150K+,Hispanic,Maintaining records,2.0,1.0,Less time
887,1.048,30-44,True,Bachelor+,Office/knowledge,Office/knowledge,Male,$150K+,Hispanic,Maintaining records,1.0,1.0,Same
367,0.8664,30-44,True,Bachelor+,Office/knowledge,Office/knowledge,Male,$100K–$150K,"White, Non-Hispanic",Maintaining records,4.0,4.0,Same
597,1.1083,18-29,True,Bachelor+,Office/knowledge,Office/knowledge,Male,$150K+,Hispanic,Maintaining records,6.0,6.0,Not sure/refused
49,1.0453,30-44,False,Some college,Office/knowledge,Office/knowledge,Female,$100K–$150K,"Other/2+, Non-Hispanic",Maintaining records,1.0,1.0,Same
1027,1.0405,30-44,False,Some college,Office/knowledge,Office/knowledge,Female,$150K+,"White, Non-Hispanic",Maintaining records,6.0,3.0,Not sure/refused
1028,0.9425,45-59,True,Bachelor+,Manual/trades,Frontline,Male,$75K–$100K,"Black, Non-Hispanic",Maintaining records,5.0,5.0,Same
61,0.9516,30-44,True,Bachelor+,Office/knowledge,Office/knowledge,Male,$150K+,"White, Non-Hispanic",Maintaining records,4.0,4.0,Same
215,1.0339,18-29,False,High school,Sales/service,Frontline,Male,$100K–$150K,Hispanic,Maintaining records,4.0,4.0,Same
338,1.0293,45-59,True,Bachelor+,Office/knowledge,Office/knowledge,Female,$150K+,"Black, Non-Hispanic",Maintaining records,1.0,1.0,Same
1077,1.2057,45-59,False,Some college,Healthcare,Care & education,Female,$25K–$50K,"Black, Non-Hispanic",Maintaining records,5.0,5.0,Same
1024,1.2122,18-29,False,High school,,,Male,$25K–$50K,Hispanic,Maintaining records,5.0,2.0,Less time
892,0.9494,30-44,False,Some college,Education & social services,Care & education,Male,Under $25K,Hispanic,Maintaining records,2.0,2.0,Same
604,0.9539,60+,False,Some college,Office/knowledge,Office/knowledge,Female,Under $25K,"Black, Non-Hispanic",Maintaining records,2.0,-1.0,Not sure/refused
93,0.9545,45-59,False,High school,Sales/service,Frontline,Male,$100K–$150K,Hispanic,Maintaining records,6.0,4.0,Not sure/refused
488,1.234,18-29,False,High school,,,Female,$50K–$75K,Hispanic,Maintaining records,5.0,4.0,Less time
1011,0.971,30-44,False,Some college,Sales/service,Frontline,Male,Under $25K,"White, Non-Hispanic",Maintaining records,2.0,1.0,Less time
252,1.4599,18-29,False,High school,Office/knowledge,Office/knowledge,Female,$150K+,"Other/2+, Non-Hispanic",Maintaining records,6.0,6.0,Not sure/refused
1079,1.0454,18-29,False,Some college,Manual/trades,Frontline,Male,$150K+,"White, Non-Hispanic",Maintaining records,2.0,2.0,Same
87,1.0871,45-59,False,High school,Office/knowledge,Office/knowledge,Female,$150K+,Hispanic,Maintaining records,2.0,1.0,Less time
23,1.0121,45-59,True,Bachelor+,Office/knowledge,Office/knowledge,Male,$150K+,"Other/2+, Non-Hispanic",Maintaining records,2.0,2.0,Same
209,0.9746,30-44,True,Bachelor+,Education & social services,Care & education,Female,$150K+,"White, Non-Hispanic",Maintaining records,4.0,4.0,Same
432,1.0481,30-44,False,High school,Sales/service,Frontline,Female,Under $25K,"Black, Non-Hispanic",Maintaining records,4.0,3.0,Less time
859,0.8235,60+,True,Bachelor+,Office/knowledge,Office/knowledge,Male,$150K+,"White, Non-Hispanic",Maintaining records,2.0,2.0,Same
54,1.0538,45-59,True,Bachelor+,Office/knowledge,Office/knowledge,Female,$150K+,"Other/2+, Non-Hispanic",Maintaining records,5.0,1.0,Less time
102,0.9955,45-59,False,High school,Manual/trades,Frontline,Male,$75K–$100K,Hispanic,Maintaining records,3.0,3.0,Same
526,1.0418,18-29,False,High school,Office/knowledge,Office/knowledge,Male,$75K–$100K,"Black, Non-Hispanic",Maintaining records,2.0,2.0,Same
55,0.9854,30-44,False,Less than HS,Office/knowledge,Office/knowledge,Male,Under $25K,"White, Non-Hispanic",Maintaining records,4.0,4.0,Same
107,0.9471,45-59,True,Bachelor+,Office/knowledge,Office/knowledge,Male,$100K–$150K,"Other/2+, Non-Hispanic",Maintaining records,3.0,3.0,Same
47,0.8625,60+,False,High school,Office/knowledge,Office/knowledge,Female,$50K–$75K,"White, Non-Hispanic",Maintaining records,3.0,3.0,Same
175,0.9439,60+,False,High school,Manual/trades,Frontline,Male,$25K–$50K,"White, Non-Hispanic",Maintaining records,4.0,3.0,Less time
323,0.9464,30-44,False,Some college,Office/knowledge,Office/knowledge,Male,$75K–$100K,"White, Non-Hispanic",Maintaining records,5.0,3.0,Less time
232,0.9651,45-59,False,Some college,Manual/trades,Frontline,Male,$150K+,"White, Non-Hispanic",Maintaining records,4.0,2.0,Less time
139,1.1704,18-29,False,Some college,Sales/service,Frontline,Male,$150K+,"Black, Non-Hispanic",Maintaining records,3.0,1.0,Less time
1061,0.9163,18-29,True,Bachelor+,Office/knowledge,Office/knowledge,Male,$100K–$150K,"White, Non-Hispanic",Maintaining records,4.0,2.0,Less time
548,1.1559,18-29,False,Some college,Office/knowledge,Office/knowledge,Male,$150K+,Hispanic,Maintaining records,3.0,5.0,More time
65,1.2545,18-29,False,Some college,Manual/trades,Frontline,Male,$25K–$50K,"Other/2+, Non-Hispanic",Maintaining records,2.0,4.0,More time
730,0.904,45-59,True,Bachelor+,Sales/service,Frontline,Male,$150K+,"White, Non-Hispanic",Maintaining records,3.0,2.0,Less time
897,1.0223,18-29,False,Less than HS,Healthcare,Care & education,Male,Under $25K,"White, Non-Hispanic",Maintaining records,1.0,1.0,Same
17,1.0367,30-44,True,Bachelor+,Office/knowledge,Office/knowledge,Male,$150K+,"Other/2+, Non-Hispanic",Maintaining records,3.0,3.0,Same
122,1.2525,18-29,False,Some college,Healthcare,Care & education,Female,$50K–$75K,"Black, Non-Hispanic",Maintaining records,3.0,4.0,More time
1003,0.8123,60+,True,Bachelor+,Office/knowledge,Office/knowledge,Female,$100K–$150K,"White, Non-Hispanic",Developing policies/processes,6.0,6.0,Not sure/refused
155,0.904,45-59,True,Bachelor+,Office/knowledge,Office/knowledge,Male,$150K+,"White, Non-Hispanic",Developing policies/processes,6.0,2.0,Not sure/refused
1098,1.0535,30-44,False,High school,Office/knowledge,Office/knowledge,Female,$100K–$150K,Hispanic,Developing policies/processes,3.0,2.0,Less time
241,0.9479,30-44,True,Bachelor+,Office/knowledge,Office/knowledge,Male,$150K+,"White, Non-Hispanic",Developing policies/processes,2.0,1.0,Less time
411,0.8463,60+,True,Bachelor+,Manual/trades,Frontline,Male,$150K+,"White, Non-Hispanic",Developing policies/processes,3.0,2.0,Less time
812,0.9007,60+,True,Bachelor+,Office/knowledge,Office/knowledge,Male,$150K+,"Other/2+, Non-Hispanic",Developing policies/processes,2.0,4.0,More time
1053,0.8084,60+,True,Bachelor+,Education & social services,Care & education,Female,$75K–$100K,"White, Non-Hispanic",Developing policies/processes,3.0,3.0,Same
643,0.9977,30-44,True,Bachelor+,Education & social services,Care & education,Female,$150K+,"White, Non-Hispanic",Developing policies/processes,1.0,1.0,Same
904,1.1228,30-44,False,Some college,Healthcare,Care & education,Female,$75K–$100K,Hispanic,Developing policies/processes,2.0,1.0,Less time
832,0.9516,30-44,True,Bachelor+,Office/knowledge,Office/knowledge,Male,$150K+,"White, Non-Hispanic",Developing policies/processes,2.0,2.0,Same
408,0.9479,30-44,True,Bachelor+,Office/knowledge,Office/knowledge,Male,$150K+,"White, Non-Hispanic",Developing policies/processes,2.0,3.0,More time
196,1.0912,30-44,True,Bachelor+,Office/knowledge,Office/knowledge,Female,$150K+,"Other/2+, Non-Hispanic",Developing policies/processes,6.0,1.0,Not sure/refused
723,0.9035,60+,False,Some college,Office/knowledge,Office/knowledge,Male,$100K–$150K,"Black, Non-Hispanic",Developing policies/processes,1.0,1.0,Same
1104,0.9053,60+,False,Some college,Office/knowledge,Office/knowledge,Female,$150K+,"White, Non-Hispanic",Developing policies/processes,2.0,2.0,Same
6,0.8864,30-44,True,Bachelor+,Education & social services,Care & education,Male,$75K–$100K,"White, Non-Hispanic",Developing policies/processes,1.0,1.0,Same
870,0.863,60+,False,Some college,Office/knowledge,Office/knowledge,Male,$150K+,"White, Non-Hispanic",Developing policies/processes,2.0,2.0,Same
114,1.0084,30-44,True,Bachelor+,Office/knowledge,Office/knowledge,Female,$100K–$150K,Hispanic,Developing policies/processes,1.0,2.0,More time
882,0.9516,30-44,True,Bachelor+,Office/knowledge,Office/knowledge,Male,$150K+,"White, Non-Hispanic",Developing policies/processes,3.0,2.0,Less time
458,0.9619,45-59,False,Some college,Office/knowledge,Office/knowledge,Female,$75K–$100K,"White, Non-Hispanic",Developing policies/processes,1.0,1.0,Same
147,0.929,45-59,True,Bachelor+,Office/knowledge,Office/knowledge,Male,$150K+,"White, Non-Hispanic",Developing policies/processes,2.0,2.0,Same
193,0.9807,30-44,True,Bachelor+,Office/knowledge,Office/knowledge,Male,$100K–$150K,Hispanic,Developing policies/processes,2.0,3.0,More time
144,0.904,45-59,True,Bachelor+,Office/knowledge,Office/knowledge,Male,$150K+,"White, Non-Hispanic",Developing policies/processes,3.0,2.0,Less time
712,0.8701,30-44,True,Bachelor+,Office/knowledge,Office/knowledge,Male,$100K–$150K,"White, Non-Hispanic",Developing policies/processes,3.0,4.0,More time
538,0.929,45-59,True,Bachelor+,Office/knowledge,Office/knowledge,Male,$150K+,"White, Non-Hispanic",Developing policies/processes,5.0,3.0,Less time
490,1.0016,30-44,True,Bachelor+,Office/knowledge,Office/knowledge,Female,$150K+,"White, Non-Hispanic",Developing policies/processes,7.0,3.0,New task
879,1.1211,45-59,False,High school,Education & social services,Care & education,Male,$100K–$150K,"Other/2+, Non-Hispanic",Developing policies/processes,2.0,2.0,Same
342,0.887,30-44,True,Bachelor+,Office/knowledge,Office/knowledge,Male,$100K–$150K,"White, Non-Hispanic",Developing policies/processes,3.0,3.0,Same
62,0.9549,30-44,True,Bachelor+,Office/knowledge,Office/knowledge,Female,$75K–$100K,"White, Non-Hispanic",Developing policies/processes,6.0,3.0,Not sure/refused
96,0.9018,30-44,True,Bachelor+,Office/knowledge,Office/knowledge,Male,$50K–$75K,"White, Non-Hispanic",Developing policies/processes,1.0,1.0,Same
826,0.8664,30-44,True,Bachelor+,Office/knowledge,Office/knowledge,Male,$100K–$150K,"White, Non-Hispanic",Developing policies/processes,6.0,3.0,Not sure/refused
967,0.9259,30-44,True,Bachelor+,Office/knowledge,Office/knowledge,Male,$150K+,"White, Non-Hispanic",Developing policies/processes,2.0,1.0,Less time
263,0.9476,30-44,True,Bachelor+,Office/knowledge,Office/knowledge,Male,$100K–$150K,"Black, Non-Hispanic",Developing policies/processes,4.0,3.0,Less time
282,0.9479,30-44,True,Bachelor+,Office/knowledge,Office/knowledge,Male,$150K+,"White, Non-Hispanic",Developing policies/processes,2.0,1.0,Less time
262,0.9259,30-44,True,Bachelor+,Office/knowledge,Office/knowledge,Male,$150K+,"White, Non-Hispanic",Developing policies/processes,3.0,2.0,Less time
69,0.9254,45-59,True,Bachelor+,Office/knowledge,Office/knowledge,Male,$150K+,"White, Non-Hispanic",Developing policies/processes,4.0,3.0,Less time
624,0.805,60+,False,High school,Office/knowledge,Office/knowledge,Male,$100K–$150K,"White, Non-Hispanic",Developing policies/processes,3.0,3.0,Same
426,0.9412,45-59,True,Bachelor+,Office/knowledge,Office/knowledge,Female,$150K+,"White, Non-Hispanic",Developing policies/processes,5.0,4.0,Less time
992,0.9476,30-44,True,Bachelor+,Office/knowledge,Office/knowledge,Male,$100K–$150K,"Black, Non-Hispanic",Developing policies/processes,1.0,1.0,Same
328,0.9259,30-44,True,Bachelor+,Office/knowledge,Office/knowledge,Male,$150K+,"White, Non-Hispanic",Developing policies/processes,1.0,1.0,Same
957,0.9412,45-59,True,Bachelor+,Office/knowledge,Office/knowledge,Female,$150K+,"White, Non-Hispanic",Developing policies/processes,3.0,4.0,More time
989,0.9254,45-59,True,Bachelor+,Office/knowledge,Office/knowledge,Male,$150K+,"White, Non-Hispanic",Developing policies/processes,2.0,3.0,More time
67,0.8827,30-44,True,Bachelor+,Office/knowledge,Office/knowledge,Male,$75K–$100K,"White, Non-Hispanic",Developing policies/processes,2.0,2.0,Same
187,1.0683,18-29,True,Bachelor+,Office/knowledge,Office/knowledge,Female,$50K–$75K,"White, Non-Hispanic",Developing policies/processes,7.0,6.0,New task
407,0.9451,45-59,True,Bachelor+,Education & social services,Care & education,Female,$150K+,"White, Non-Hispanic",Developing policies/processes,2.0,2.0,Same
1001,0.929,45-59,True,Bachelor+,Office/knowledge,Office/knowledge,Male,$150K+,"White, Non-Hispanic",Developing policies/processes,3.0,3.0,Same
284,0.843,60+,True,Bachelor+,Manual/trades,Frontline,Male,$150K+,"White, Non-Hispanic",Developing policies/processes,1.0,2.0,More time
889,0.9156,45-59,False,High school,Office/knowledge,Office/knowledge,Female,$75K–$100K,"White, Non-Hispanic",Developing policies/processes,2.0,2.0,Same
794,0.9635,45-59,True,Bachelor+,Education & social services,Care & education,Female,$150K+,"White, Non-Hispanic",Developing policies/processes,6.0,1.0,Not sure/refused
713,1.2657,30-44,True,Bachelor+,Office/knowledge,Office/knowledge,Female,$150K+,"Other/2+, Non-Hispanic",Developing policies/processes,4.0,5.0,More time
796,0.908,30-44,False,Some college,Office/knowledge,Office/knowledge,Male,$100K–$150K,"White, Non-Hispanic",Developing policies/processes,3.0,1.0,Less time
1049,0.8701,30-44,True,Bachelor+,Sales/service,Frontline,Male,$100K–$150K,"White, Non-Hispanic",Developing policies/processes,1.0,2.0,More time
1025,0.8463,60+,True,Bachelor+,Education & social services,Care & education,Male,$150K+,"White, Non-Hispanic",Developing policies/processes,3.0,3.0,Same
1100,0.9746,30-44,True,Bachelor+,Office/knowledge,Office/knowledge,Female,$150K+,"White, Non-Hispanic",Developing policies/processes,3.0,1.0,Less time
418,0.8515,60+,True,Bachelor+,Office/knowledge,Office/knowledge,Female,$150K+,"White, Non-Hispanic",Developing policies/processes,2.0,1.0,Less time
88,0.9078,45-59,True,Bachelor+,Office/knowledge,Office/knowledge,Male,$150K+,"White, Non-Hispanic",Developing policies/processes,1.0,1.0,Same
585,0.958,30-44,True,Bachelor+,Office/knowledge,Office/knowledge,Male,$100K–$150K,Hispanic,Developing policies/processes,1.0,2.0,More time
135,1.2104,30-44,True,Bachelor+,,,Female,$25K–$50K,Hispanic,Developing policies/processes,-1.0,1.0,Not sure/refused
119,0.9721,60+,False,Some college,Office/knowledge,Office/knowledge,Male,$150K+,Hispanic,Developing policies/processes,2.0,2.0,Same
1094,1.0294,45-59,True,Bachelor+,Office/knowledge,Office/knowledge,Female,$150K+,"Other/2+, Non-Hispanic",Developing policies/processes,4.0,4.0,Same
82,1.4111,18-29,False,Some college,Healthcare,Care & education,Female,$25K–$50K,"Black, Non-Hispanic",Developing policies/processes,2.0,1.0,Less time
1030,0.9451,45-59,True,Bachelor+,Office/knowledge,Office/knowledge,Female,$150K+,"White, Non-Hispanic",Developing policies/processes,6.0,3.0,Not sure/refused
514,1.0276,30-44,False,Some college,Office/knowledge,Office/knowledge,Male,$100K–$150K,"White, Non-Hispanic",Developing policies/processes,4.0,2.0,Less time
597,1.1083,18-29,True,Bachelor+,Office/knowledge,Office/knowledge,Male,$150K+,Hispanic,Developing policies/processes,6.0,4.0,Not sure/refused
333,0.9412,45-59,True,Bachelor+,Office/knowledge,Office/knowledge,Female,$150K+,"White, Non-Hispanic",Developing policies/processes,2.0,2.0,Same
341,0.9451,45-59,True,Bachelor+,Education & social services,Care & education,Female,$150K+,"White, Non-Hispanic",Developing policies/processes,4.0,2.0,Less time
424,0.9016,45-59,True,Bachelor+,Office/knowledge,Office/knowledge,Female,$100K–$150K,"White, Non-Hispanic",Developing policies/processes,2.0,2.0,Same
1027,1.0405,30-44,False,Some college,Office/knowledge,Office/knowledge,Female,$150K+,"White, Non-Hispanic",Developing policies/processes,6.0,2.0,Not sure/refused
529,1.2485,30-44,False,Some college,Office/knowledge,Office/knowledge,Female,$25K–$50K,"Black, Non-Hispanic",Developing policies/processes,3.0,2.0,Less time
867,0.9271,18-29,True,Bachelor+,Office/knowledge,Office/knowledge,Male,$75K–$100K,"White, Non-Hispanic",Developing policies/processes,2.0,3.0,More time
1015,1.0848,45-59,True,Bachelor+,,,Male,$25K–$50K,"Other/2+, Non-Hispanic",Developing policies/processes,7.0,5.0,New task
215,1.0339,18-29,False,High school,Sales/service,Frontline,Male,$100K–$150K,Hispanic,Developing policies/processes,3.0,4.0,More time
164,0.976,30-44,True,Bachelor+,Office/knowledge,Office/knowledge,Male,$75K–$100K,Hispanic,Developing policies/processes,2.0,1.0,Less time
555,0.9159,30-44,True,Bachelor+,Education & social services,Care & education,Female,$100K–$150K,"White, Non-Hispanic",Developing policies/processes,2.0,2.0,Same
515,1.1926,18-29,False,Less than HS,Office/knowledge,Office/knowledge,Male,$150K+,"Other/2+, Non-Hispanic",Developing policies/processes,2.0,1.0,Less time
892,0.9494,30-44,False,Some college,Education & social services,Care & education,Male,Under $25K,Hispanic,Developing policies/processes,2.0,2.0,Same
635,0.9993,18-29,False,High school,Office/knowledge,Office/knowledge,Male,$150K+,"White, Non-Hispanic",Developing policies/processes,2.0,3.0,More time
381,0.9163,18-29,True,Bachelor+,Office/knowledge,Office/knowledge,Male,$100K–$150K,"White, Non-Hispanic",Developing policies/processes,2.0,2.0,Same
489,1.1073,18-29,False,Some college,Sales/service,Frontline,Male,$100K–$150K,Hispanic,Developing policies/processes,3.0,2.0,Less time
19,0.904,45-59,True,Bachelor+,Office/knowledge,Office/knowledge,Male,$150K+,"White, Non-Hispanic",Developing policies/processes,2.0,2.0,Same
252,1.4599,18-29,False,High school,Office/knowledge,Office/knowledge,Female,$150K+,"Other/2+, Non-Hispanic",Developing policies/processes,6.0,6.0,Not sure/refused
1079,1.0454,18-29,False,Some college,Manual/trades,Frontline,Male,$150K+,"White, Non-Hispanic",Developing policies/processes,2.0,2.0,Same
87,1.0871,45-59,False,High school,Office/knowledge,Office/knowledge,Female,$150K+,Hispanic,Developing policies/processes,2.0,1.0,Less time
23,1.0121,45-59,True,Bachelor+,Office/knowledge,Office/knowledge,Male,$150K+,"Other/2+, Non-Hispanic",Developing policies/processes,2.0,3.0,More time
982,1.0449,30-44,False,Some college,Office/knowledge,Office/knowledge,Female,$150K+,"White, Non-Hispanic",Developing policies/processes,2.0,2.0,Same
722,0.9738,45-59,True,Bachelor+,Office/knowledge,Office/knowledge,Female,$100K–$150K,Hispanic,Developing policies/processes,3.0,3.0,Same
543,0.9672,45-59,True,Bachelor+,Office/knowledge,Office/knowledge,Female,$150K+,"White, Non-Hispanic",Developing policies/processes,4.0,3.0,Less time
977,1.0998,18-29,True,Bachelor+,Office/knowledge,Office/knowledge,Male,$25K–$50K,"White, Non-Hispanic",Developing policies/processes,1.0,1.0,Same
107,0.9471,45-59,True,Bachelor+,Office/knowledge,Office/knowledge,Male,$100K–$150K,"Other/2+, Non-Hispanic",Developing policies/processes,4.0,2.0,Less time
350,1.2333,18-29,True,Bachelor+,Office/knowledge,Office/knowledge,Female,$150K+,"Other/2+, Non-Hispanic",Developing policies/processes,5.0,4.0,Less time
100,0.9919,45-59,False,Some college,Office/knowledge,Office/knowledge,Male,$150K+,"White, Non-Hispanic",Developing policies/processes,3.0,2.0,Less time
470,0.9289,30-44,False,Some college,Office/knowledge,Office/knowledge,Male,$100K–$150K,"White, Non-Hispanic",Developing policies/processes,2.0,1.0,Less time
323,0.9464,30-44,False,Some college,Office/knowledge,Office/knowledge,Male,$75K–$100K,"White, Non-Hispanic",Developing policies/processes,5.0,3.0,Less time
865,0.9046,45-59,False,High school,Sales/service,Frontline,Female,Under $25K,"White, Non-Hispanic",Developing policies/processes,1.0,6.0,Not sure/refused
816,0.8422,60+,False,Some college,Office/knowledge,Office/knowledge,Male,$100K–$150K,"White, Non-Hispanic",Developing policies/processes,2.0,2.0,Same
232,0.9651,45-59,False,Some college,Manual/trades,Frontline,Male,$150K+,"White, Non-Hispanic",Developing policies/processes,5.0,3.0,Less time
370,1.0054,30-44,True,Bachelor+,Office/knowledge,Office/knowledge,Male,$50K–$75K,"Other/2+, Non-Hispanic",Developing policies/processes,2.0,1.0,Less time
873,1.037,30-44,False,High school,,,Female,$75K–$100K,"Black, Non-Hispanic",Developing policies/processes,3.0,2.0,Less time
566,1.0327,45-59,False,Some college,Office/knowledge,Office/knowledge,Female,$150K+,"White, Non-Hispanic",Developing policies/processes,3.0,3.0,Same
65,1.2545,18-29,False,Some college,Manual/trades,Frontline,Male,$25K–$50K,"Other/2+, Non-Hispanic",Developing policies/processes,4.0,3.0,Less time
545,0.9259,30-44,True,Bachelor+,Office/knowledge,Office/knowledge,Male,$150K+,"White, Non-Hispanic",Developing policies/processes,3.0,3.0,Same
52,0.9787,30-44,True,Bachelor+,Office/knowledge,Office/knowledge,Female,$150K+,"White, Non-Hispanic",Developing policies/processes,3.0,2.0,Less time
91,1.0983,45-59,True,Bachelor+,Office/knowledge,Office/knowledge,Male,$150K+,"Other/2+, Non-Hispanic",Reading documents,4.0,5.0,More time
1003,0.8123,60+,True,Bachelor+,Office/knowledge,Office/knowledge,Female,$100K–$150K,"White, Non-Hispanic",Reading documents,6.0,6.0,Not sure/refused
1098,1.0535,30-44,False,High school,Office/knowledge,Office/knowledge,Female,$100K–$150K,Hispanic,Reading documents,2.0,5.0,More time
400,0.9298,30-44,True,Bachelor+,Education & social services,Care & education,Male,$150K+,"White, Non-Hispanic",Reading documents,1.0,1.0,Same
600,0.8737,45-59,False,Some college,Office/knowledge,Office/knowledge,Male,$150K+,"White, Non-Hispanic",Reading documents,2.0,1.0,Less time
1053,0.8084,60+,True,Bachelor+,Education & social services,Care & education,Female,$75K–$100K,"White, Non-Hispanic",Reading documents,4.0,3.0,Less time
643,0.9977,30-44,True,Bachelor+,Education & social services,Care & education,Female,$150K+,"White, Non-Hispanic",Reading documents,2.0,2.0,Same
789,0.9787,30-44,True,Bachelor+,Office/knowledge,Office/knowledge,Female,$150K+,"White, Non-Hispanic",Reading documents,1.0,2.0,More time
584,0.8627,60+,True,Bachelor+,Office/knowledge,Office/knowledge,Male,$100K–$150K,"Black, Non-Hispanic",Reading documents,3.0,1.0,Less time
832,0.9516,30-44,True,Bachelor+,Office/knowledge,Office/knowledge,Male,$150K+,"White, Non-Hispanic",Reading documents,2.0,3.0,More time
723,0.9035,60+,False,Some college,Office/knowledge,Office/knowledge,Male,$100K–$150K,"Black, Non-Hispanic",Reading documents,1.0,1.0,Same
114,1.0084,30-44,True,Bachelor+,Office/knowledge,Office/knowledge,Female,$100K–$150K,Hispanic,Reading documents,1.0,2.0,More time
147,0.929,45-59,True,Bachelor+,Office/knowledge,Office/knowledge,Male,$150K+,"White, Non-Hispanic",Reading documents,2.0,3.0,More time
193,0.9807,30-44,True,Bachelor+,Office/knowledge,Office/knowledge,Male,$100K–$150K,Hispanic,Reading documents,3.0,4.0,More time
98,1.0361,45-59,False,High school,Healthcare,Care & education,Male,$25K–$50K,"White, Non-Hispanic",Reading documents,3.0,1.0,Less time
712,0.8701,30-44,True,Bachelor+,Office/knowledge,Office/knowledge,Male,$100K–$150K,"White, Non-Hispanic",Reading documents,4.0,4.0,Same
538,0.929,45-59,True,Bachelor+,Office/knowledge,Office/knowledge,Male,$150K+,"White, Non-Hispanic",Reading documents,5.0,4.0,Less time
157,0.9452,30-44,True,Bachelor+,Office/knowledge,Office/knowledge,Female,$50K–$75K,"White, Non-Hispanic",Reading documents,3.0,1.0,Less time
490,1.0016,30-44,True,Bachelor+,Office/knowledge,Office/knowledge,Female,$150K+,"White, Non-Hispanic",Reading documents,7.0,3.0,New task
879,1.1211,45-59,False,High school,Education & social services,Care & education,Male,$100K–$150K,"Other/2+, Non-Hispanic",Reading documents,2.0,2.0,Same
60,0.843,60+,True,Bachelor+,Office/knowledge,Office/knowledge,Male,$150K+,"White, Non-Hispanic",Reading documents,2.0,1.0,Less time
491,0.8701,30-44,True,Bachelor+,Office/knowledge,Office/knowledge,Male,$100K–$150K,"White, Non-Hispanic",Reading documents,4.0,4.0,Same
582,0.9259,30-44,True,Bachelor+,,,Male,$150K+,"White, Non-Hispanic",Reading documents,4.0,4.0,Same
283,1.1015,18-29,True,Bachelor+,Office/knowledge,Office/knowledge,Female,$150K+,"White, Non-Hispanic",Reading documents,3.0,2.0,Less time
975,0.9259,30-44,True,Bachelor+,Office/knowledge,Office/knowledge,Male,$150K+,"White, Non-Hispanic",Reading documents,6.0,1.0,Not sure/refused
62,0.9549,30-44,True,Bachelor+,Office/knowledge,Office/knowledge,Female,$75K–$100K,"White, Non-Hispanic",Reading documents,6.0,3.0,Not sure/refused
96,0.9018,30-44,True,Bachelor+,Office/knowledge,Office/knowledge,Male,$50K–$75K,"White, Non-Hispanic",Reading documents,1.0,1.0,Same
628,1.0955,30-44,True,Bachelor+,Office/knowledge,Office/knowledge,Female,$150K+,"Other/2+, Non-Hispanic",Reading documents,2.0,3.0,More time
22,0.8083,60+,True,Bachelor+,Healthcare,Care & education,Male,$150K+,"White, Non-Hispanic",Reading documents,3.0,3.0,Same
671,0.9516,30-44,True,Bachelor+,Office/knowledge,Office/knowledge,Male,$150K+,"White, Non-Hispanic",Reading documents,4.0,4.0,Same
39,0.8269,60+,True,Bachelor+,Office/knowledge,Office/knowledge,Male,$150K+,"White, Non-Hispanic",Reading documents,1.0,1.0,Same
282,0.9479,30-44,True,Bachelor+,Office/knowledge,Office/knowledge,Male,$150K+,"White, Non-Hispanic",Reading documents,2.0,1.0,Less time
262,0.9259,30-44,True,Bachelor+,Office/knowledge,Office/knowledge,Male,$150K+,"White, Non-Hispanic",Reading documents,3.0,2.0,Less time
624,0.805,60+,False,High school,Office/knowledge,Office/knowledge,Male,$100K–$150K,"White, Non-Hispanic",Reading documents,3.0,4.0,More time
426,0.9412,45-59,True,Bachelor+,Office/knowledge,Office/knowledge,Female,$150K+,"White, Non-Hispanic",Reading documents,5.0,5.0,Same
77,1.1469,30-44,False,Less than HS,Office/knowledge,Office/knowledge,Female,Under $25K,Hispanic,Reading documents,6.0,2.0,Not sure/refused
133,0.929,45-59,True,Bachelor+,Sales/service,Frontline,Male,$150K+,"White, Non-Hispanic",Reading documents,4.0,4.0,Same
292,0.929,45-59,True,Bachelor+,Office/knowledge,Office/knowledge,Male,$150K+,"White, Non-Hispanic",Reading documents,4.0,2.0,Less time
957,0.9412,45-59,True,Bachelor+,Office/knowledge,Office/knowledge,Female,$150K+,"White, Non-Hispanic",Reading documents,4.0,3.0,Less time
989,0.9254,45-59,True,Bachelor+,Office/knowledge,Office/knowledge,Male,$150K+,"White, Non-Hispanic",Reading documents,2.0,1.0,Less time
407,0.9451,45-59,True,Bachelor+,Education & social services,Care & education,Female,$150K+,"White, Non-Hispanic",Reading documents,3.0,3.0,Same
547,0.8235,60+,True,Bachelor+,Office/knowledge,Office/knowledge,Male,$150K+,"White, Non-Hispanic",Reading documents,5.0,5.0,Same
1001,0.929,45-59,True,Bachelor+,Office/knowledge,Office/knowledge,Male,$150K+,"White, Non-Hispanic",Reading documents,4.0,3.0,Less time
471,0.9347,45-59,True,Bachelor+,Office/knowledge,Office/knowledge,Female,$150K+,"White, Non-Hispanic",Reading documents,3.0,2.0,Less time
441,0.8471,60+,False,Some college,Office/knowledge,Office/knowledge,Female,$100K–$150K,"White, Non-Hispanic",Reading documents,1.0,1.0,Same
713,1.2657,30-44,True,Bachelor+,Office/knowledge,Office/knowledge,Female,$150K+,"Other/2+, Non-Hispanic",Reading documents,4.0,4.0,Same
302,0.7919,60+,True,Bachelor+,Office/knowledge,Office/knowledge,Male,$100K–$150K,"White, Non-Hispanic",Reading documents,3.0,3.0,Same
796,0.908,30-44,False,Some college,Office/knowledge,Office/knowledge,Male,$100K–$150K,"White, Non-Hispanic",Reading documents,3.0,1.0,Less time
24,1.3863,18-29,False,High school,Sales/service,Frontline,Female,$25K–$50K,"Other/2+, Non-Hispanic",Reading documents,2.0,2.0,Same
225,0.9524,60+,True,Bachelor+,Office/knowledge,Office/knowledge,Female,$25K–$50K,"White, Non-Hispanic",Reading documents,2.0,2.0,Same
602,0.9036,30-44,True,Bachelor+,Office/knowledge,Office/knowledge,Male,$75K–$100K,"White, Non-Hispanic",Reading documents,3.0,2.0,Less time
1049,0.8701,30-44,True,Bachelor+,Sales/service,Frontline,Male,$100K–$150K,"White, Non-Hispanic",Reading documents,1.0,2.0,More time
574,1.2657,30-44,True,Bachelor+,Office/knowledge,Office/knowledge,Female,$150K+,"Other/2+, Non-Hispanic",Reading documents,5.0,4.0,Less time
1025,0.8463,60+,True,Bachelor+,Education & social services,Care & education,Male,$150K+,"White, Non-Hispanic",Reading documents,3.0,4.0,More time
1100,0.9746,30-44,True,Bachelor+,Office/knowledge,Office/knowledge,Female,$150K+,"White, Non-Hispanic",Reading documents,2.0,1.0,Less time
598,0.9632,45-59,True,Bachelor+,Education & social services,Care & education,Female,$100K–$150K,"Black, Non-Hispanic",Reading documents,3.0,2.0,Less time
585,0.958,30-44,True,Bachelor+,Office/knowledge,Office/knowledge,Male,$100K–$150K,Hispanic,Reading documents,2.0,2.0,Same
839,0.9373,30-44,True,Bachelor+,Education & social services,Care & education,Female,$100K–$150K,"White, Non-Hispanic",Reading documents,3.0,3.0,Same
135,1.2104,30-44,True,Bachelor+,,,Female,$25K–$50K,Hispanic,Reading documents,1.0,1.0,Same
592,1.0578,45-59,True,Bachelor+,Education & social services,Care & education,Female,$150K+,"Black, Non-Hispanic",Reading documents,2.0,2.0,Same
119,0.9721,60+,False,Some college,Office/knowledge,Office/knowledge,Male,$150K+,Hispanic,Reading documents,1.0,1.0,Same
954,0.9833,18-29,True,Bachelor+,Healthcare,Care & education,Male,$150K+,"White, Non-Hispanic",Reading documents,2.0,3.0,More time
1030,0.9451,45-59,True,Bachelor+,Office/knowledge,Office/knowledge,Female,$150K+,"White, Non-Hispanic",Reading documents,6.0,4.0,Not sure/refused
887,1.048,30-44,True,Bachelor+,Office/knowledge,Office/knowledge,Male,$150K+,Hispanic,Reading documents,2.0,2.0,Same
367,0.8664,30-44,True,Bachelor+,Office/knowledge,Office/knowledge,Male,$100K–$150K,"White, Non-Hispanic",Reading documents,5.0,4.0,Less time
597,1.1083,18-29,True,Bachelor+,Office/knowledge,Office/knowledge,Male,$150K+,Hispanic,Reading documents,6.0,3.0,Not sure/refused
333,0.9412,45-59,True,Bachelor+,Office/knowledge,Office/knowledge,Female,$150K+,"White, Non-Hispanic",Reading documents,2.0,2.0,Same
1027,1.0405,30-44,False,Some college,Office/knowledge,Office/knowledge,Female,$150K+,"White, Non-Hispanic",Reading documents,6.0,2.0,Not sure/refused
1087,1.0545,18-29,True,Bachelor+,Office/knowledge,Office/knowledge,Female,$75K–$100K,"White, Non-Hispanic",Reading documents,2.0,2.0,Same
701,1.0699,30-44,True,Bachelor+,Education & social services,Care & education,Female,$50K–$75K,Hispanic,Reading documents,1.0,2.0,More time
61,0.9516,30-44,True,Bachelor+,Office/knowledge,Office/knowledge,Male,$150K+,"White, Non-Hispanic",Reading documents,3.0,3.0,Same
257,0.9254,45-59,True,Bachelor+,Office/knowledge,Office/knowledge,Male,$150K+,"White, Non-Hispanic",Reading documents,3.0,3.0,Same
867,0.9271,18-29,True,Bachelor+,Office/knowledge,Office/knowledge,Male,$75K–$100K,"White, Non-Hispanic",Reading documents,2.0,2.0,Same
215,1.0339,18-29,False,High school,Sales/service,Frontline,Male,$100K–$150K,Hispanic,Reading documents,5.0,5.0,Same
405,0.7676,60+,True,Bachelor+,Education & social services,Care & education,Female,$150K+,"White, Non-Hispanic",Reading documents,3.0,2.0,Less time
338,1.0293,45-59,True,Bachelor+,Office/knowledge,Office/knowledge,Female,$150K+,"Black, Non-Hispanic",Reading documents,1.0,1.0,Same
1077,1.2057,45-59,False,Some college,Healthcare,Care & education,Female,$25K–$50K,"Black, Non-Hispanic",Reading documents,5.0,5.0,Same
1024,1.2122,18-29,False,High school,,,Male,$25K–$50K,Hispanic,Reading documents,5.0,2.0,Less time
164,0.976,30-44,True,Bachelor+,Office/knowledge,Office/knowledge,Male,$75K–$100K,Hispanic,Reading documents,1.0,1.0,Same
555,0.9159,30-44,True,Bachelor+,Education & social services,Care & education,Female,$100K–$150K,"White, Non-Hispanic",Reading documents,3.0,2.0,Less time
642,0.9374,18-29,True,Bachelor+,Office/knowledge,Office/knowledge,Male,$75K–$100K,"White, Non-Hispanic",Reading documents,2.0,3.0,More time
18,1.012,30-44,False,Some college,Office/knowledge,Office/knowledge,Male,$150K+,"White, Non-Hispanic",Reading documents,4.0,3.0,Less time
912,1.0955,30-44,True,Bachelor+,Office/knowledge,Office/knowledge,Female,$150K+,"Other/2+, Non-Hispanic",Reading documents,5.0,2.0,Less time
116,1.238,18-29,True,Bachelor+,Office/knowledge,Office/knowledge,Female,$150K+,"Black, Non-Hispanic",Reading documents,5.0,3.0,Less time
466,1.0963,18-29,True,Bachelor+,Healthcare,Care & education,Male,$150K+,"Other/2+, Non-Hispanic",Reading documents,3.0,3.0,Same
332,1.3489,18-29,False,High school,Education & social services,Care & education,Female,$25K–$50K,"Other/2+, Non-Hispanic",Reading documents,3.0,4.0,More time
892,0.9494,30-44,False,Some college,Education & social services,Care & education,Male,Under $25K,Hispanic,Reading documents,2.0,2.0,Same
66,1.0293,45-59,True,Bachelor+,Office/knowledge,Office/knowledge,Female,$150K+,"Black, Non-Hispanic",Reading documents,1.0,3.0,More time
604,0.9539,60+,False,Some college,Office/knowledge,Office/knowledge,Female,Under $25K,"Black, Non-Hispanic",Reading documents,3.0,2.0,Less time
635,0.9993,18-29,False,High school,Office/knowledge,Office/knowledge,Male,$150K+,"White, Non-Hispanic",Reading documents,3.0,2.0,Less time
381,0.9163,18-29,True,Bachelor+,Office/knowledge,Office/knowledge,Male,$100K–$150K,"White, Non-Hispanic",Reading documents,2.0,3.0,More time
233,1.0251,30-44,True,Bachelor+,Education & social services,Care & education,Female,$100K–$150K,"Other/2+, Non-Hispanic",Reading documents,4.0,2.0,Less time
489,1.1073,18-29,False,Some college,Sales/service,Frontline,Male,$100K–$150K,Hispanic,Reading documents,3.0,3.0,Same
93,0.9545,45-59,False,High school,Sales/service,Frontline,Male,$100K–$150K,Hispanic,Reading documents,1.0,3.0,More time
1011,0.971,30-44,False,Some college,Sales/service,Frontline,Male,Under $25K,"White, Non-Hispanic",Reading documents,3.0,2.0,Less time
1079,1.0454,18-29,False,Some college,Manual/trades,Frontline,Male,$150K+,"White, Non-Hispanic",Reading documents,5.0,2.0,Less time
87,1.0871,45-59,False,High school,Office/knowledge,Office/knowledge,Female,$150K+,Hispanic,Reading documents,2.0,1.0,Less time
209,0.9746,30-44,True,Bachelor+,Education & social services,Care & education,Female,$150K+,"White, Non-Hispanic",Reading documents,4.0,4.0,Same
46,1.0367,30-44,True,Bachelor+,Office/knowledge,Office/knowledge,Male,$150K+,"Other/2+, Non-Hispanic",Reading documents,3.0,1.0,Less time
508,1.0238,30-44,True,Bachelor+,Office/knowledge,Office/knowledge,Male,$150K+,Hispanic,Reading documents,3.0,1.0,Less time
634,0.976,30-44,True,Bachelor+,Sales/service,Frontline,Male,$75K–$100K,Hispanic,Reading documents,4.0,3.0,Less time
142,1.1275,18-29,False,Some college,Office/knowledge,Office/knowledge,Male,Under $25K,"Other/2+, Non-Hispanic",Reading documents,3.0,4.0,More time
432,1.0481,30-44,False,High school,Sales/service,Frontline,Female,Under $25K,"Black, Non-Hispanic",Reading documents,4.0,3.0,Less time
722,0.9738,45-59,True,Bachelor+,Office/knowledge,Office/knowledge,Female,$100K–$150K,Hispanic,Reading documents,3.0,3.0,Same
855,0.7935,60+,True,Bachelor+,Healthcare,Care & education,Female,$100K–$150K,"White, Non-Hispanic",Reading documents,4.0,3.0,Less time
543,0.9672,45-59,True,Bachelor+,Office/knowledge,Office/knowledge,Female,$150K+,"White, Non-Hispanic",Reading documents,4.0,3.0,Less time
102,0.9955,45-59,False,High school,Manual/trades,Frontline,Male,$75K–$100K,Hispanic,Reading documents,2.0,2.0,Same
559,1.326,18-29,False,Some college,Office/knowledge,Office/knowledge,Female,$25K–$50K,"White, Non-Hispanic",Reading documents,4.0,2.0,Less time
834,1.0222,30-44,False,High school,Sales/service,Frontline,Female,$150K+,"White, Non-Hispanic",Reading documents,4.0,4.0,Same
47,0.8625,60+,False,High school,Office/knowledge,Office/knowledge,Female,$50K–$75K,"White, Non-Hispanic",Reading documents,2.0,4.0,More time
170,0.9479,30-44,True,Bachelor+,Office/knowledge,Office/knowledge,Male,$150K+,"White, Non-Hispanic",Reading documents,5.0,4.0,Less time
470,0.9289,30-44,False,Some college,Office/knowledge,Office/knowledge,Male,$100K–$150K,"White, Non-Hispanic",Reading documents,2.0,1.0,Less time
816,0.8422,60+,False,Some college,Office/knowledge,Office/knowledge,Male,$100K–$150K,"White, Non-Hispanic",Reading documents,2.0,2.0,Same
715,1.396,18-29,False,High school,Office/knowledge,Office/knowledge,Female,$25K–$50K,Hispanic,Reading documents,3.0,3.0,Same
1061,0.9163,18-29,True,Bachelor+,Office/knowledge,Office/knowledge,Male,$100K–$150K,"White, Non-Hispanic",Reading documents,4.0,2.0,Less time
873,1.037,30-44,False,High school,,,Female,$75K–$100K,"Black, Non-Hispanic",Reading documents,3.0,2.0,Less time
566,1.0327,45-59,False,Some college,Office/knowledge,Office/knowledge,Female,$150K+,"White, Non-Hispanic",Reading documents,3.0,3.0,Same
65,1.2545,18-29,False,Some college,Manual/trades,Frontline,Male,$25K–$50K,"Other/2+, Non-Hispanic",Reading documents,3.0,3.0,Same
730,0.904,45-59,True,Bachelor+,Sales/service,Frontline,Male,$150K+,"White, Non-Hispanic",Reading documents,3.0,2.0,Less time
850,1.0816,18-29,False,Some college,Education & social services,Care & education,Male,$100K–$150K,Hispanic,Reading documents,1.0,2.0,More time
52,0.9787,30-44,True,Bachelor+,Office/knowledge,Office/knowledge,Female,$150K+,"White, Non-Hispanic",Reading documents,3.0,2.0,Less time
17,1.0367,30-44,True,Bachelor+,Office/knowledge,Office/knowledge,Male,$150K+,"Other/2+, Non-Hispanic",Reading documents,3.0,3.0,Same
84,0.9651,45-59,False,Some college,Manual/trades,Frontline,Male,$150K+,"White, Non-Hispanic",Reading documents,2.0,2.0,Same
502,1.1062,18-29,True,Bachelor+,Office/knowledge,Office/knowledge,Female,$150K+,"White, Non-Hispanic",Reading documents,3.0,3.0,Same
168,1.0493,18-29,True,Bachelor+,Office/knowledge,Office/knowledge,Male,$75K–$100K,"Other/2+, Non-Hispanic",Reading documents,2.0,2.0,Same
28,0.8714,60+,True,Bachelor+,Sales/service,Frontline,Female,$150K+,"White, Non-Hispanic",Determining values/prices,2.0,2.0,Same
812,0.9007,60+,True,Bachelor+,Office/knowledge,Office/knowledge,Male,$150K+,"Other/2+, Non-Hispanic",Determining values/prices,2.0,2.0,Same
939,0.868,60+,True,Bachelor+,Sales/service,Frontline,Female,$150K+,"White, Non-Hispanic",Determining values/prices,2.0,2.0,Same
832,0.9516,30-44,True,Bachelor+,Office/knowledge,Office/knowledge,Male,$150K+,"White, Non-Hispanic",Determining values/prices,2.0,1.0,Less time
573,1.0117,30-44,False,Some college,Office/knowledge,Office/knowledge,Male,$100K–$150K,"Other/2+, Non-Hispanic",Determining values/prices,1.0,1.0,Same
538,0.929,45-59,True,Bachelor+,Office/knowledge,Office/knowledge,Male,$150K+,"White, Non-Hispanic",Determining values/prices,5.0,1.0,Less time
337,0.9826,45-59,False,High school,Sales/service,Frontline,Male,$50K–$75K,"Black, Non-Hispanic",Determining values/prices,1.0,1.0,Same
96,0.9018,30-44,True,Bachelor+,Office/knowledge,Office/knowledge,Male,$50K–$75K,"White, Non-Hispanic",Determining values/prices,1.0,1.0,Same
628,1.0955,30-44,True,Bachelor+,Office/knowledge,Office/knowledge,Female,$150K+,"Other/2+, Non-Hispanic",Determining values/prices,3.0,4.0,More time
858,0.9298,30-44,True,Bachelor+,Office/knowledge,Office/knowledge,Male,$150K+,"White, Non-Hispanic",Determining values/prices,2.0,2.0,Same
588,0.9479,30-44,True,Bachelor+,Office/knowledge,Office/knowledge,Male,$150K+,"White, Non-Hispanic",Determining values/prices,2.0,2.0,Same
225,0.9524,60+,True,Bachelor+,Office/knowledge,Office/knowledge,Female,$25K–$50K,"White, Non-Hispanic",Determining values/prices,2.0,1.0,Less time
372,0.9516,30-44,True,Bachelor+,Sales/service,Frontline,Male,$150K+,"White, Non-Hispanic",Determining values/prices,1.0,2.0,More time
993,1.1203,30-44,False,Less than HS,Sales/service,Frontline,Female,Under $25K,Hispanic,Determining values/prices,2.0,3.0,More time
622,0.9254,45-59,True,Bachelor+,Sales/service,Frontline,Male,$150K+,"White, Non-Hispanic",Determining values/prices,3.0,2.0,Less time
839,0.9373,30-44,True,Bachelor+,Education & social services,Care & education,Female,$100K–$150K,"White, Non-Hispanic",Determining values/prices,2.0,2.0,Same
592,1.0578,45-59,True,Bachelor+,Education & social services,Care & education,Female,$150K+,"Black, Non-Hispanic",Determining values/prices,2.0,2.0,Same
596,0.9078,45-59,True,Bachelor+,Manual/trades,Frontline,Male,$150K+,"White, Non-Hispanic",Determining values/prices,1.0,1.0,Same
694,1.0121,45-59,True,Bachelor+,Office/knowledge,Office/knowledge,Male,$150K+,"Other/2+, Non-Hispanic",Determining values/prices,2.0,2.0,Same
986,1.0227,30-44,True,Bachelor+,Sales/service,Frontline,Female,Under $25K,"Black, Non-Hispanic",Determining values/prices,1.0,1.0,Same
529,1.2485,30-44,False,Some college,Office/knowledge,Office/knowledge,Female,$25K–$50K,"Black, Non-Hispanic",Determining values/prices,3.0,2.0,Less time
1024,1.2122,18-29,False,High school,,,Male,$25K–$50K,Hispanic,Determining values/prices,5.0,2.0,Less time
721,0.9672,45-59,True,Bachelor+,Office/knowledge,Office/knowledge,Female,$150K+,"White, Non-Hispanic",Determining values/prices,1.0,1.0,Same
272,0.8154,60+,True,Bachelor+,Healthcare,Care & education,Male,$150K+,"Other/2+, Non-Hispanic",Determining values/prices,7.0,6.0,New task
604,0.9539,60+,False,Some college,Office/knowledge,Office/knowledge,Female,Under $25K,"Black, Non-Hispanic",Determining values/prices,2.0,3.0,More time
93,0.9545,45-59,False,High school,Sales/service,Frontline,Male,$100K–$150K,Hispanic,Determining values/prices,4.0,5.0,More time
1011,0.971,30-44,False,Some college,Sales/service,Frontline,Male,Under $25K,"White, Non-Hispanic",Determining values/prices,3.0,3.0,Same
261,0.9543,30-44,False,High school,,,Female,Under $25K,"White, Non-Hispanic",Determining values/prices,5.0,5.0,Same
687,1.1006,18-29,True,Bachelor+,Manual/trades,Frontline,Male,$150K+,"Black, Non-Hispanic",Determining values/prices,4.0,3.0,Less time
87,1.0871,45-59,False,High school,Office/knowledge,Office/knowledge,Female,$150K+,Hispanic,Determining values/prices,2.0,1.0,Less time
221,0.9516,30-44,True,Bachelor+,Office/knowledge,Office/knowledge,Male,$150K+,"White, Non-Hispanic",Determining values/prices,4.0,3.0,Less time
432,1.0481,30-44,False,High school,Sales/service,Frontline,Female,Under $25K,"Black, Non-Hispanic",Determining values/prices,4.0,3.0,Less time
722,0.9738,45-59,True,Bachelor+,Office/knowledge,Office/knowledge,Female,$100K–$150K,Hispanic,Determining values/prices,3.0,3.0,Same
831,0.9993,18-29,False,High school,Sales/service,Frontline,Male,$150K+,"White, Non-Hispanic",Determining values/prices,7.0,1.0,New task
86,1.1796,18-29,False,High school,Office/knowledge,Office/knowledge,Female,Under $25K,"Black, Non-Hispanic",Determining values/prices,2.0,4.0,More time
277,1.0335,30-44,False,Some college,Sales/service,Frontline,Female,$25K–$50K,"White, Non-Hispanic",Determining values/prices,6.0,1.0,Not sure/refused
47,0.8625,60+,False,High school,Office/knowledge,Office/knowledge,Female,$50K–$75K,"White, Non-Hispanic",Determining values/prices,3.0,3.0,Same
816,0.8422,60+,False,Some college,Office/knowledge,Office/knowledge,Male,$100K–$150K,"White, Non-Hispanic",Determining values/prices,2.0,2.0,Same
232,0.9651,45-59,False,Some college,Manual/trades,Frontline,Male,$150K+,"White, Non-Hispanic",Determining values/prices,5.0,2.0,Less time
139,1.1704,18-29,False,Some college,Sales/service,Frontline,Male,$150K+,"Black, Non-Hispanic",Determining values/prices,2.0,1.0,Less time
357,0.9915,30-44,False,High school,Office/knowledge,Office/knowledge,Male,Under $25K,"Black, Non-Hispanic",Determining values/prices,3.0,2.0,Less time
1106,0.9792,18-29,True,Bachelor+,Office/knowledge,Office/knowledge,Male,$150K+,"White, Non-Hispanic",Determining values/prices,7.0,2.0,New task
545,0.9259,30-44,True,Bachelor+,Office/knowledge,Office/knowledge,Male,$150K+,"White, Non-Hispanic",Determining values/prices,2.0,3.0,More time
52,0.9787,30-44,True,Bachelor+,Office/knowledge,Office/knowledge,Female,$150K+,"White, Non-Hispanic",Determining values/prices,3.0,2.0,Less time
45,1.0454,18-29,False,Some college,Sales/service,Frontline,Male,$150K+,"White, Non-Hispanic",Determining values/prices,1.0,1.0,Same
91,1.0983,45-59,True,Bachelor+,Office/knowledge,Office/knowledge,Male,$150K+,"Other/2+, Non-Hispanic",Analyzing data,4.0,4.0,Same
1003,0.8123,60+,True,Bachelor+,Office/knowledge,Office/knowledge,Female,$100K–$150K,"White, Non-Hispanic",Analyzing data,5.0,5.0,Same
1098,1.0535,30-44,False,High school,Office/knowledge,Office/knowledge,Female,$100K–$150K,Hispanic,Analyzing data,3.0,2.0,Less time
241,0.9479,30-44,True,Bachelor+,Office/knowledge,Office/knowledge,Male,$150K+,"White, Non-Hispanic",Analyzing data,3.0,2.0,Less time
400,0.9298,30-44,True,Bachelor+,Education & social services,Care & education,Male,$150K+,"White, Non-Hispanic",Analyzing data,1.0,1.0,Same
600,0.8737,45-59,False,Some college,Office/knowledge,Office/knowledge,Male,$150K+,"White, Non-Hispanic",Analyzing data,1.0,2.0,More time
953,0.8664,30-44,True,Bachelor+,Manual/trades,Frontline,Male,$100K–$150K,"White, Non-Hispanic",Analyzing data,2.0,2.0,Same
1053,0.8084,60+,True,Bachelor+,Education & social services,Care & education,Female,$75K–$100K,"White, Non-Hispanic",Analyzing data,4.0,3.0,Less time
643,0.9977,30-44,True,Bachelor+,Education & social services,Care & education,Female,$150K+,"White, Non-Hispanic",Analyzing data,2.0,2.0,Same
789,0.9787,30-44,True,Bachelor+,Office/knowledge,Office/knowledge,Female,$150K+,"White, Non-Hispanic",Analyzing data,1.0,1.0,Same
832,0.9516,30-44,True,Bachelor+,Office/knowledge,Office/knowledge,Male,$150K+,"White, Non-Hispanic",Analyzing data,2.0,3.0,More time
408,0.9479,30-44,True,Bachelor+,Office/knowledge,Office/knowledge,Male,$150K+,"White, Non-Hispanic",Analyzing data,3.0,5.0,More time
196,1.0912,30-44,True,Bachelor+,Office/knowledge,Office/knowledge,Female,$150K+,"Other/2+, Non-Hispanic",Analyzing data,6.0,2.0,Not sure/refused
573,1.0117,30-44,False,Some college,Office/knowledge,Office/knowledge,Male,$100K–$150K,"Other/2+, Non-Hispanic",Analyzing data,1.0,2.0,More time
723,0.9035,60+,False,Some college,Office/knowledge,Office/knowledge,Male,$100K–$150K,"Black, Non-Hispanic",Analyzing data,1.0,1.0,Same
1104,0.9053,60+,False,Some college,Office/knowledge,Office/knowledge,Female,$150K+,"White, Non-Hispanic",Analyzing data,2.0,2.0,Same
229,0.8792,60+,False,Some college,Office/knowledge,Office/knowledge,Male,$150K+,"White, Non-Hispanic",Analyzing data,1.0,2.0,More time
147,0.929,45-59,True,Bachelor+,Office/knowledge,Office/knowledge,Male,$150K+,"White, Non-Hispanic",Analyzing data,3.0,4.0,More time
193,0.9807,30-44,True,Bachelor+,Office/knowledge,Office/knowledge,Male,$100K–$150K,Hispanic,Analyzing data,4.0,5.0,More time
144,0.904,45-59,True,Bachelor+,Office/knowledge,Office/knowledge,Male,$150K+,"White, Non-Hispanic",Analyzing data,4.0,2.0,Less time
1037,0.9078,45-59,True,Bachelor+,Office/knowledge,Office/knowledge,Male,$150K+,"White, Non-Hispanic",Analyzing data,3.0,2.0,Less time
712,0.8701,30-44,True,Bachelor+,Office/knowledge,Office/knowledge,Male,$100K–$150K,"White, Non-Hispanic",Analyzing data,3.0,3.0,Same
437,0.9229,30-44,True,Bachelor+,Office/knowledge,Office/knowledge,Male,$50K–$75K,"White, Non-Hispanic",Analyzing data,6.0,2.0,Not sure/refused
538,0.929,45-59,True,Bachelor+,Office/knowledge,Office/knowledge,Male,$150K+,"White, Non-Hispanic",Analyzing data,5.0,4.0,Less time
157,0.9452,30-44,True,Bachelor+,Office/knowledge,Office/knowledge,Female,$50K–$75K,"White, Non-Hispanic",Analyzing data,5.0,3.0,Less time
342,0.887,30-44,True,Bachelor+,Office/knowledge,Office/knowledge,Male,$100K–$150K,"White, Non-Hispanic",Analyzing data,3.0,3.0,Same
279,0.9632,45-59,True,Bachelor+,,,Female,$100K–$150K,"Black, Non-Hispanic",Analyzing data,2.0,2.0,Same
930,1.2682,18-29,False,Some college,Office/knowledge,Office/knowledge,Male,$25K–$50K,Hispanic,Analyzing data,5.0,1.0,Less time
62,0.9549,30-44,True,Bachelor+,Office/knowledge,Office/knowledge,Female,$75K–$100K,"White, Non-Hispanic",Analyzing data,6.0,3.0,Not sure/refused
96,0.9018,30-44,True,Bachelor+,Office/knowledge,Office/knowledge,Male,$50K–$75K,"White, Non-Hispanic",Analyzing data,1.0,1.0,Same
628,1.0955,30-44,True,Bachelor+,Office/knowledge,Office/knowledge,Female,$150K+,"Other/2+, Non-Hispanic",Analyzing data,3.0,4.0,More time
836,0.9929,45-59,True,Bachelor+,Office/knowledge,Office/knowledge,Male,$150K+,"Other/2+, Non-Hispanic",Analyzing data,2.0,2.0,Same
22,0.8083,60+,True,Bachelor+,Healthcare,Care & education,Male,$150K+,"White, Non-Hispanic",Analyzing data,3.0,3.0,Same
671,0.9516,30-44,True,Bachelor+,Office/knowledge,Office/knowledge,Male,$150K+,"White, Non-Hispanic",Analyzing data,4.0,4.0,Same
39,0.8269,60+,True,Bachelor+,Office/knowledge,Office/knowledge,Male,$150K+,"White, Non-Hispanic",Analyzing data,2.0,2.0,Same
858,0.9298,30-44,True,Bachelor+,Office/knowledge,Office/knowledge,Male,$150K+,"White, Non-Hispanic",Analyzing data,1.0,1.0,Same
263,0.9476,30-44,True,Bachelor+,Office/knowledge,Office/knowledge,Male,$100K–$150K,"Black, Non-Hispanic",Analyzing data,4.0,3.0,Less time
282,0.9479,30-44,True,Bachelor+,Office/knowledge,Office/knowledge,Male,$150K+,"White, Non-Hispanic",Analyzing data,2.0,1.0,Less time
69,0.9254,45-59,True,Bachelor+,Office/knowledge,Office/knowledge,Male,$150K+,"White, Non-Hispanic",Analyzing data,4.0,3.0,Less time
576,0.9479,30-44,True,Bachelor+,Office/knowledge,Office/knowledge,Male,$150K+,"White, Non-Hispanic",Analyzing data,2.0,1.0,Less time
426,0.9412,45-59,True,Bachelor+,Office/knowledge,Office/knowledge,Female,$150K+,"White, Non-Hispanic",Analyzing data,5.0,4.0,Less time
289,0.9089,30-44,True,Bachelor+,Education & social services,Care & education,Male,$150K+,"White, Non-Hispanic",Analyzing data,4.0,3.0,Less time
1035,0.99,60+,False,Some college,Sales/service,Frontline,Female,$150K+,"Black, Non-Hispanic",Analyzing data,2.0,2.0,Same
292,0.929,45-59,True,Bachelor+,Office/knowledge,Office/knowledge,Male,$150K+,"White, Non-Hispanic",Analyzing data,4.0,3.0,Less time
629,1.261,18-29,False,Some college,Sales/service,Frontline,Female,$50K–$75K,Hispanic,Analyzing data,2.0,2.0,Same
989,0.9254,45-59,True,Bachelor+,Office/knowledge,Office/knowledge,Male,$150K+,"White, Non-Hispanic",Analyzing data,2.0,2.0,Same
1026,0.9854,45-59,True,Bachelor+,Education & social services,Care & education,Male,$50K–$75K,"Black, Non-Hispanic",Analyzing data,2.0,1.0,Less time
511,0.8714,60+,True,Bachelor+,Education & social services,Care & education,Female,$150K+,"White, Non-Hispanic",Analyzing data,2.0,1.0,Less time
547,0.8235,60+,True,Bachelor+,Office/knowledge,Office/knowledge,Male,$150K+,"White, Non-Hispanic",Analyzing data,5.0,5.0,Same
1001,0.929,45-59,True,Bachelor+,Office/knowledge,Office/knowledge,Male,$150K+,"White, Non-Hispanic",Analyzing data,3.0,3.0,Same
860,0.9792,18-29,True,Bachelor+,Office/knowledge,Office/knowledge,Male,$150K+,"White, Non-Hispanic",Analyzing data,5.0,6.0,Not sure/refused
471,0.9347,45-59,True,Bachelor+,Office/knowledge,Office/knowledge,Female,$150K+,"White, Non-Hispanic",Analyzing data,3.0,1.0,Less time
274,0.9201,18-29,True,Bachelor+,Office/knowledge,Office/knowledge,Male,$100K–$150K,"White, Non-Hispanic",Analyzing data,7.0,5.0,New task
843,0.8184,45-59,True,Bachelor+,Office/knowledge,Office/knowledge,Male,$150K+,"White, Non-Hispanic",Analyzing data,3.0,2.0,Less time
713,1.2657,30-44,True,Bachelor+,Office/knowledge,Office/knowledge,Female,$150K+,"Other/2+, Non-Hispanic",Analyzing data,3.0,3.0,Same
654,0.9138,45-59,False,Some college,,,Male,$75K–$100K,"White, Non-Hispanic",Analyzing data,6.0,1.0,Not sure/refused
225,0.9524,60+,True,Bachelor+,Office/knowledge,Office/knowledge,Female,$25K–$50K,"White, Non-Hispanic",Analyzing data,2.0,2.0,Same
602,0.9036,30-44,True,Bachelor+,Office/knowledge,Office/knowledge,Male,$75K–$100K,"White, Non-Hispanic",Analyzing data,3.0,3.0,Same
15,0.9259,30-44,True,Bachelor+,Office/knowledge,Office/knowledge,Male,$150K+,"White, Non-Hispanic",Analyzing data,5.0,5.0,Same
372,0.9516,30-44,True,Bachelor+,Sales/service,Frontline,Male,$150K+,"White, Non-Hispanic",Analyzing data,1.0,2.0,More time
1049,0.8701,30-44,True,Bachelor+,Sales/service,Frontline,Male,$100K–$150K,"White, Non-Hispanic",Analyzing data,1.0,2.0,More time
574,1.2657,30-44,True,Bachelor+,Office/knowledge,Office/knowledge,Female,$150K+,"Other/2+, Non-Hispanic",Analyzing data,5.0,5.0,Same
1100,0.9746,30-44,True,Bachelor+,Office/knowledge,Office/knowledge,Female,$150K+,"White, Non-Hispanic",Analyzing data,2.0,1.0,Less time
798,0.9721,60+,False,Some college,Office/knowledge,Office/knowledge,Male,$150K+,Hispanic,Analyzing data,2.0,2.0,Same
924,0.9451,45-59,True,Bachelor+,Office/knowledge,Office/knowledge,Female,$150K+,"White, Non-Hispanic",Analyzing data,5.0,5.0,Same
88,0.9078,45-59,True,Bachelor+,Office/knowledge,Office/knowledge,Male,$150K+,"White, Non-Hispanic",Analyzing data,3.0,1.0,Less time
33,0.9919,45-59,False,Some college,Sales/service,Frontline,Male,$150K+,"White, Non-Hispanic",Analyzing data,2.0,2.0,Same
598,0.9632,45-59,True,Bachelor+,Education & social services,Care & education,Female,$100K–$150K,"Black, Non-Hispanic",Analyzing data,3.0,2.0,Less time
585,0.958,30-44,True,Bachelor+,Office/knowledge,Office/knowledge,Male,$100K–$150K,Hispanic,Analyzing data,2.0,2.0,Same
839,0.9373,30-44,True,Bachelor+,Education & social services,Care & education,Female,$100K–$150K,"White, Non-Hispanic",Analyzing data,3.0,3.0,Same
63,0.9404,30-44,True,Bachelor+,Office/knowledge,Office/knowledge,Male,$100K–$150K,Hispanic,Analyzing data,3.0,4.0,More time
685,1.0569,45-59,False,Less than HS,Manual/trades,Frontline,Male,$75K–$100K,Hispanic,Analyzing data,1.0,1.0,Same
592,1.0578,45-59,True,Bachelor+,Education & social services,Care & education,Female,$150K+,"Black, Non-Hispanic",Analyzing data,2.0,2.0,Same
596,0.9078,45-59,True,Bachelor+,Manual/trades,Frontline,Male,$150K+,"White, Non-Hispanic",Analyzing data,1.0,1.0,Same
82,1.4111,18-29,False,Some college,Healthcare,Care & education,Female,$25K–$50K,"Black, Non-Hispanic",Analyzing data,1.0,1.0,Same
986,1.0227,30-44,True,Bachelor+,Sales/service,Frontline,Female,Under $25K,"Black, Non-Hispanic",Analyzing data,1.0,1.0,Same
954,0.9833,18-29,True,Bachelor+,Healthcare,Care & education,Male,$150K+,"White, Non-Hispanic",Analyzing data,2.0,3.0,More time
1030,0.9451,45-59,True,Bachelor+,Office/knowledge,Office/knowledge,Female,$150K+,"White, Non-Hispanic",Analyzing data,6.0,4.0,Not sure/refused
597,1.1083,18-29,True,Bachelor+,Office/knowledge,Office/knowledge,Male,$150K+,Hispanic,Analyzing data,6.0,4.0,Not sure/refused
1022,0.9687,30-44,False,High school,Office/knowledge,Office/knowledge,Female,$50K–$75K,"White, Non-Hispanic",Analyzing data,6.0,6.0,Not sure/refused
26,0.9516,30-44,True,Bachelor+,Office/knowledge,Office/knowledge,Male,$150K+,"White, Non-Hispanic",Analyzing data,1.0,2.0,More time
333,0.9412,45-59,True,Bachelor+,Office/knowledge,Office/knowledge,Female,$150K+,"White, Non-Hispanic",Analyzing data,2.0,2.0,Same
341,0.9451,45-59,True,Bachelor+,Education & social services,Care & education,Female,$150K+,"White, Non-Hispanic",Analyzing data,4.0,2.0,Less time
424,0.9016,45-59,True,Bachelor+,Office/knowledge,Office/knowledge,Female,$100K–$150K,"White, Non-Hispanic",Analyzing data,2.0,1.0,Less time
1027,1.0405,30-44,False,Some college,Office/knowledge,Office/knowledge,Female,$150K+,"White, Non-Hispanic",Analyzing data,6.0,4.0,Not sure/refused
438,1.02,45-59,False,High school,,,Male,$150K+,Hispanic,Analyzing data,6.0,6.0,Not sure/refused
61,0.9516,30-44,True,Bachelor+,Office/knowledge,Office/knowledge,Male,$150K+,"White, Non-Hispanic",Analyzing data,4.0,4.0,Same
257,0.9254,45-59,True,Bachelor+,Office/knowledge,Office/knowledge,Male,$150K+,"White, Non-Hispanic",Analyzing data,3.0,3.0,Same
867,0.9271,18-29,True,Bachelor+,Office/knowledge,Office/knowledge,Male,$75K–$100K,"White, Non-Hispanic",Analyzing data,2.0,2.0,Same
1015,1.0848,45-59,True,Bachelor+,,,Male,$25K–$50K,"Other/2+, Non-Hispanic",Analyzing data,5.0,5.0,Same
57,1.0976,30-44,False,Some college,Office/knowledge,Office/knowledge,Male,$150K+,Hispanic,Analyzing data,4.0,2.0,Less time
555,0.9159,30-44,True,Bachelor+,Education & social services,Care & education,Female,$100K–$150K,"White, Non-Hispanic",Analyzing data,3.0,2.0,Less time
642,0.9374,18-29,True,Bachelor+,Office/knowledge,Office/knowledge,Male,$75K–$100K,"White, Non-Hispanic",Analyzing data,2.0,2.0,Same
18,1.012,30-44,False,Some college,Office/knowledge,Office/knowledge,Male,$150K+,"White, Non-Hispanic",Analyzing data,4.0,3.0,Less time
466,1.0963,18-29,True,Bachelor+,Healthcare,Care & education,Male,$150K+,"Other/2+, Non-Hispanic",Analyzing data,3.0,3.0,Same
474,1.0592,45-59,False,Some college,Office/knowledge,Office/knowledge,Female,$75K–$100K,Hispanic,Analyzing data,4.0,3.0,Less time
113,1.0776,30-44,True,Bachelor+,Office/knowledge,Office/knowledge,Female,$150K+,Hispanic,Analyzing data,7.0,1.0,New task
515,1.1926,18-29,False,Less than HS,Office/knowledge,Office/knowledge,Male,$150K+,"Other/2+, Non-Hispanic",Analyzing data,3.0,2.0,Less time
332,1.3489,18-29,False,High school,Education & social services,Care & education,Female,$25K–$50K,"Other/2+, Non-Hispanic",Analyzing data,4.0,5.0,More time
66,1.0293,45-59,True,Bachelor+,Office/knowledge,Office/knowledge,Female,$150K+,"Black, Non-Hispanic",Analyzing data,1.0,2.0,More time
635,0.9993,18-29,False,High school,Office/knowledge,Office/knowledge,Male,$150K+,"White, Non-Hispanic",Analyzing data,1.0,1.0,Same
97,0.929,45-59,True,Bachelor+,Office/knowledge,Office/knowledge,Male,$150K+,"White, Non-Hispanic",Analyzing data,2.0,2.0,Same
233,1.0251,30-44,True,Bachelor+,Education & social services,Care & education,Female,$100K–$150K,"Other/2+, Non-Hispanic",Analyzing data,5.0,5.0,Same
489,1.1073,18-29,False,Some college,Sales/service,Frontline,Male,$100K–$150K,Hispanic,Analyzing data,3.0,2.0,Less time
36,1.0533,18-29,False,High school,Office/knowledge,Office/knowledge,Male,$75K–$100K,Hispanic,Analyzing data,4.0,3.0,Less time
1011,0.971,30-44,False,Some college,Sales/service,Frontline,Male,Under $25K,"White, Non-Hispanic",Analyzing data,3.0,2.0,Less time
687,1.1006,18-29,True,Bachelor+,Manual/trades,Frontline,Male,$150K+,"Black, Non-Hispanic",Analyzing data,4.0,3.0,Less time
947,1.2332,18-29,True,Bachelor+,Office/knowledge,Office/knowledge,Female,$150K+,"Black, Non-Hispanic",Analyzing data,2.0,1.0,Less time
145,0.9739,30-44,True,Bachelor+,Office/knowledge,Office/knowledge,Male,$100K–$150K,"Other/2+, Non-Hispanic",Analyzing data,1.0,1.0,Same
46,1.0367,30-44,True,Bachelor+,Office/knowledge,Office/knowledge,Male,$150K+,"Other/2+, Non-Hispanic",Analyzing data,5.0,4.0,Less time
508,1.0238,30-44,True,Bachelor+,Office/knowledge,Office/knowledge,Male,$150K+,Hispanic,Analyzing data,1.0,3.0,More time
859,0.8235,60+,True,Bachelor+,Office/knowledge,Office/knowledge,Male,$150K+,"White, Non-Hispanic",Analyzing data,2.0,2.0,Same
54,1.0538,45-59,True,Bachelor+,Office/knowledge,Office/knowledge,Female,$150K+,"Other/2+, Non-Hispanic",Analyzing data,4.0,2.0,Less time
855,0.7935,60+,True,Bachelor+,Healthcare,Care & education,Female,$100K–$150K,"White, Non-Hispanic",Analyzing data,4.0,3.0,Less time
472,1.1015,18-29,True,Bachelor+,Office/knowledge,Office/knowledge,Female,$150K+,"White, Non-Hispanic",Analyzing data,2.0,1.0,Less time
977,1.0998,18-29,True,Bachelor+,Office/knowledge,Office/knowledge,Male,$25K–$50K,"White, Non-Hispanic",Analyzing data,1.0,1.0,Same
102,0.9955,45-59,False,High school,Manual/trades,Frontline,Male,$75K–$100K,Hispanic,Analyzing data,2.0,2.0,Same
559,1.326,18-29,False,Some college,Office/knowledge,Office/knowledge,Female,$25K–$50K,"White, Non-Hispanic",Analyzing data,5.0,3.0,Less time
86,1.1796,18-29,False,High school,Office/knowledge,Office/knowledge,Female,Under $25K,"Black, Non-Hispanic",Analyzing data,3.0,2.0,Less time
829,1.047,30-44,False,Some college,Office/knowledge,Office/knowledge,Male,$100K–$150K,Hispanic,Analyzing data,4.0,4.0,Same
944,1.1206,30-44,False,Some college,Office/knowledge,Office/knowledge,Female,$25K–$50K,"White, Non-Hispanic",Analyzing data,1.0,2.0,More time
277,1.0335,30-44,False,Some college,Sales/service,Frontline,Female,$25K–$50K,"White, Non-Hispanic",Analyzing data,4.0,6.0,Not sure/refused
100,0.9919,45-59,False,Some college,Office/knowledge,Office/knowledge,Male,$150K+,"White, Non-Hispanic",Analyzing data,3.0,2.0,Less time
550,1.0403,30-44,True,Bachelor+,Office/knowledge,Office/knowledge,Female,$75K–$100K,"Other/2+, Non-Hispanic",Analyzing data,2.0,2.0,Same
170,0.9479,30-44,True,Bachelor+,Office/knowledge,Office/knowledge,Male,$150K+,"White, Non-Hispanic",Analyzing data,5.0,3.0,Less time
470,0.9289,30-44,False,Some college,Office/knowledge,Office/knowledge,Male,$100K–$150K,"White, Non-Hispanic",Analyzing data,2.0,1.0,Less time
852,0.8463,60+,True,Bachelor+,Office/knowledge,Office/knowledge,Male,$150K+,"White, Non-Hispanic",Analyzing data,1.0,1.0,Same
232,0.9651,45-59,False,Some college,Manual/trades,Frontline,Male,$150K+,"White, Non-Hispanic",Analyzing data,4.0,3.0,Less time
715,1.396,18-29,False,High school,Office/knowledge,Office/knowledge,Female,$25K–$50K,Hispanic,Analyzing data,3.0,2.0,Less time
139,1.1704,18-29,False,Some college,Sales/service,Frontline,Male,$150K+,"Black, Non-Hispanic",Analyzing data,2.0,1.0,Less time
1061,0.9163,18-29,True,Bachelor+,Office/knowledge,Office/knowledge,Male,$100K–$150K,"White, Non-Hispanic",Analyzing data,4.0,2.0,Less time
370,1.0054,30-44,True,Bachelor+,Office/knowledge,Office/knowledge,Male,$50K–$75K,"Other/2+, Non-Hispanic",Analyzing data,2.0,1.0,Less time
873,1.037,30-44,False,High school,,,Female,$75K–$100K,"Black, Non-Hispanic",Analyzing data,3.0,2.0,Less time
1106,0.9792,18-29,True,Bachelor+,Office/knowledge,Office/knowledge,Male,$150K+,"White, Non-Hispanic",Analyzing data,7.0,2.0,New task
65,1.2545,18-29,False,Some college,Manual/trades,Frontline,Male,$25K–$50K,"Other/2+, Non-Hispanic",Analyzing data,5.0,4.0,Less time
730,0.904,45-59,True,Bachelor+,Sales/service,Frontline,Male,$150K+,"White, Non-Hispanic",Analyzing data,3.0,2.0,Less time
1082,1.0919,30-44,False,Some college,Healthcare,Care & education,Female,Under $25K,"Black, Non-Hispanic",Analyzing data,1.0,4.0,More time
850,1.0816,18-29,False,Some college,Education & social services,Care & education,Male,$100K–$150K,Hispanic,Analyzing data,1.0,1.0,Same
845,0.9298,30-44,True,Bachelor+,Office/knowledge,Office/knowledge,Male,$150K+,"White, Non-Hispanic",Analyzing data,5.0,2.0,Less time
17,1.0367,30-44,True,Bachelor+,Office/knowledge,Office/knowledge,Male,$150K+,"Other/2+, Non-Hispanic",Analyzing data,3.0,3.0,Same
155,0.904,45-59,True,Bachelor+,Office/knowledge,Office/knowledge,Male,$150K+,"White, Non-Hispanic",Designing systems/apps,6.0,3.0,Not sure/refused
241,0.9479,30-44,True,Bachelor+,Office/knowledge,Office/knowledge,Male,$150K+,"White, Non-Hispanic",Designing systems/apps,5.0,5.0,Same
812,0.9007,60+,True,Bachelor+,Office/knowledge,Office/knowledge,Male,$150K+,"Other/2+, Non-Hispanic",Designing systems/apps,3.0,2.0,Less time
193,0.9807,30-44,True,Bachelor+,Office/knowledge,Office/knowledge,Male,$100K–$150K,Hispanic,Designing systems/apps,3.0,4.0,More time
157,0.9452,30-44,True,Bachelor+,Office/knowledge,Office/knowledge,Female,$50K–$75K,"White, Non-Hispanic",Designing systems/apps,3.0,2.0,Less time
342,0.887,30-44,True,Bachelor+,Office/knowledge,Office/knowledge,Male,$100K–$150K,"White, Non-Hispanic",Designing systems/apps,3.0,3.0,Same
682,0.8037,60+,True,Bachelor+,Office/knowledge,Office/knowledge,Male,$75K–$100K,"White, Non-Hispanic",Designing systems/apps,2.0,2.0,Same
50,1.0252,18-29,True,Bachelor+,Office/knowledge,Office/knowledge,Male,$75K–$100K,"Black, Non-Hispanic",Designing systems/apps,5.0,3.0,Less time
263,0.9476,30-44,True,Bachelor+,Office/knowledge,Office/knowledge,Male,$100K–$150K,"Black, Non-Hispanic",Designing systems/apps,3.0,3.0,Same
69,0.9254,45-59,True,Bachelor+,Office/knowledge,Office/knowledge,Male,$150K+,"White, Non-Hispanic",Designing systems/apps,4.0,3.0,Less time
576,0.9479,30-44,True,Bachelor+,Office/knowledge,Office/knowledge,Male,$150K+,"White, Non-Hispanic",Designing systems/apps,5.0,5.0,Same
328,0.9259,30-44,True,Bachelor+,Office/knowledge,Office/knowledge,Male,$150K+,"White, Non-Hispanic",Designing systems/apps,5.0,2.0,Less time
292,0.929,45-59,True,Bachelor+,Office/knowledge,Office/knowledge,Male,$150K+,"White, Non-Hispanic",Designing systems/apps,3.0,2.0,Less time
989,0.9254,45-59,True,Bachelor+,Office/knowledge,Office/knowledge,Male,$150K+,"White, Non-Hispanic",Designing systems/apps,2.0,3.0,More time
274,0.9201,18-29,True,Bachelor+,Office/knowledge,Office/knowledge,Male,$100K–$150K,"White, Non-Hispanic",Designing systems/apps,7.0,4.0,New task
302,0.7919,60+,True,Bachelor+,Office/knowledge,Office/knowledge,Male,$100K–$150K,"White, Non-Hispanic",Designing systems/apps,4.0,4.0,Same
602,0.9036,30-44,True,Bachelor+,Office/knowledge,Office/knowledge,Male,$75K–$100K,"White, Non-Hispanic",Designing systems/apps,4.0,3.0,Less time
15,0.9259,30-44,True,Bachelor+,Office/knowledge,Office/knowledge,Male,$150K+,"White, Non-Hispanic",Designing systems/apps,4.0,4.0,Same
993,1.1203,30-44,False,Less than HS,Sales/service,Frontline,Female,Under $25K,Hispanic,Designing systems/apps,2.0,3.0,More time
798,0.9721,60+,False,Some college,Office/knowledge,Office/knowledge,Male,$150K+,Hispanic,Designing systems/apps,2.0,2.0,Same
88,0.9078,45-59,True,Bachelor+,Office/knowledge,Office/knowledge,Male,$150K+,"White, Non-Hispanic",Designing systems/apps,5.0,4.0,Less time
986,1.0227,30-44,True,Bachelor+,Sales/service,Frontline,Female,Under $25K,"Black, Non-Hispanic",Designing systems/apps,1.0,1.0,Same
887,1.048,30-44,True,Bachelor+,Office/knowledge,Office/knowledge,Male,$150K+,Hispanic,Designing systems/apps,1.0,1.0,Same
597,1.1083,18-29,True,Bachelor+,Office/knowledge,Office/knowledge,Male,$150K+,Hispanic,Designing systems/apps,6.0,4.0,Not sure/refused
1101,0.9654,30-44,True,Bachelor+,Office/knowledge,Office/knowledge,Male,$75K–$100K,"Other/2+, Non-Hispanic",Designing systems/apps,1.0,1.0,Same
61,0.9516,30-44,True,Bachelor+,Office/knowledge,Office/knowledge,Male,$150K+,"White, Non-Hispanic",Designing systems/apps,3.0,3.0,Same
257,0.9254,45-59,True,Bachelor+,Office/knowledge,Office/knowledge,Male,$150K+,"White, Non-Hispanic",Designing systems/apps,5.0,5.0,Same
867,0.9271,18-29,True,Bachelor+,Office/knowledge,Office/knowledge,Male,$75K–$100K,"White, Non-Hispanic",Designing systems/apps,5.0,4.0,Less time
1015,1.0848,45-59,True,Bachelor+,,,Male,$25K–$50K,"Other/2+, Non-Hispanic",Designing systems/apps,7.0,5.0,New task
215,1.0339,18-29,False,High school,Sales/service,Frontline,Male,$100K–$150K,Hispanic,Designing systems/apps,4.0,4.0,Same
515,1.1926,18-29,False,Less than HS,Office/knowledge,Office/knowledge,Male,$150K+,"Other/2+, Non-Hispanic",Designing systems/apps,3.0,2.0,Less time
1010,1.1068,30-44,False,Some college,Office/knowledge,Office/knowledge,Male,$150K+,"Other/2+, Non-Hispanic",Designing systems/apps,6.0,3.0,Not sure/refused
335,1.012,30-44,False,Some college,Office/knowledge,Office/knowledge,Male,$150K+,"White, Non-Hispanic",Designing systems/apps,5.0,5.0,Same
381,0.9163,18-29,True,Bachelor+,Office/knowledge,Office/knowledge,Male,$100K–$150K,"White, Non-Hispanic",Designing systems/apps,5.0,4.0,Less time
19,0.904,45-59,True,Bachelor+,Office/knowledge,Office/knowledge,Male,$150K+,"White, Non-Hispanic",Designing systems/apps,5.0,5.0,Same
687,1.1006,18-29,True,Bachelor+,Manual/trades,Frontline,Male,$150K+,"Black, Non-Hispanic",Designing systems/apps,3.0,4.0,More time
87,1.0871,45-59,False,High school,Office/knowledge,Office/knowledge,Female,$150K+,Hispanic,Designing systems/apps,2.0,1.0,Less time
23,1.0121,45-59,True,Bachelor+,Office/knowledge,Office/knowledge,Male,$150K+,"Other/2+, Non-Hispanic",Designing systems/apps,2.0,4.0,More time
46,1.0367,30-44,True,Bachelor+,Office/knowledge,Office/knowledge,Male,$150K+,"Other/2+, Non-Hispanic",Designing systems/apps,7.0,2.0,New task
254,0.9403,45-59,False,Some college,Office/knowledge,Office/knowledge,Female,$100K–$150K,"White, Non-Hispanic",Designing systems/apps,2.0,2.0,Same
149,0.9516,30-44,True,Bachelor+,Office/knowledge,Office/knowledge,Male,$100K–$150K,"Other/2+, Non-Hispanic",Designing systems/apps,4.0,5.0,More time
722,0.9738,45-59,True,Bachelor+,Office/knowledge,Office/knowledge,Female,$100K–$150K,Hispanic,Designing systems/apps,2.0,4.0,More time
392,1.1075,45-59,False,Less than HS,Sales/service,Frontline,Female,Under $25K,Hispanic,Designing systems/apps,1.0,1.0,Same
54,1.0538,45-59,True,Bachelor+,Office/knowledge,Office/knowledge,Female,$150K+,"Other/2+, Non-Hispanic",Designing systems/apps,4.0,3.0,Less time
855,0.7935,60+,True,Bachelor+,Healthcare,Care & education,Female,$100K–$150K,"White, Non-Hispanic",Designing systems/apps,2.0,3.0,More time
472,1.1015,18-29,True,Bachelor+,Office/knowledge,Office/knowledge,Female,$150K+,"White, Non-Hispanic",Designing systems/apps,2.0,1.0,Less time
323,0.9464,30-44,False,Some college,Office/knowledge,Office/knowledge,Male,$75K–$100K,"White, Non-Hispanic",Designing systems/apps,5.0,3.0,Less time
715,1.396,18-29,False,High school,Office/knowledge,Office/knowledge,Female,$25K–$50K,Hispanic,Designing systems/apps,3.0,3.0,Same
517,1.0963,18-29,True,Bachelor+,Office/knowledge,Office/knowledge,Male,$150K+,"Other/2+, Non-Hispanic",Designing systems/apps,3.0,3.0,Same
1061,0.9163,18-29,True,Bachelor+,Office/knowledge,Office/knowledge,Male,$100K–$150K,"White, Non-Hispanic",Designing systems/apps,4.0,2.0,Less time
370,1.0054,30-44,True,Bachelor+,Office/knowledge,Office/knowledge,Male,$50K–$75K,"Other/2+, Non-Hispanic",Designing systems/apps,2.0,2.0,Same
566,1.0327,45-59,False,Some college,Office/knowledge,Office/knowledge,Female,$150K+,"White, Non-Hispanic",Designing systems/apps,3.0,2.0,Less time
850,1.0816,18-29,False,Some college,Education & social services,Care & education,Male,$100K–$150K,Hispanic,Designing systems/apps,1.0,3.0,More time
1003,0.8123,60+,True,Bachelor+,Office/knowledge,Office/knowledge,Female,$100K–$150K,"White, Non-Hispanic",Preparing documentation,6.0,6.0,Not sure/refused
155,0.904,45-59,True,Bachelor+,Office/knowledge,Office/knowledge,Male,$150K+,"White, Non-Hispanic",Preparing documentation,6.0,2.0,Not sure/refused
600,0.8737,45-59,False,Some college,Office/knowledge,Office/knowledge,Male,$150K+,"White, Non-Hispanic",Preparing documentation,1.0,1.0,Same
953,0.8664,30-44,True,Bachelor+,Manual/trades,Frontline,Male,$100K–$150K,"White, Non-Hispanic",Preparing documentation,2.0,2.0,Same
789,0.9787,30-44,True,Bachelor+,Office/knowledge,Office/knowledge,Female,$150K+,"White, Non-Hispanic",Preparing documentation,1.0,3.0,More time
832,0.9516,30-44,True,Bachelor+,Office/knowledge,Office/knowledge,Male,$150K+,"White, Non-Hispanic",Preparing documentation,2.0,3.0,More time
408,0.9479,30-44,True,Bachelor+,Office/knowledge,Office/knowledge,Male,$150K+,"White, Non-Hispanic",Preparing documentation,2.0,2.0,Same
882,0.9516,30-44,True,Bachelor+,Office/knowledge,Office/knowledge,Male,$150K+,"White, Non-Hispanic",Preparing documentation,3.0,2.0,Less time
144,0.904,45-59,True,Bachelor+,Office/knowledge,Office/knowledge,Male,$150K+,"White, Non-Hispanic",Preparing documentation,4.0,3.0,Less time
1084,1.0228,30-44,False,Some college,Manual/trades,Frontline,Male,$100K–$150K,Hispanic,Preparing documentation,6.0,6.0,Not sure/refused
712,0.8701,30-44,True,Bachelor+,Office/knowledge,Office/knowledge,Male,$100K–$150K,"White, Non-Hispanic",Preparing documentation,4.0,3.0,Less time
440,0.8829,60+,False,Some college,Office/knowledge,Office/knowledge,Male,$150K+,"White, Non-Hispanic",Preparing documentation,3.0,3.0,Same
490,1.0016,30-44,True,Bachelor+,Office/knowledge,Office/knowledge,Female,$150K+,"White, Non-Hispanic",Preparing documentation,7.0,3.0,New task
879,1.1211,45-59,False,High school,Education & social services,Care & education,Male,$100K–$150K,"Other/2+, Non-Hispanic",Preparing documentation,2.0,2.0,Same
283,1.1015,18-29,True,Bachelor+,Office/knowledge,Office/knowledge,Female,$150K+,"White, Non-Hispanic",Preparing documentation,3.0,3.0,Same
930,1.2682,18-29,False,Some college,Office/knowledge,Office/knowledge,Male,$25K–$50K,Hispanic,Preparing documentation,5.0,1.0,Less time
628,1.0955,30-44,True,Bachelor+,Office/knowledge,Office/knowledge,Female,$150K+,"Other/2+, Non-Hispanic",Preparing documentation,3.0,2.0,Less time
833,0.9264,45-59,False,High school,Sales/service,Frontline,Male,$150K+,"White, Non-Hispanic",Preparing documentation,3.0,2.0,Less time
764,0.9412,45-59,True,Bachelor+,Office/knowledge,Office/knowledge,Female,$150K+,"White, Non-Hispanic",Preparing documentation,2.0,2.0,Same
282,0.9479,30-44,True,Bachelor+,Office/knowledge,Office/knowledge,Male,$150K+,"White, Non-Hispanic",Preparing documentation,2.0,1.0,Less time
69,0.9254,45-59,True,Bachelor+,Office/knowledge,Office/knowledge,Male,$150K+,"White, Non-Hispanic",Preparing documentation,4.0,3.0,Less time
619,0.9251,45-59,True,Bachelor+,Office/knowledge,Office/knowledge,Male,$100K–$150K,"Black, Non-Hispanic",Preparing documentation,1.0,3.0,More time
992,0.9476,30-44,True,Bachelor+,Office/knowledge,Office/knowledge,Male,$100K–$150K,"Black, Non-Hispanic",Preparing documentation,1.0,1.0,Same
292,0.929,45-59,True,Bachelor+,Office/knowledge,Office/knowledge,Male,$150K+,"White, Non-Hispanic",Preparing documentation,4.0,2.0,Less time
629,1.261,18-29,False,Some college,Sales/service,Frontline,Female,$50K–$75K,Hispanic,Preparing documentation,2.0,2.0,Same
957,0.9412,45-59,True,Bachelor+,Office/knowledge,Office/knowledge,Female,$150K+,"White, Non-Hispanic",Preparing documentation,3.0,3.0,Same
906,0.9545,45-59,False,High school,Office/knowledge,Office/knowledge,Male,$100K–$150K,Hispanic,Preparing documentation,6.0,3.0,Not sure/refused
225,0.9524,60+,True,Bachelor+,Office/knowledge,Office/knowledge,Female,$25K–$50K,"White, Non-Hispanic",Preparing documentation,3.0,2.0,Less time
1045,0.8701,30-44,True,Bachelor+,Office/knowledge,Office/knowledge,Male,$100K–$150K,"White, Non-Hispanic",Preparing documentation,2.0,1.0,Less time
372,0.9516,30-44,True,Bachelor+,Sales/service,Frontline,Male,$150K+,"White, Non-Hispanic",Preparing documentation,1.0,2.0,More time
694,1.0121,45-59,True,Bachelor+,Office/knowledge,Office/knowledge,Male,$150K+,"Other/2+, Non-Hispanic",Preparing documentation,2.0,2.0,Same
986,1.0227,30-44,True,Bachelor+,Sales/service,Frontline,Female,Under $25K,"Black, Non-Hispanic",Preparing documentation,1.0,1.0,Same
887,1.048,30-44,True,Bachelor+,Office/knowledge,Office/knowledge,Male,$150K+,Hispanic,Preparing documentation,2.0,1.0,Less time
387,0.7455,60+,True,Bachelor+,Office/knowledge,Office/knowledge,Male,$150K+,"White, Non-Hispanic",Preparing documentation,2.0,2.0,Same
333,0.9412,45-59,True,Bachelor+,Office/knowledge,Office/knowledge,Female,$150K+,"White, Non-Hispanic",Preparing documentation,1.0,1.0,Same
51,0.904,45-59,True,Bachelor+,Manual/trades,Frontline,Male,$150K+,"White, Non-Hispanic",Preparing documentation,1.0,2.0,More time
701,1.0699,30-44,True,Bachelor+,Education & social services,Care & education,Female,$50K–$75K,Hispanic,Preparing documentation,1.0,2.0,More time
1015,1.0848,45-59,True,Bachelor+,,,Male,$25K–$50K,"Other/2+, Non-Hispanic",Preparing documentation,3.0,5.0,More time
215,1.0339,18-29,False,High school,Sales/service,Frontline,Male,$100K–$150K,Hispanic,Preparing documentation,1.0,3.0,More time
1024,1.2122,18-29,False,High school,,,Male,$25K–$50K,Hispanic,Preparing documentation,5.0,3.0,Less time
164,0.976,30-44,True,Bachelor+,Office/knowledge,Office/knowledge,Male,$75K–$100K,Hispanic,Preparing documentation,2.0,1.0,Less time
642,0.9374,18-29,True,Bachelor+,Office/knowledge,Office/knowledge,Male,$75K–$100K,"White, Non-Hispanic",Preparing documentation,7.0,1.0,New task
912,1.0955,30-44,True,Bachelor+,Office/knowledge,Office/knowledge,Female,$150K+,"Other/2+, Non-Hispanic",Preparing documentation,4.0,2.0,Less time
474,1.0592,45-59,False,Some college,Office/knowledge,Office/knowledge,Female,$75K–$100K,Hispanic,Preparing documentation,3.0,4.0,More time
332,1.3489,18-29,False,High school,Education & social services,Care & education,Female,$25K–$50K,"Other/2+, Non-Hispanic",Preparing documentation,3.0,3.0,Same
66,1.0293,45-59,True,Bachelor+,Office/knowledge,Office/knowledge,Female,$150K+,"Black, Non-Hispanic",Preparing documentation,1.0,2.0,More time
604,0.9539,60+,False,Some college,Office/knowledge,Office/knowledge,Female,Under $25K,"Black, Non-Hispanic",Preparing documentation,2.0,2.0,Same
489,1.1073,18-29,False,Some college,Sales/service,Frontline,Male,$100K–$150K,Hispanic,Preparing documentation,2.0,2.0,Same
606,0.9291,30-44,True,Bachelor+,Office/knowledge,Office/knowledge,Female,$75K–$100K,"White, Non-Hispanic",Preparing documentation,3.0,3.0,Same
687,1.1006,18-29,True,Bachelor+,Manual/trades,Frontline,Male,$150K+,"Black, Non-Hispanic",Preparing documentation,5.0,4.0,Less time
508,1.0238,30-44,True,Bachelor+,Office/knowledge,Office/knowledge,Male,$150K+,Hispanic,Preparing documentation,1.0,5.0,More time
722,0.9738,45-59,True,Bachelor+,Office/knowledge,Office/knowledge,Female,$100K–$150K,Hispanic,Preparing documentation,4.0,4.0,Same
54,1.0538,45-59,True,Bachelor+,Office/knowledge,Office/knowledge,Female,$150K+,"Other/2+, Non-Hispanic",Preparing documentation,4.0,1.0,Less time
86,1.1796,18-29,False,High school,Office/knowledge,Office/knowledge,Female,Under $25K,"Black, Non-Hispanic",Preparing documentation,2.0,3.0,More time
107,0.9471,45-59,True,Bachelor+,Office/knowledge,Office/knowledge,Male,$100K–$150K,"Other/2+, Non-Hispanic",Preparing documentation,3.0,3.0,Same
100,0.9919,45-59,False,Some college,Office/knowledge,Office/knowledge,Male,$150K+,"White, Non-Hispanic",Preparing documentation,3.0,2.0,Less time
47,0.8625,60+,False,High school,Office/knowledge,Office/knowledge,Female,$50K–$75K,"White, Non-Hispanic",Preparing documentation,3.0,3.0,Same
170,0.9479,30-44,True,Bachelor+,Office/knowledge,Office/knowledge,Male,$150K+,"White, Non-Hispanic",Preparing documentation,5.0,3.0,Less time
190,1.0286,45-59,False,Some college,Sales/service,Frontline,Female,$150K+,"White, Non-Hispanic",Preparing documentation,1.0,1.0,Same
323,0.9464,30-44,False,Some college,Office/knowledge,Office/knowledge,Male,$75K–$100K,"White, Non-Hispanic",Preparing documentation,5.0,3.0,Less time
816,0.8422,60+,False,Some college,Office/knowledge,Office/knowledge,Male,$100K–$150K,"White, Non-Hispanic",Preparing documentation,2.0,2.0,Same
232,0.9651,45-59,False,Some college,Manual/trades,Frontline,Male,$150K+,"White, Non-Hispanic",Preparing documentation,3.0,1.0,Less time
715,1.396,18-29,False,High school,Office/knowledge,Office/knowledge,Female,$25K–$50K,Hispanic,Preparing documentation,6.0,3.0,Not sure/refused
370,1.0054,30-44,True,Bachelor+,Office/knowledge,Office/knowledge,Male,$50K–$75K,"Other/2+, Non-Hispanic",Preparing documentation,2.0,2.0,Same
65,1.2545,18-29,False,Some college,Manual/trades,Frontline,Male,$25K–$50K,"Other/2+, Non-Hispanic",Preparing documentation,3.0,2.0,Less time
730,0.904,45-59,True,Bachelor+,Sales/service,Frontline,Male,$150K+,"White, Non-Hispanic",Preparing documentation,3.0,2.0,Less time
52,0.9787,30-44,True,Bachelor+,Office/knowledge,Office/knowledge,Female,$150K+,"White, Non-Hispanic",Preparing documentation,3.0,2.0,Less time
17,1.0367,30-44,True,Bachelor+,Office/knowledge,Office/knowledge,Male,$150K+,"Other/2+, Non-Hispanic",Preparing documentation,3.0,3.0,Same
996,0.8714,60+,True,Bachelor+,Office/knowledge,Office/knowledge,Female,$150K+,"White, Non-Hispanic",Preparing documentation,4.0,4.0,Same
122,1.2525,18-29,False,Some college,Healthcare,Care & education,Female,$50K–$75K,"Black, Non-Hispanic",Preparing documentation,4.0,4.0,Same
1003,0.8123,60+,True,Bachelor+,Office/knowledge,Office/knowledge,Female,$100K–$150K,"White, Non-Hispanic",Explaining info to clients,5.0,3.0,Less time
241,0.9479,30-44,True,Bachelor+,Office/knowledge,Office/knowledge,Male,$150K+,"White, Non-Hispanic",Explaining info to clients,2.0,1.0,Less time
939,0.868,60+,True,Bachelor+,Sales/service,Frontline,Female,$150K+,"White, Non-Hispanic",Explaining info to clients,4.0,3.0,Less time
1053,0.8084,60+,True,Bachelor+,Education & social services,Care & education,Female,$75K–$100K,"White, Non-Hispanic",Explaining info to clients,4.0,3.0,Less time
236,0.8427,60+,True,Bachelor+,Office/knowledge,Office/knowledge,Male,$100K–$150K,"Black, Non-Hispanic",Explaining info to clients,2.0,1.0,Less time
196,1.0912,30-44,True,Bachelor+,Office/knowledge,Office/knowledge,Female,$150K+,"Other/2+, Non-Hispanic",Explaining info to clients,6.0,1.0,Not sure/refused
573,1.0117,30-44,False,Some college,Office/knowledge,Office/knowledge,Male,$100K–$150K,"Other/2+, Non-Hispanic",Explaining info to clients,1.0,2.0,More time
1104,0.9053,60+,False,Some college,Office/knowledge,Office/knowledge,Female,$150K+,"White, Non-Hispanic",Explaining info to clients,3.0,2.0,Less time
345,0.8184,45-59,True,Bachelor+,Office/knowledge,Office/knowledge,Male,$150K+,"White, Non-Hispanic",Explaining info to clients,1.0,2.0,More time
193,0.9807,30-44,True,Bachelor+,Office/knowledge,Office/knowledge,Male,$100K–$150K,Hispanic,Explaining info to clients,2.0,3.0,More time
627,0.9412,45-59,True,Bachelor+,Office/knowledge,Office/knowledge,Female,$150K+,"White, Non-Hispanic",Explaining info to clients,6.0,2.0,Not sure/refused
807,1.0827,30-44,True,Bachelor+,Office/knowledge,Office/knowledge,Female,$150K+,"White, Non-Hispanic",Explaining info to clients,1.0,5.0,More time
44,0.904,45-59,True,Bachelor+,Office/knowledge,Office/knowledge,Male,$150K+,"White, Non-Hispanic",Explaining info to clients,2.0,1.0,Less time
279,0.9632,45-59,True,Bachelor+,,,Female,$100K–$150K,"Black, Non-Hispanic",Explaining info to clients,2.0,2.0,Same
930,1.2682,18-29,False,Some college,Office/knowledge,Office/knowledge,Male,$25K–$50K,Hispanic,Explaining info to clients,5.0,1.0,Less time
945,1.3003,18-29,False,Some college,Office/knowledge,Office/knowledge,Female,$150K+,Hispanic,Explaining info to clients,2.0,2.0,Same
923,0.9871,45-59,False,High school,Office/knowledge,Office/knowledge,Female,$150K+,"White, Non-Hispanic",Explaining info to clients,1.0,1.0,Same
764,0.9412,45-59,True,Bachelor+,Office/knowledge,Office/knowledge,Female,$150K+,"White, Non-Hispanic",Explaining info to clients,2.0,2.0,Same
1038,1.0156,45-59,True,Bachelor+,Office/knowledge,Office/knowledge,Female,$75K–$100K,Hispanic,Explaining info to clients,5.0,2.0,Less time
263,0.9476,30-44,True,Bachelor+,Office/knowledge,Office/knowledge,Male,$100K–$150K,"Black, Non-Hispanic",Explaining info to clients,4.0,3.0,Less time
69,0.9254,45-59,True,Bachelor+,Office/knowledge,Office/knowledge,Male,$150K+,"White, Non-Hispanic",Explaining info to clients,4.0,3.0,Less time
624,0.805,60+,False,High school,Office/knowledge,Office/knowledge,Male,$100K–$150K,"White, Non-Hispanic",Explaining info to clients,3.0,3.0,Same
943,1.1891,45-59,False,High school,Sales/service,Frontline,Female,$75K–$100K,"Other/2+, Non-Hispanic",Explaining info to clients,7.0,1.0,New task
77,1.1469,30-44,False,Less than HS,Office/knowledge,Office/knowledge,Female,Under $25K,Hispanic,Explaining info to clients,6.0,2.0,Not sure/refused
629,1.261,18-29,False,Some college,Sales/service,Frontline,Female,$50K–$75K,Hispanic,Explaining info to clients,1.0,2.0,More time
957,0.9412,45-59,True,Bachelor+,Office/knowledge,Office/knowledge,Female,$150K+,"White, Non-Hispanic",Explaining info to clients,4.0,3.0,Less time
989,0.9254,45-59,True,Bachelor+,Office/knowledge,Office/knowledge,Male,$150K+,"White, Non-Hispanic",Explaining info to clients,3.0,4.0,More time
67,0.8827,30-44,True,Bachelor+,Office/knowledge,Office/knowledge,Male,$75K–$100K,"White, Non-Hispanic",Explaining info to clients,3.0,3.0,Same
1019,0.9016,45-59,True,Bachelor+,Office/knowledge,Office/knowledge,Female,$100K–$150K,"White, Non-Hispanic",Explaining info to clients,4.0,5.0,More time
1001,0.929,45-59,True,Bachelor+,Office/knowledge,Office/knowledge,Male,$150K+,"White, Non-Hispanic",Explaining info to clients,4.0,3.0,Less time
471,0.9347,45-59,True,Bachelor+,Office/knowledge,Office/knowledge,Female,$150K+,"White, Non-Hispanic",Explaining info to clients,3.0,3.0,Same
773,0.9673,45-59,True,Bachelor+,Education & social services,Care & education,Female,$100K–$150K,"Other/2+, Non-Hispanic",Explaining info to clients,5.0,4.0,Less time
654,0.9138,45-59,False,Some college,,,Male,$75K–$100K,"White, Non-Hispanic",Explaining info to clients,6.0,1.0,Not sure/refused
796,0.908,30-44,False,Some college,Office/knowledge,Office/knowledge,Male,$100K–$150K,"White, Non-Hispanic",Explaining info to clients,3.0,1.0,Less time
24,1.3863,18-29,False,High school,Sales/service,Frontline,Female,$25K–$50K,"Other/2+, Non-Hispanic",Explaining info to clients,2.0,2.0,Same
225,0.9524,60+,True,Bachelor+,Office/knowledge,Office/knowledge,Female,$25K–$50K,"White, Non-Hispanic",Explaining info to clients,4.0,4.0,Same
372,0.9516,30-44,True,Bachelor+,Sales/service,Frontline,Male,$150K+,"White, Non-Hispanic",Explaining info to clients,1.0,2.0,More time
574,1.2657,30-44,True,Bachelor+,Office/knowledge,Office/knowledge,Female,$150K+,"Other/2+, Non-Hispanic",Explaining info to clients,5.0,3.0,Less time
418,0.8515,60+,True,Bachelor+,Office/knowledge,Office/knowledge,Female,$150K+,"White, Non-Hispanic",Explaining info to clients,3.0,1.0,Less time
924,0.9451,45-59,True,Bachelor+,Office/knowledge,Office/knowledge,Female,$150K+,"White, Non-Hispanic",Explaining info to clients,3.0,3.0,Same
591,1.0501,18-29,True,Bachelor+,Office/knowledge,Office/knowledge,Female,$75K–$100K,"White, Non-Hispanic",Explaining info to clients,1.0,1.0,Same
585,0.958,30-44,True,Bachelor+,Office/knowledge,Office/knowledge,Male,$100K–$150K,Hispanic,Explaining info to clients,2.0,1.0,Less time
622,0.9254,45-59,True,Bachelor+,Sales/service,Frontline,Male,$150K+,"White, Non-Hispanic",Explaining info to clients,3.0,2.0,Less time
135,1.2104,30-44,True,Bachelor+,,,Female,$25K–$50K,Hispanic,Explaining info to clients,1.0,1.0,Same
596,0.9078,45-59,True,Bachelor+,Manual/trades,Frontline,Male,$150K+,"White, Non-Hispanic",Explaining info to clients,1.0,1.0,Same
99,1.0078,45-59,False,High school,Education & social services,Care & education,Female,Under $25K,"Black, Non-Hispanic",Explaining info to clients,2.0,2.0,Same
1094,1.0294,45-59,True,Bachelor+,Office/knowledge,Office/knowledge,Female,$150K+,"Other/2+, Non-Hispanic",Explaining info to clients,4.0,4.0,Same
986,1.0227,30-44,True,Bachelor+,Sales/service,Frontline,Female,Under $25K,"Black, Non-Hispanic",Explaining info to clients,1.0,1.0,Same
117,1.0469,45-59,False,High school,Healthcare,Care & education,Female,$50K–$75K,"Black, Non-Hispanic",Explaining info to clients,5.0,5.0,Same
887,1.048,30-44,True,Bachelor+,Office/knowledge,Office/knowledge,Male,$150K+,Hispanic,Explaining info to clients,2.0,2.0,Same
367,0.8664,30-44,True,Bachelor+,Office/knowledge,Office/knowledge,Male,$100K–$150K,"White, Non-Hispanic",Explaining info to clients,4.0,3.0,Less time
387,0.7455,60+,True,Bachelor+,Office/knowledge,Office/knowledge,Male,$150K+,"White, Non-Hispanic",Explaining info to clients,2.0,2.0,Same
1060,1.0464,30-44,False,Some college,Manual/trades,Frontline,Male,$75K–$100K,Hispanic,Explaining info to clients,7.0,2.0,New task
333,0.9412,45-59,True,Bachelor+,Office/knowledge,Office/knowledge,Female,$150K+,"White, Non-Hispanic",Explaining info to clients,1.0,1.0,Same
1101,0.9654,30-44,True,Bachelor+,Office/knowledge,Office/knowledge,Male,$75K–$100K,"Other/2+, Non-Hispanic",Explaining info to clients,1.0,1.0,Same
49,1.0453,30-44,False,Some college,Office/knowledge,Office/knowledge,Female,$100K–$150K,"Other/2+, Non-Hispanic",Explaining info to clients,2.0,2.0,Same
1027,1.0405,30-44,False,Some college,Office/knowledge,Office/knowledge,Female,$150K+,"White, Non-Hispanic",Explaining info to clients,6.0,4.0,Not sure/refused
51,0.904,45-59,True,Bachelor+,Manual/trades,Frontline,Male,$150K+,"White, Non-Hispanic",Explaining info to clients,2.0,3.0,More time
1055,0.9671,18-29,True,Bachelor+,,,Female,$50K–$75K,"White, Non-Hispanic",Explaining info to clients,5.0,5.0,Same
1087,1.0545,18-29,True,Bachelor+,Office/knowledge,Office/knowledge,Female,$75K–$100K,"White, Non-Hispanic",Explaining info to clients,5.0,5.0,Same
701,1.0699,30-44,True,Bachelor+,Education & social services,Care & education,Female,$50K–$75K,Hispanic,Explaining info to clients,1.0,2.0,More time
1015,1.0848,45-59,True,Bachelor+,,,Male,$25K–$50K,"Other/2+, Non-Hispanic",Explaining info to clients,4.0,5.0,More time
1077,1.2057,45-59,False,Some college,Healthcare,Care & education,Female,$25K–$50K,"Black, Non-Hispanic",Explaining info to clients,5.0,5.0,Same
642,0.9374,18-29,True,Bachelor+,Office/knowledge,Office/knowledge,Male,$75K–$100K,"White, Non-Hispanic",Explaining info to clients,2.0,2.0,Same
481,1.0112,45-59,False,Some college,Sales/service,Frontline,Male,$100K–$150K,"Other/2+, Non-Hispanic",Explaining info to clients,4.0,3.0,Less time
18,1.012,30-44,False,Some college,Office/knowledge,Office/knowledge,Male,$150K+,"White, Non-Hispanic",Explaining info to clients,4.0,3.0,Less time
912,1.0955,30-44,True,Bachelor+,Office/knowledge,Office/knowledge,Female,$150K+,"Other/2+, Non-Hispanic",Explaining info to clients,4.0,2.0,Less time
474,1.0592,45-59,False,Some college,Office/knowledge,Office/knowledge,Female,$75K–$100K,Hispanic,Explaining info to clients,1.0,1.0,Same
515,1.1926,18-29,False,Less than HS,Office/knowledge,Office/knowledge,Male,$150K+,"Other/2+, Non-Hispanic",Explaining info to clients,2.0,1.0,Less time
457,0.9424,30-44,False,Some college,Office/knowledge,Office/knowledge,Male,$75K–$100K,"White, Non-Hispanic",Explaining info to clients,3.0,3.0,Same
892,0.9494,30-44,False,Some college,Education & social services,Care & education,Male,Under $25K,Hispanic,Explaining info to clients,2.0,2.0,Same
66,1.0293,45-59,True,Bachelor+,Office/knowledge,Office/knowledge,Female,$150K+,"Black, Non-Hispanic",Explaining info to clients,1.0,2.0,More time
97,0.929,45-59,True,Bachelor+,Office/knowledge,Office/knowledge,Male,$150K+,"White, Non-Hispanic",Explaining info to clients,2.0,2.0,Same
1014,0.8235,60+,True,Bachelor+,Office/knowledge,Office/knowledge,Male,$150K+,"White, Non-Hispanic",Explaining info to clients,2.0,2.0,Same
489,1.1073,18-29,False,Some college,Sales/service,Frontline,Male,$100K–$150K,Hispanic,Explaining info to clients,4.0,3.0,Less time
93,0.9545,45-59,False,High school,Sales/service,Frontline,Male,$100K–$150K,Hispanic,Explaining info to clients,4.0,4.0,Same
1011,0.971,30-44,False,Some college,Sales/service,Frontline,Male,Under $25K,"White, Non-Hispanic",Explaining info to clients,2.0,1.0,Less time
261,0.9543,30-44,False,High school,,,Female,Under $25K,"White, Non-Hispanic",Explaining info to clients,5.0,5.0,Same
687,1.1006,18-29,True,Bachelor+,Manual/trades,Frontline,Male,$150K+,"Black, Non-Hispanic",Explaining info to clients,2.0,4.0,More time
947,1.2332,18-29,True,Bachelor+,Office/knowledge,Office/knowledge,Female,$150K+,"Black, Non-Hispanic",Explaining info to clients,1.0,2.0,More time
417,1.241,18-29,False,High school,Sales/service,Frontline,Male,$25K–$50K,Hispanic,Explaining info to clients,3.0,3.0,Same
145,0.9739,30-44,True,Bachelor+,Office/knowledge,Office/knowledge,Male,$100K–$150K,"Other/2+, Non-Hispanic",Explaining info to clients,1.0,1.0,Same
330,0.8463,60+,True,Bachelor+,,,Male,$150K+,"White, Non-Hispanic",Explaining info to clients,1.0,1.0,Same
838,1.0223,18-29,False,Less than HS,Manual/trades,Frontline,Male,Under $25K,"White, Non-Hispanic",Explaining info to clients,3.0,2.0,Less time
634,0.976,30-44,True,Bachelor+,Sales/service,Frontline,Male,$75K–$100K,Hispanic,Explaining info to clients,3.0,3.0,Same
221,0.9516,30-44,True,Bachelor+,Office/knowledge,Office/knowledge,Male,$150K+,"White, Non-Hispanic",Explaining info to clients,5.0,3.0,Less time
142,1.1275,18-29,False,Some college,Office/knowledge,Office/knowledge,Male,Under $25K,"Other/2+, Non-Hispanic",Explaining info to clients,3.0,4.0,More time
432,1.0481,30-44,False,High school,Sales/service,Frontline,Female,Under $25K,"Black, Non-Hispanic",Explaining info to clients,4.0,3.0,Less time
859,0.8235,60+,True,Bachelor+,Office/knowledge,Office/knowledge,Male,$150K+,"White, Non-Hispanic",Explaining info to clients,2.0,2.0,Same
831,0.9993,18-29,False,High school,Sales/service,Frontline,Male,$150K+,"White, Non-Hispanic",Explaining info to clients,7.0,1.0,New task
855,0.7935,60+,True,Bachelor+,Healthcare,Care & education,Female,$100K–$150K,"White, Non-Hispanic",Explaining info to clients,2.0,3.0,More time
525,1.1211,18-29,False,Some college,Sales/service,Frontline,Female,$75K–$100K,"White, Non-Hispanic",Explaining info to clients,2.0,1.0,Less time
86,1.1796,18-29,False,High school,Office/knowledge,Office/knowledge,Female,Under $25K,"Black, Non-Hispanic",Explaining info to clients,1.0,2.0,More time
107,0.9471,45-59,True,Bachelor+,Office/knowledge,Office/knowledge,Male,$100K–$150K,"Other/2+, Non-Hispanic",Explaining info to clients,3.0,3.0,Same
350,1.2333,18-29,True,Bachelor+,Office/knowledge,Office/knowledge,Female,$150K+,"Other/2+, Non-Hispanic",Explaining info to clients,5.0,4.0,Less time
100,0.9919,45-59,False,Some college,Office/knowledge,Office/knowledge,Male,$150K+,"White, Non-Hispanic",Explaining info to clients,3.0,2.0,Less time
269,1.1405,18-29,False,Some college,Healthcare,Care & education,Female,$50K–$75K,"White, Non-Hispanic",Explaining info to clients,3.0,3.0,Same
170,0.9479,30-44,True,Bachelor+,Office/knowledge,Office/knowledge,Male,$150K+,"White, Non-Hispanic",Explaining info to clients,5.0,1.0,Less time
470,0.9289,30-44,False,Some college,Office/knowledge,Office/knowledge,Male,$100K–$150K,"White, Non-Hispanic",Explaining info to clients,2.0,1.0,Less time
323,0.9464,30-44,False,Some college,Office/knowledge,Office/knowledge,Male,$75K–$100K,"White, Non-Hispanic",Explaining info to clients,5.0,3.0,Less time
816,0.8422,60+,False,Some college,Office/knowledge,Office/knowledge,Male,$100K–$150K,"White, Non-Hispanic",Explaining info to clients,1.0,2.0,More time
715,1.396,18-29,False,High school,Office/knowledge,Office/knowledge,Female,$25K–$50K,Hispanic,Explaining info to clients,3.0,2.0,Less time
370,1.0054,30-44,True,Bachelor+,Office/knowledge,Office/knowledge,Male,$50K–$75K,"Other/2+, Non-Hispanic",Explaining info to clients,3.0,2.0,Less time
534,1.0437,30-44,False,High school,Healthcare,Care & education,Female,Under $25K,"Black, Non-Hispanic",Explaining info to clients,3.0,1.0,Less time
357,0.9915,30-44,False,High school,Office/knowledge,Office/knowledge,Male,Under $25K,"Black, Non-Hispanic",Explaining info to clients,4.0,2.0,Less time
873,1.037,30-44,False,High school,,,Female,$75K–$100K,"Black, Non-Hispanic",Explaining info to clients,3.0,2.0,Less time
521,1.176,18-29,False,Some college,Sales/service,Frontline,Female,$150K+,"White, Non-Hispanic",Explaining info to clients,4.0,3.0,Less time
566,1.0327,45-59,False,Some college,Office/knowledge,Office/knowledge,Female,$150K+,"White, Non-Hispanic",Explaining info to clients,3.0,3.0,Same
730,0.904,45-59,True,Bachelor+,Sales/service,Frontline,Male,$150K+,"White, Non-Hispanic",Explaining info to clients,3.0,2.0,Less time
897,1.0223,18-29,False,Less than HS,Healthcare,Care & education,Male,Under $25K,"White, Non-Hispanic",Explaining info to clients,6.0,2.0,Not sure/refused
52,0.9787,30-44,True,Bachelor+,Office/knowledge,Office/knowledge,Female,$150K+,"White, Non-Hispanic",Explaining info to clients,3.0,2.0,Less time
626,0.9267,60+,False,Some college,,,Female,$150K+,"White, Non-Hispanic",Explaining info to clients,2.0,2.0,Same
17,1.0367,30-44,True,Bachelor+,Office/knowledge,Office/knowledge,Male,$150K+,"Other/2+, Non-Hispanic",Explaining info to clients,3.0,3.0,Same
81,1.199,18-29,False,High school,Office/knowledge,Office/knowledge,Male,$25K–$50K,"Black, Non-Hispanic",Explaining info to clients,4.0,3.0,Less time
122,1.2525,18-29,False,Some college,Healthcare,Care & education,Female,$50K–$75K,"Black, Non-Hispanic",Explaining info to clients,5.0,2.0,Less time
9,1.1265,18-29,False,Some college,Office/knowledge,Office/knowledge,Female,$100K–$150K,"White, Non-Hispanic",Explaining info to clients,1.0,1.0,Same
502,1.1062,18-29,True,Bachelor+,Office/knowledge,Office/knowledge,Female,$150K+,"White, Non-Hispanic",Explaining info to clients,2.0,2.0,Same
163,0.9255,60+,True,Bachelor+,Office/knowledge,Office/knowledge,Male,$150K+,"Black, Non-Hispanic",Advising on business,4.0,2.0,Less time
1098,1.0535,30-44,False,High school,Office/knowledge,Office/knowledge,Female,$100K–$150K,Hispanic,Advising on business,6.0,2.0,Not sure/refused
411,0.8463,60+,True,Bachelor+,Manual/trades,Frontline,Male,$150K+,"White, Non-Hispanic",Advising on business,3.0,2.0,Less time
573,1.0117,30-44,False,Some college,Office/knowledge,Office/knowledge,Male,$100K–$150K,"Other/2+, Non-Hispanic",Advising on business,1.0,1.0,Same
147,0.929,45-59,True,Bachelor+,Office/knowledge,Office/knowledge,Male,$150K+,"White, Non-Hispanic",Advising on business,2.0,3.0,More time
437,0.9229,30-44,True,Bachelor+,Office/knowledge,Office/knowledge,Male,$50K–$75K,"White, Non-Hispanic",Advising on business,6.0,2.0,Not sure/refused
440,0.8829,60+,False,Some college,Office/knowledge,Office/knowledge,Male,$150K+,"White, Non-Hispanic",Advising on business,3.0,3.0,Same
157,0.9452,30-44,True,Bachelor+,Office/knowledge,Office/knowledge,Female,$50K–$75K,"White, Non-Hispanic",Advising on business,1.0,1.0,Same
62,0.9549,30-44,True,Bachelor+,Office/knowledge,Office/knowledge,Female,$75K–$100K,"White, Non-Hispanic",Advising on business,6.0,2.0,Not sure/refused
263,0.9476,30-44,True,Bachelor+,Office/knowledge,Office/knowledge,Male,$100K–$150K,"Black, Non-Hispanic",Advising on business,3.0,3.0,Same
624,0.805,60+,False,High school,Office/knowledge,Office/knowledge,Male,$100K–$150K,"White, Non-Hispanic",Advising on business,7.0,4.0,New task
667,1.0337,45-59,True,Bachelor+,Office/knowledge,Office/knowledge,Female,$150K+,"Other/2+, Non-Hispanic",Advising on business,2.0,2.0,Same
292,0.929,45-59,True,Bachelor+,Office/knowledge,Office/knowledge,Male,$150K+,"White, Non-Hispanic",Advising on business,4.0,2.0,Less time
322,0.9619,45-59,False,Some college,Office/knowledge,Office/knowledge,Male,$50K–$75K,"White, Non-Hispanic",Advising on business,1.0,1.0,Same
588,0.9479,30-44,True,Bachelor+,Office/knowledge,Office/knowledge,Male,$150K+,"White, Non-Hispanic",Advising on business,5.0,5.0,Same
67,0.8827,30-44,True,Bachelor+,Office/knowledge,Office/knowledge,Male,$75K–$100K,"White, Non-Hispanic",Advising on business,5.0,5.0,Same
547,0.8235,60+,True,Bachelor+,Office/knowledge,Office/knowledge,Male,$150K+,"White, Non-Hispanic",Advising on business,4.0,4.0,Same
574,1.2657,30-44,True,Bachelor+,Office/knowledge,Office/knowledge,Female,$150K+,"Other/2+, Non-Hispanic",Advising on business,5.0,3.0,Less time
924,0.9451,45-59,True,Bachelor+,Office/knowledge,Office/knowledge,Female,$150K+,"White, Non-Hispanic",Advising on business,3.0,3.0,Same
359,1.0944,30-44,False,Some college,Office/knowledge,Office/knowledge,Female,$100K–$150K,"Black, Non-Hispanic",Advising on business,3.0,3.0,Same
592,1.0578,45-59,True,Bachelor+,Education & social services,Care & education,Female,$150K+,"Black, Non-Hispanic",Advising on business,2.0,2.0,Same
596,0.9078,45-59,True,Bachelor+,Manual/trades,Frontline,Male,$150K+,"White, Non-Hispanic",Advising on business,1.0,1.0,Same
1094,1.0294,45-59,True,Bachelor+,Office/knowledge,Office/knowledge,Female,$150K+,"Other/2+, Non-Hispanic",Advising on business,4.0,4.0,Same
1030,0.9451,45-59,True,Bachelor+,Office/knowledge,Office/knowledge,Female,$150K+,"White, Non-Hispanic",Advising on business,6.0,3.0,Not sure/refused
790,0.8828,60+,True,Bachelor+,Office/knowledge,Office/knowledge,Female,$50K–$75K,"Other/2+, Non-Hispanic",Advising on business,2.0,2.0,Same
26,0.9516,30-44,True,Bachelor+,Office/knowledge,Office/knowledge,Male,$150K+,"White, Non-Hispanic",Advising on business,1.0,2.0,More time
1055,0.9671,18-29,True,Bachelor+,,,Female,$50K–$75K,"White, Non-Hispanic",Advising on business,5.0,5.0,Same
1087,1.0545,18-29,True,Bachelor+,Office/knowledge,Office/knowledge,Female,$75K–$100K,"White, Non-Hispanic",Advising on business,1.0,2.0,More time
61,0.9516,30-44,True,Bachelor+,Office/knowledge,Office/knowledge,Male,$150K+,"White, Non-Hispanic",Advising on business,2.0,2.0,Same
338,1.0293,45-59,True,Bachelor+,Office/knowledge,Office/knowledge,Female,$150K+,"Black, Non-Hispanic",Advising on business,1.0,1.0,Same
1024,1.2122,18-29,False,High school,,,Male,$25K–$50K,Hispanic,Advising on business,5.0,2.0,Less time
912,1.0955,30-44,True,Bachelor+,Office/knowledge,Office/knowledge,Female,$150K+,"Other/2+, Non-Hispanic",Advising on business,4.0,2.0,Less time
116,1.238,18-29,True,Bachelor+,Office/knowledge,Office/knowledge,Female,$150K+,"Black, Non-Hispanic",Advising on business,5.0,2.0,Less time
457,0.9424,30-44,False,Some college,Office/knowledge,Office/knowledge,Male,$75K–$100K,"White, Non-Hispanic",Advising on business,3.0,3.0,Same
66,1.0293,45-59,True,Bachelor+,Office/knowledge,Office/knowledge,Female,$150K+,"Black, Non-Hispanic",Advising on business,1.0,2.0,More time
635,0.9993,18-29,False,High school,Office/knowledge,Office/knowledge,Male,$150K+,"White, Non-Hispanic",Advising on business,2.0,3.0,More time
620,1.0447,18-29,False,High school,Office/knowledge,Office/knowledge,Female,$100K–$150K,"White, Non-Hispanic",Advising on business,3.0,3.0,Same
838,1.0223,18-29,False,Less than HS,Manual/trades,Frontline,Male,Under $25K,"White, Non-Hispanic",Advising on business,4.0,3.0,Less time
855,0.7935,60+,True,Bachelor+,Healthcare,Care & education,Female,$100K–$150K,"White, Non-Hispanic",Advising on business,2.0,3.0,More time
543,0.9672,45-59,True,Bachelor+,Office/knowledge,Office/knowledge,Female,$150K+,"White, Non-Hispanic",Advising on business,3.0,2.0,Less time
312,1.0716,18-29,False,High school,Office/knowledge,Office/knowledge,Female,$75K–$100K,"White, Non-Hispanic",Advising on business,3.0,4.0,More time
526,1.0418,18-29,False,High school,Office/knowledge,Office/knowledge,Male,$75K–$100K,"Black, Non-Hispanic",Advising on business,3.0,3.0,Same
944,1.1206,30-44,False,Some college,Office/knowledge,Office/knowledge,Female,$25K–$50K,"White, Non-Hispanic",Advising on business,1.0,1.0,Same
804,1.0134,30-44,False,Some college,Office/knowledge,Office/knowledge,Female,$50K–$75K,"White, Non-Hispanic",Advising on business,7.0,2.0,New task
47,0.8625,60+,False,High school,Office/knowledge,Office/knowledge,Female,$50K–$75K,"White, Non-Hispanic",Advising on business,3.0,2.0,Less time
170,0.9479,30-44,True,Bachelor+,Office/knowledge,Office/knowledge,Male,$150K+,"White, Non-Hispanic",Advising on business,5.0,2.0,Less time
470,0.9289,30-44,False,Some college,Office/knowledge,Office/knowledge,Male,$100K–$150K,"White, Non-Hispanic",Advising on business,2.0,1.0,Less time
1106,0.9792,18-29,True,Bachelor+,Office/knowledge,Office/knowledge,Male,$150K+,"White, Non-Hispanic",Advising on business,7.0,3.0,New task
566,1.0327,45-59,False,Some college,Office/knowledge,Office/knowledge,Female,$150K+,"White, Non-Hispanic",Advising on business,3.0,3.0,Same
45,1.0454,18-29,False,Some college,Sales/service,Frontline,Male,$150K+,"White, Non-Hispanic",Advising on business,2.0,4.0,More time
81,1.199,18-29,False,High school,Office/knowledge,Office/knowledge,Male,$25K–$50K,"Black, Non-Hispanic",Advising on business,4.0,3.0,Less time
122,1.2525,18-29,False,Some college,Healthcare,Care & education,Female,$50K–$75K,"Black, Non-Hispanic",Advising on business,4.0,3.0,Less time
1063,0.9886,45-59,True,Bachelor+,Education & social services,Care & education,Male,$150K+,"Black, Non-Hispanic",Assessing students,4.0,4.0,Same
879,1.1211,45-59,False,High school,Education & social services,Care & education,Male,$100K–$150K,"Other/2+, Non-Hispanic",Assessing students,2.0,2.0,Same
930,1.2682,18-29,False,Some college,Office/knowledge,Office/knowledge,Male,$25K–$50K,Hispanic,Assessing students,5.0,1.0,Less time
22,0.8083,60+,True,Bachelor+,Healthcare,Care & education,Male,$150K+,"White, Non-Hispanic",Assessing students,1.0,1.0,Same
629,1.261,18-29,False,Some college,Sales/service,Frontline,Female,$50K–$75K,Hispanic,Assessing students,2.0,2.0,Same
1026,0.9854,45-59,True,Bachelor+,Education & social services,Care & education,Male,$50K–$75K,"Black, Non-Hispanic",Assessing students,3.0,2.0,Less time
431,0.828,60+,False,Some college,Education & social services,Care & education,Male,Under $25K,"White, Non-Hispanic",Assessing students,1.0,2.0,More time
43,0.9672,45-59,True,Bachelor+,Education & social services,Care & education,Female,$150K+,"White, Non-Hispanic",Assessing students,4.0,2.0,Less time
886,0.9412,45-59,True,Bachelor+,Healthcare,Care & education,Female,$150K+,"White, Non-Hispanic",Assessing students,3.0,3.0,Same
1025,0.8463,60+,True,Bachelor+,Education & social services,Care & education,Male,$150K+,"White, Non-Hispanic",Assessing students,4.0,4.0,Same
598,0.9632,45-59,True,Bachelor+,Education & social services,Care & education,Female,$100K–$150K,"Black, Non-Hispanic",Assessing students,3.0,2.0,Less time
839,0.9373,30-44,True,Bachelor+,Education & social services,Care & education,Female,$100K–$150K,"White, Non-Hispanic",Assessing students,3.0,3.0,Same
948,1.0017,30-44,True,Bachelor+,Office/knowledge,Office/knowledge,Female,$100K–$150K,"Other/2+, Non-Hispanic",Assessing students,2.0,2.0,Same
204,0.9672,45-59,True,Bachelor+,Education & social services,Care & education,Female,$150K+,"White, Non-Hispanic",Assessing students,2.0,2.0,Same
805,1.0406,45-59,True,Bachelor+,Education & social services,Care & education,Female,$150K+,Hispanic,Assessing students,2.0,3.0,More time
405,0.7676,60+,True,Bachelor+,Education & social services,Care & education,Female,$150K+,"White, Non-Hispanic",Assessing students,3.0,3.0,Same
338,1.0293,45-59,True,Bachelor+,Office/knowledge,Office/knowledge,Female,$150K+,"Black, Non-Hispanic",Assessing students,1.0,1.0,Same
307,1.015,30-44,False,High school,Healthcare,Care & education,Male,Under $25K,"Black, Non-Hispanic",Assessing students,3.0,1.0,Less time
555,0.9159,30-44,True,Bachelor+,Education & social services,Care & education,Female,$100K–$150K,"White, Non-Hispanic",Assessing students,3.0,2.0,Less time
892,0.9494,30-44,False,Some college,Education & social services,Care & education,Male,Under $25K,Hispanic,Assessing students,2.0,2.0,Same
233,1.0251,30-44,True,Bachelor+,Education & social services,Care & education,Female,$100K–$150K,"Other/2+, Non-Hispanic",Assessing students,3.0,2.0,Less time
54,1.0538,45-59,True,Bachelor+,Office/knowledge,Office/knowledge,Female,$150K+,"Other/2+, Non-Hispanic",Assessing students,3.0,1.0,Less time
86,1.1796,18-29,False,High school,Office/knowledge,Office/knowledge,Female,Under $25K,"Black, Non-Hispanic",Assessing students,3.0,2.0,Less time
122,1.2525,18-29,False,Some college,Healthcare,Care & education,Female,$50K–$75K,"Black, Non-Hispanic",Assessing students,2.0,5.0,More time
