question,question_number,question_verbatim,response_verbatim,demographic,demographic_value,response,n,n_base,pct,se,ci_lo,ci_hi
q1_job_tasks,1,Which of the following are a regular part of your current job? Select all that apply.,Maintaining operational records,full_sample,All,Maintaining operational records,325,1103,29.02,1.37,26.81,31.33
q1_job_tasks,1,Which of the following are a regular part of your current job? Select all that apply.,"Developing organizational policies, systems, or processes",full_sample,All,"Developing policies, systems, or processes",217,1103,19.36,1.19,17.46,21.4
q1_job_tasks,1,Which of the following are a regular part of your current job? Select all that apply.,Reading documents or materials to inform work processes,full_sample,All,Reading documents to inform work,351,1103,31.41,1.4,29.15,33.77
q1_job_tasks,1,Which of the following are a regular part of your current job? Select all that apply.,Determining values or prices of goods or services,full_sample,All,Determining values or prices,147,1103,13.04,1.01,11.45,14.81
q1_job_tasks,1,Which of the following are a regular part of your current job? Select all that apply.,"Analyzing data, or evaluating the quality or accuracy of data",full_sample,All,Analyzing or evaluating data,331,1103,29.47,1.38,27.25,31.79
q1_job_tasks,1,Which of the following are a regular part of your current job? Select all that apply.,Designing computer or information systems or applications,full_sample,All,Designing computer or information systems,97,1103,8.73,0.85,7.42,10.24
q1_job_tasks,1,Which of the following are a regular part of your current job? Select all that apply.,"Preparing documentation for contracts, applications, or permits",full_sample,All,"Preparing contracts, applications, or permits",177,1103,15.72,1.09,13.99,17.62
q1_job_tasks,1,Which of the following are a regular part of your current job? Select all that apply.,Explaining or providing information to clients or customers (incl. about products or services),full_sample,All,Explaining or providing info to clients,347,1103,31.15,1.4,28.89,33.51
q1_job_tasks,1,Which of the following are a regular part of your current job? Select all that apply.,Advising others on business or operational matters,full_sample,All,Advising on business or operational matters,201,1103,17.78,1.15,15.95,19.76
q1_job_tasks,1,Which of the following are a regular part of your current job? Select all that apply.,"Assessing student capabilities, needs, or performance",full_sample,All,Assessing student capabilities or needs,95,1103,8.59,0.85,7.29,10.09
q1_job_tasks,1,Which of the following are a regular part of your current job? Select all that apply.,None of the above,full_sample,All,None of the above,388,1103,35.77,1.46,33.42,38.2
q1_job_tasks,1,Which of the following are a regular part of your current job? Select all that apply.,Maintaining operational records,age_group,18–29,Maintaining operational records,55,232,23.41,2.79,19.14,28.31
q1_job_tasks,1,Which of the following are a regular part of your current job? Select all that apply.,"Developing organizational policies, systems, or processes",age_group,18–29,"Developing policies, systems, or processes",33,232,14.34,2.33,10.95,18.56
q1_job_tasks,1,Which of the following are a regular part of your current job? Select all that apply.,Reading documents or materials to inform work processes,age_group,18–29,Reading documents to inform work,62,232,26.15,2.89,21.67,31.18
q1_job_tasks,1,Which of the following are a regular part of your current job? Select all that apply.,Determining values or prices of goods or services,age_group,18–29,Determining values or prices,23,232,9.89,1.98,7.1,13.62
q1_job_tasks,1,Which of the following are a regular part of your current job? Select all that apply.,"Analyzing data, or evaluating the quality or accuracy of data",age_group,18–29,Analyzing or evaluating data,50,232,21.31,2.7,17.21,26.08
q1_job_tasks,1,Which of the following are a regular part of your current job? Select all that apply.,Designing computer or information systems or applications,age_group,18–29,Designing computer or information systems,27,232,11.36,2.08,8.35,15.27
q1_job_tasks,1,Which of the following are a regular part of your current job? Select all that apply.,"Preparing documentation for contracts, applications, or permits",age_group,18–29,"Preparing contracts, applications, or permits",21,232,9.33,1.95,6.62,12.98
q1_job_tasks,1,Which of the following are a regular part of your current job? Select all that apply.,Explaining or providing information to clients or customers (incl. about products or services),age_group,18–29,Explaining or providing info to clients,62,232,27.02,2.95,22.48,32.09
q1_job_tasks,1,Which of the following are a regular part of your current job? Select all that apply.,Advising others on business or operational matters,age_group,18–29,Advising on business or operational matters,37,232,15.92,2.42,12.34,20.29
q1_job_tasks,1,Which of the following are a regular part of your current job? Select all that apply.,"Assessing student capabilities, needs, or performance",age_group,18–29,Assessing student capabilities or needs,18,232,7.95,1.82,5.48,11.41
q1_job_tasks,1,Which of the following are a regular part of your current job? Select all that apply.,None of the above,age_group,18–29,None of the above,98,232,42.53,3.27,37.28,47.96
q1_job_tasks,1,Which of the following are a regular part of your current job? Select all that apply.,Maintaining operational records,age_group,30–44,Maintaining operational records,136,382,35.16,2.45,31.25,39.29
q1_job_tasks,1,Which of the following are a regular part of your current job? Select all that apply.,"Developing organizational policies, systems, or processes",age_group,30–44,"Developing policies, systems, or processes",88,382,22.68,2.14,19.34,26.4
q1_job_tasks,1,Which of the following are a regular part of your current job? Select all that apply.,Reading documents or materials to inform work processes,age_group,30–44,Reading documents to inform work,145,382,37.58,2.48,33.59,41.75
q1_job_tasks,1,Which of the following are a regular part of your current job? Select all that apply.,Determining values or prices of goods or services,age_group,30–44,Determining values or prices,54,382,13.94,1.77,11.27,17.12
q1_job_tasks,1,Which of the following are a regular part of your current job? Select all that apply.,"Analyzing data, or evaluating the quality or accuracy of data",age_group,30–44,Analyzing or evaluating data,146,382,37.7,2.48,33.71,41.87
q1_job_tasks,1,Which of the following are a regular part of your current job? Select all that apply.,Designing computer or information systems or applications,age_group,30–44,Designing computer or information systems,35,382,8.92,1.45,6.8,11.63
q1_job_tasks,1,Which of the following are a regular part of your current job? Select all that apply.,"Preparing documentation for contracts, applications, or permits",age_group,30–44,"Preparing contracts, applications, or permits",70,382,18.13,1.97,15.11,21.61
q1_job_tasks,1,Which of the following are a regular part of your current job? Select all that apply.,Explaining or providing information to clients or customers (incl. about products or services),age_group,30–44,Explaining or providing info to clients,122,382,31.68,2.39,27.89,35.72
q1_job_tasks,1,Which of the following are a regular part of your current job? Select all that apply.,Advising others on business or operational matters,age_group,30–44,Advising on business or operational matters,74,382,18.91,1.99,15.83,22.43
q1_job_tasks,1,Which of the following are a regular part of your current job? Select all that apply.,"Assessing student capabilities, needs, or performance",age_group,30–44,Assessing student capabilities or needs,35,382,8.99,1.46,6.85,11.7
q1_job_tasks,1,Which of the following are a regular part of your current job? Select all that apply.,None of the above,age_group,30–44,None of the above,115,382,30.65,2.38,26.9,34.67
q1_job_tasks,1,Which of the following are a regular part of your current job? Select all that apply.,Maintaining operational records,age_group,45–59,Maintaining operational records,87,312,27.69,2.54,23.72,32.05
q1_job_tasks,1,Which of the following are a regular part of your current job? Select all that apply.,"Developing organizational policies, systems, or processes",age_group,45–59,"Developing policies, systems, or processes",70,312,21.95,2.33,18.33,26.05
q1_job_tasks,1,Which of the following are a regular part of your current job? Select all that apply.,Reading documents or materials to inform work processes,age_group,45–59,Reading documents to inform work,101,312,31.95,2.64,27.76,36.44
q1_job_tasks,1,Which of the following are a regular part of your current job? Select all that apply.,Determining values or prices of goods or services,age_group,45–59,Determining values or prices,45,312,14.21,1.97,11.26,17.78
q1_job_tasks,1,Which of the following are a regular part of your current job? Select all that apply.,"Analyzing data, or evaluating the quality or accuracy of data",age_group,45–59,Analyzing or evaluating data,94,312,29.48,2.58,25.41,33.9
q1_job_tasks,1,Which of the following are a regular part of your current job? Select all that apply.,Designing computer or information systems or applications,age_group,45–59,Designing computer or information systems,25,312,7.82,1.51,5.67,10.71
q1_job_tasks,1,Which of the following are a regular part of your current job? Select all that apply.,"Preparing documentation for contracts, applications, or permits",age_group,45–59,"Preparing contracts, applications, or permits",61,312,19.17,2.22,15.77,23.11
q1_job_tasks,1,Which of the following are a regular part of your current job? Select all that apply.,Explaining or providing information to clients or customers (incl. about products or services),age_group,45–59,Explaining or providing info to clients,112,312,35.46,2.71,31.13,40.03
q1_job_tasks,1,Which of the following are a regular part of your current job? Select all that apply.,Advising others on business or operational matters,age_group,45–59,Advising on business or operational matters,60,312,18.67,2.19,15.31,22.57
q1_job_tasks,1,Which of the following are a regular part of your current job? Select all that apply.,"Assessing student capabilities, needs, or performance",age_group,45–59,Assessing student capabilities or needs,33,312,10.49,1.74,7.97,13.71
q1_job_tasks,1,Which of the following are a regular part of your current job? Select all that apply.,None of the above,age_group,45–59,None of the above,100,312,32.67,2.68,28.46,37.18
q1_job_tasks,1,Which of the following are a regular part of your current job? Select all that apply.,Maintaining operational records,age_group,60+,Maintaining operational records,47,177,25.86,3.28,20.83,31.63
q1_job_tasks,1,Which of the following are a regular part of your current job? Select all that apply.,"Developing organizational policies, systems, or processes",age_group,60+,"Developing policies, systems, or processes",26,177,14.5,2.65,10.67,19.4
q1_job_tasks,1,Which of the following are a regular part of your current job? Select all that apply.,Reading documents or materials to inform work processes,age_group,60+,Reading documents to inform work,43,177,23.96,3.21,19.08,29.62
q1_job_tasks,1,Which of the following are a regular part of your current job? Select all that apply.,Determining values or prices of goods or services,age_group,60+,Determining values or prices,25,177,13.82,2.59,10.09,18.65
q1_job_tasks,1,Which of the following are a regular part of your current job? Select all that apply.,"Analyzing data, or evaluating the quality or accuracy of data",age_group,60+,Analyzing or evaluating data,41,177,22.81,3.15,18.04,28.4
q1_job_tasks,1,Which of the following are a regular part of your current job? Select all that apply.,Designing computer or information systems or applications,age_group,60+,Designing computer or information systems,10,177,5.55,1.71,3.33,9.12
q1_job_tasks,1,Which of the following are a regular part of your current job? Select all that apply.,"Preparing documentation for contracts, applications, or permits",age_group,60+,"Preparing contracts, applications, or permits",25,177,13.77,2.58,10.04,18.59
q1_job_tasks,1,Which of the following are a regular part of your current job? Select all that apply.,Explaining or providing information to clients or customers (incl. about products or services),age_group,60+,Explaining or providing info to clients,51,177,28.35,3.39,23.12,34.23
q1_job_tasks,1,Which of the following are a regular part of your current job? Select all that apply.,Advising others on business or operational matters,age_group,60+,Advising on business or operational matters,30,177,16.34,2.75,12.27,21.43
q1_job_tasks,1,Which of the following are a regular part of your current job? Select all that apply.,"Assessing student capabilities, needs, or performance",age_group,60+,Assessing student capabilities or needs,9,177,4.91,1.6,2.85,8.34
q1_job_tasks,1,Which of the following are a regular part of your current job? Select all that apply.,None of the above,age_group,60+,None of the above,75,177,43.19,3.75,37.2,49.39
q1_job_tasks,1,Which of the following are a regular part of your current job? Select all that apply.,Maintaining operational records,gender,Male,Maintaining operational records,188,593,31.18,1.91,28.12,34.4
q1_job_tasks,1,Which of the following are a regular part of your current job? Select all that apply.,"Developing organizational policies, systems, or processes",gender,Male,"Developing policies, systems, or processes",126,593,20.82,1.67,18.2,23.71
q1_job_tasks,1,Which of the following are a regular part of your current job? Select all that apply.,Reading documents or materials to inform work processes,gender,Male,Reading documents to inform work,187,593,31.19,1.91,28.13,34.41
q1_job_tasks,1,Which of the following are a regular part of your current job? Select all that apply.,Determining values or prices of goods or services,gender,Male,Determining values or prices,88,593,14.49,1.44,12.26,17.04
q1_job_tasks,1,Which of the following are a regular part of your current job? Select all that apply.,"Analyzing data, or evaluating the quality or accuracy of data",gender,Male,Analyzing or evaluating data,197,593,32.69,1.93,29.59,35.95
q1_job_tasks,1,Which of the following are a regular part of your current job? Select all that apply.,Designing computer or information systems or applications,gender,Male,Designing computer or information systems,71,593,11.85,1.33,9.83,14.22
q1_job_tasks,1,Which of the following are a regular part of your current job? Select all that apply.,"Preparing documentation for contracts, applications, or permits",gender,Male,"Preparing contracts, applications, or permits",100,593,16.53,1.52,14.16,19.2
q1_job_tasks,1,Which of the following are a regular part of your current job? Select all that apply.,Explaining or providing information to clients or customers (incl. about products or services),gender,Male,Explaining or providing info to clients,172,593,28.57,1.86,25.61,31.73
q1_job_tasks,1,Which of the following are a regular part of your current job? Select all that apply.,Advising others on business or operational matters,gender,Male,Advising on business or operational matters,120,593,19.65,1.62,17.09,22.48
q1_job_tasks,1,Which of the following are a regular part of your current job? Select all that apply.,"Assessing student capabilities, needs, or performance",gender,Male,Assessing student capabilities or needs,37,593,6.16,0.99,4.72,8.0
q1_job_tasks,1,Which of the following are a regular part of your current job? Select all that apply.,None of the above,gender,Male,None of the above,208,593,35.69,1.99,32.51,39.0
q1_job_tasks,1,Which of the following are a regular part of your current job? Select all that apply.,Maintaining operational records,gender,Female,Maintaining operational records,137,510,26.65,1.97,23.54,30.02
q1_job_tasks,1,Which of the following are a regular part of your current job? Select all that apply.,"Developing organizational policies, systems, or processes",gender,Female,"Developing policies, systems, or processes",91,510,17.75,1.7,15.12,20.73
q1_job_tasks,1,Which of the following are a regular part of your current job? Select all that apply.,Reading documents or materials to inform work processes,gender,Female,Reading documents to inform work,164,510,31.67,2.07,28.36,35.17
q1_job_tasks,1,Which of the following are a regular part of your current job? Select all that apply.,Determining values or prices of goods or services,gender,Female,Determining values or prices,59,510,11.46,1.42,9.32,14.0
q1_job_tasks,1,Which of the following are a regular part of your current job? Select all that apply.,"Analyzing data, or evaluating the quality or accuracy of data",gender,Female,Analyzing or evaluating data,134,510,25.94,1.95,22.85,29.28
q1_job_tasks,1,Which of the following are a regular part of your current job? Select all that apply.,Designing computer or information systems or applications,gender,Female,Designing computer or information systems,26,510,5.3,1.02,3.88,7.2
q1_job_tasks,1,Which of the following are a regular part of your current job? Select all that apply.,"Preparing documentation for contracts, applications, or permits",gender,Female,"Preparing contracts, applications, or permits",77,510,14.85,1.58,12.42,17.65
q1_job_tasks,1,Which of the following are a regular part of your current job? Select all that apply.,Explaining or providing information to clients or customers (incl. about products or services),gender,Female,Explaining or providing info to clients,175,510,33.98,2.11,30.6,37.54
q1_job_tasks,1,Which of the following are a regular part of your current job? Select all that apply.,Advising others on business or operational matters,gender,Female,Advising on business or operational matters,81,510,15.73,1.62,13.24,18.58
q1_job_tasks,1,Which of the following are a regular part of your current job? Select all that apply.,"Assessing student capabilities, needs, or performance",gender,Female,Assessing student capabilities or needs,58,510,11.25,1.41,9.14,13.78
q1_job_tasks,1,Which of the following are a regular part of your current job? Select all that apply.,None of the above,gender,Female,None of the above,180,510,35.86,2.15,32.43,39.45
q1_job_tasks,1,Which of the following are a regular part of your current job? Select all that apply.,Maintaining operational records,race_ethnicity,"White, Non-Hispanic",Maintaining operational records,221,666,32.86,1.82,29.92,35.93
q1_job_tasks,1,Which of the following are a regular part of your current job? Select all that apply.,"Developing organizational policies, systems, or processes",race_ethnicity,"White, Non-Hispanic","Developing policies, systems, or processes",145,666,21.38,1.58,18.87,24.12
q1_job_tasks,1,Which of the following are a regular part of your current job? Select all that apply.,Reading documents or materials to inform work processes,race_ethnicity,"White, Non-Hispanic",Reading documents to inform work,227,666,33.68,1.83,30.72,36.77
q1_job_tasks,1,Which of the following are a regular part of your current job? Select all that apply.,Determining values or prices of goods or services,race_ethnicity,"White, Non-Hispanic",Determining values or prices,99,666,14.6,1.36,12.48,17.0
q1_job_tasks,1,Which of the following are a regular part of your current job? Select all that apply.,"Analyzing data, or evaluating the quality or accuracy of data",race_ethnicity,"White, Non-Hispanic",Analyzing or evaluating data,218,666,32.13,1.81,29.22,35.19
q1_job_tasks,1,Which of the following are a regular part of your current job? Select all that apply.,Designing computer or information systems or applications,race_ethnicity,"White, Non-Hispanic",Designing computer or information systems,60,666,8.98,1.11,7.31,10.98
q1_job_tasks,1,Which of the following are a regular part of your current job? Select all that apply.,"Preparing documentation for contracts, applications, or permits",race_ethnicity,"White, Non-Hispanic","Preparing contracts, applications, or permits",113,666,16.54,1.43,14.3,19.05
q1_job_tasks,1,Which of the following are a regular part of your current job? Select all that apply.,Explaining or providing information to clients or customers (incl. about products or services),race_ethnicity,"White, Non-Hispanic",Explaining or providing info to clients,230,666,34.32,1.85,31.35,37.42
q1_job_tasks,1,Which of the following are a regular part of your current job? Select all that apply.,Advising others on business or operational matters,race_ethnicity,"White, Non-Hispanic",Advising on business or operational matters,147,666,21.73,1.6,19.21,24.49
q1_job_tasks,1,Which of the following are a regular part of your current job? Select all that apply.,"Assessing student capabilities, needs, or performance",race_ethnicity,"White, Non-Hispanic",Assessing student capabilities or needs,54,666,7.96,1.04,6.39,9.87
q1_job_tasks,1,Which of the following are a regular part of your current job? Select all that apply.,None of the above,race_ethnicity,"White, Non-Hispanic",None of the above,211,666,32.12,1.83,29.21,35.18
q1_job_tasks,1,Which of the following are a regular part of your current job? Select all that apply.,Maintaining operational records,race_ethnicity,"Black, Non-Hispanic",Maintaining operational records,26,140,18.78,3.35,13.94,24.82
q1_job_tasks,1,Which of the following are a regular part of your current job? Select all that apply.,"Developing organizational policies, systems, or processes",race_ethnicity,"Black, Non-Hispanic","Developing policies, systems, or processes",14,140,10.22,2.62,6.72,15.24
q1_job_tasks,1,Which of the following are a regular part of your current job? Select all that apply.,Reading documents or materials to inform work processes,race_ethnicity,"Black, Non-Hispanic",Reading documents to inform work,35,140,25.18,3.71,19.63,31.68
q1_job_tasks,1,Which of the following are a regular part of your current job? Select all that apply.,Determining values or prices of goods or services,race_ethnicity,"Black, Non-Hispanic",Determining values or prices,18,140,13.21,2.92,9.17,18.65
q1_job_tasks,1,Which of the following are a regular part of your current job? Select all that apply.,"Analyzing data, or evaluating the quality or accuracy of data",race_ethnicity,"Black, Non-Hispanic",Analyzing or evaluating data,27,140,19.48,3.39,14.55,25.57
q1_job_tasks,1,Which of the following are a regular part of your current job? Select all that apply.,Designing computer or information systems or applications,race_ethnicity,"Black, Non-Hispanic",Designing computer or information systems,10,140,7.13,2.19,4.3,11.61
q1_job_tasks,1,Which of the following are a regular part of your current job? Select all that apply.,"Preparing documentation for contracts, applications, or permits",race_ethnicity,"Black, Non-Hispanic","Preparing contracts, applications, or permits",15,140,10.6,2.61,7.03,15.69
q1_job_tasks,1,Which of the following are a regular part of your current job? Select all that apply.,Explaining or providing information to clients or customers (incl. about products or services),race_ethnicity,"Black, Non-Hispanic",Explaining or providing info to clients,34,140,24.58,3.69,19.09,31.05
q1_job_tasks,1,Which of the following are a regular part of your current job? Select all that apply.,Advising others on business or operational matters,race_ethnicity,"Black, Non-Hispanic",Advising on business or operational matters,18,140,13.11,2.91,9.1,18.54
q1_job_tasks,1,Which of the following are a regular part of your current job? Select all that apply.,"Assessing student capabilities, needs, or performance",race_ethnicity,"Black, Non-Hispanic",Assessing student capabilities or needs,14,140,10.31,2.63,6.8,15.35
q1_job_tasks,1,Which of the following are a regular part of your current job? Select all that apply.,None of the above,race_ethnicity,"Black, Non-Hispanic",None of the above,64,140,45.79,4.25,38.97,52.76
q1_job_tasks,1,Which of the following are a regular part of your current job? Select all that apply.,Maintaining operational records,race_ethnicity,Hispanic,Maintaining operational records,47,191,24.34,3.11,19.6,29.81
q1_job_tasks,1,Which of the following are a regular part of your current job? Select all that apply.,"Developing organizational policies, systems, or processes",race_ethnicity,Hispanic,"Developing policies, systems, or processes",28,191,14.34,2.53,10.65,19.03
q1_job_tasks,1,Which of the following are a regular part of your current job? Select all that apply.,Reading documents or materials to inform work processes,race_ethnicity,Hispanic,Reading documents to inform work,52,191,26.86,3.22,21.91,32.45
q1_job_tasks,1,Which of the following are a regular part of your current job? Select all that apply.,Determining values or prices of goods or services,race_ethnicity,Hispanic,Determining values or prices,17,191,8.67,2.02,5.86,12.64
q1_job_tasks,1,Which of the following are a regular part of your current job? Select all that apply.,"Analyzing data, or evaluating the quality or accuracy of data",race_ethnicity,Hispanic,Analyzing or evaluating data,49,191,25.56,3.17,20.71,31.09
q1_job_tasks,1,Which of the following are a regular part of your current job? Select all that apply.,Designing computer or information systems or applications,race_ethnicity,Hispanic,Designing computer or information systems,14,191,7.32,1.9,4.77,11.07
q1_job_tasks,1,Which of the following are a regular part of your current job? Select all that apply.,"Preparing documentation for contracts, applications, or permits",race_ethnicity,Hispanic,"Preparing contracts, applications, or permits",27,191,14.16,2.54,10.5,18.83
q1_job_tasks,1,Which of the following are a regular part of your current job? Select all that apply.,Explaining or providing information to clients or customers (incl. about products or services),race_ethnicity,Hispanic,Explaining or providing info to clients,47,191,24.52,3.13,19.76,30.0
q1_job_tasks,1,Which of the following are a regular part of your current job? Select all that apply.,Advising others on business or operational matters,race_ethnicity,Hispanic,Advising on business or operational matters,20,191,10.45,2.23,7.34,14.69
q1_job_tasks,1,Which of the following are a regular part of your current job? Select all that apply.,"Assessing student capabilities, needs, or performance",race_ethnicity,Hispanic,Assessing student capabilities or needs,16,191,8.28,2.0,5.54,12.19
q1_job_tasks,1,Which of the following are a regular part of your current job? Select all that apply.,None of the above,race_ethnicity,Hispanic,None of the above,85,191,44.88,3.63,39.05,50.86
q1_job_tasks,1,Which of the following are a regular part of your current job? Select all that apply.,Maintaining operational records,race_ethnicity,"Other/2+, Non-Hispanic",Maintaining operational records,31,106,29.45,4.49,22.71,37.23
q1_job_tasks,1,Which of the following are a regular part of your current job? Select all that apply.,"Developing organizational policies, systems, or processes",race_ethnicity,"Other/2+, Non-Hispanic","Developing policies, systems, or processes",30,106,28.9,4.48,22.21,36.65
q1_job_tasks,1,Which of the following are a regular part of your current job? Select all that apply.,Reading documents or materials to inform work processes,race_ethnicity,"Other/2+, Non-Hispanic",Reading documents to inform work,37,106,35.11,4.69,27.89,43.08
q1_job_tasks,1,Which of the following are a regular part of your current job? Select all that apply.,Determining values or prices of goods or services,race_ethnicity,"Other/2+, Non-Hispanic",Determining values or prices,13,106,12.1,3.19,7.79,18.33
q1_job_tasks,1,Which of the following are a regular part of your current job? Select all that apply.,"Analyzing data, or evaluating the quality or accuracy of data",race_ethnicity,"Other/2+, Non-Hispanic",Analyzing or evaluating data,37,106,34.62,4.66,27.44,42.58
q1_job_tasks,1,Which of the following are a regular part of your current job? Select all that apply.,Designing computer or information systems or applications,race_ethnicity,"Other/2+, Non-Hispanic",Designing computer or information systems,13,106,11.86,3.13,7.6,18.05
q1_job_tasks,1,Which of the following are a regular part of your current job? Select all that apply.,"Preparing documentation for contracts, applications, or permits",race_ethnicity,"Other/2+, Non-Hispanic","Preparing contracts, applications, or permits",22,106,20.59,3.95,14.87,27.8
q1_job_tasks,1,Which of the following are a regular part of your current job? Select all that apply.,Explaining or providing information to clients or customers (incl. about products or services),race_ethnicity,"Other/2+, Non-Hispanic",Explaining or providing info to clients,36,106,34.03,4.66,26.89,41.97
q1_job_tasks,1,Which of the following are a regular part of your current job? Select all that apply.,Advising others on business or operational matters,race_ethnicity,"Other/2+, Non-Hispanic",Advising on business or operational matters,16,106,15.16,3.53,10.27,21.81
q1_job_tasks,1,Which of the following are a regular part of your current job? Select all that apply.,"Assessing student capabilities, needs, or performance",race_ethnicity,"Other/2+, Non-Hispanic",Assessing student capabilities or needs,11,106,10.38,3.0,6.43,16.33
q1_job_tasks,1,Which of the following are a regular part of your current job? Select all that apply.,None of the above,race_ethnicity,"Other/2+, Non-Hispanic",None of the above,28,106,26.74,4.37,20.27,34.39
q1_job_tasks,1,Which of the following are a regular part of your current job? Select all that apply.,Maintaining operational records,region,Northeast,Maintaining operational records,49,191,25.09,3.14,20.28,30.61
q1_job_tasks,1,Which of the following are a regular part of your current job? Select all that apply.,"Developing organizational policies, systems, or processes",region,Northeast,"Developing policies, systems, or processes",35,191,18.03,2.78,13.89,23.07
q1_job_tasks,1,Which of the following are a regular part of your current job? Select all that apply.,Reading documents or materials to inform work processes,region,Northeast,Reading documents to inform work,57,191,29.53,3.32,24.39,35.25
q1_job_tasks,1,Which of the following are a regular part of your current job? Select all that apply.,Determining values or prices of goods or services,region,Northeast,Determining values or prices,27,191,13.49,2.44,9.91,18.1
q1_job_tasks,1,Which of the following are a regular part of your current job? Select all that apply.,"Analyzing data, or evaluating the quality or accuracy of data",region,Northeast,Analyzing or evaluating data,65,191,33.15,3.41,27.79,38.99
q1_job_tasks,1,Which of the following are a regular part of your current job? Select all that apply.,Designing computer or information systems or applications,region,Northeast,Designing computer or information systems,12,191,6.23,1.75,3.91,9.78
q1_job_tasks,1,Which of the following are a regular part of your current job? Select all that apply.,"Preparing documentation for contracts, applications, or permits",region,Northeast,"Preparing contracts, applications, or permits",36,191,18.2,2.77,14.04,23.25
q1_job_tasks,1,Which of the following are a regular part of your current job? Select all that apply.,Explaining or providing information to clients or customers (incl. about products or services),region,Northeast,Explaining or providing info to clients,58,191,30.0,3.33,24.83,35.73
q1_job_tasks,1,Which of the following are a regular part of your current job? Select all that apply.,Advising others on business or operational matters,region,Northeast,Advising on business or operational matters,42,191,21.19,2.94,16.72,26.47
q1_job_tasks,1,Which of the following are a regular part of your current job? Select all that apply.,"Assessing student capabilities, needs, or performance",region,Northeast,Assessing student capabilities or needs,22,191,11.35,2.3,8.09,15.71
q1_job_tasks,1,Which of the following are a regular part of your current job? Select all that apply.,None of the above,region,Northeast,None of the above,65,191,34.6,3.49,29.16,40.48
q1_job_tasks,1,Which of the following are a regular part of your current job? Select all that apply.,Maintaining operational records,region,Midwest,Maintaining operational records,69,246,27.75,2.87,23.29,32.7
q1_job_tasks,1,Which of the following are a regular part of your current job? Select all that apply.,"Developing organizational policies, systems, or processes",region,Midwest,"Developing policies, systems, or processes",40,246,16.01,2.34,12.51,20.25
q1_job_tasks,1,Which of the following are a regular part of your current job? Select all that apply.,Reading documents or materials to inform work processes,region,Midwest,Reading documents to inform work,69,246,27.76,2.87,23.3,32.72
q1_job_tasks,1,Which of the following are a regular part of your current job? Select all that apply.,Determining values or prices of goods or services,region,Midwest,Determining values or prices,31,246,12.2,2.07,9.16,16.08
q1_job_tasks,1,Which of the following are a regular part of your current job? Select all that apply.,"Analyzing data, or evaluating the quality or accuracy of data",region,Midwest,Analyzing or evaluating data,71,246,28.08,2.86,23.6,33.05
q1_job_tasks,1,Which of the following are a regular part of your current job? Select all that apply.,Designing computer or information systems or applications,region,Midwest,Designing computer or information systems,19,246,7.67,1.71,5.31,10.97
q1_job_tasks,1,Which of the following are a regular part of your current job? Select all that apply.,"Preparing documentation for contracts, applications, or permits",region,Midwest,"Preparing contracts, applications, or permits",27,246,10.89,2.0,8.02,14.62
q1_job_tasks,1,Which of the following are a regular part of your current job? Select all that apply.,Explaining or providing information to clients or customers (incl. about products or services),region,Midwest,Explaining or providing info to clients,72,246,29.21,2.92,24.66,34.21
q1_job_tasks,1,Which of the following are a regular part of your current job? Select all that apply.,Advising others on business or operational matters,region,Midwest,Advising on business or operational matters,37,246,14.95,2.28,11.57,19.09
q1_job_tasks,1,Which of the following are a regular part of your current job? Select all that apply.,"Assessing student capabilities, needs, or performance",region,Midwest,Assessing student capabilities or needs,15,246,6.09,1.53,4.02,9.13
q1_job_tasks,1,Which of the following are a regular part of your current job? Select all that apply.,None of the above,region,Midwest,None of the above,93,246,38.38,3.14,33.4,43.61
q1_job_tasks,1,Which of the following are a regular part of your current job? Select all that apply.,Maintaining operational records,region,South,Maintaining operational records,117,406,28.5,2.25,24.94,32.34
q1_job_tasks,1,Which of the following are a regular part of your current job? Select all that apply.,"Developing organizational policies, systems, or processes",region,South,"Developing policies, systems, or processes",81,406,19.61,1.98,16.55,23.07
q1_job_tasks,1,Which of the following are a regular part of your current job? Select all that apply.,Reading documents or materials to inform work processes,region,South,Reading documents to inform work,129,406,31.42,2.32,27.74,35.36
q1_job_tasks,1,Which of the following are a regular part of your current job? Select all that apply.,Determining values or prices of goods or services,region,South,Determining values or prices,52,406,12.72,1.66,10.23,15.71
q1_job_tasks,1,Which of the following are a regular part of your current job? Select all that apply.,"Analyzing data, or evaluating the quality or accuracy of data",region,South,Analyzing or evaluating data,108,406,26.4,2.2,22.95,30.18
q1_job_tasks,1,Which of the following are a regular part of your current job? Select all that apply.,Designing computer or information systems or applications,region,South,Designing computer or information systems,32,406,7.77,1.33,5.84,10.26
q1_job_tasks,1,Which of the following are a regular part of your current job? Select all that apply.,"Preparing documentation for contracts, applications, or permits",region,South,"Preparing contracts, applications, or permits",61,406,14.86,1.77,12.17,18.02
q1_job_tasks,1,Which of the following are a regular part of your current job? Select all that apply.,Explaining or providing information to clients or customers (incl. about products or services),region,South,Explaining or providing info to clients,122,406,29.89,2.29,26.27,33.78
q1_job_tasks,1,Which of the following are a regular part of your current job? Select all that apply.,Advising others on business or operational matters,region,South,Advising on business or operational matters,77,406,18.73,1.95,15.73,22.14
q1_job_tasks,1,Which of the following are a regular part of your current job? Select all that apply.,"Assessing student capabilities, needs, or performance",region,South,Assessing student capabilities or needs,33,406,7.99,1.35,6.03,10.51
q1_job_tasks,1,Which of the following are a regular part of your current job? Select all that apply.,None of the above,region,South,None of the above,151,406,37.87,2.44,33.97,41.93
q1_job_tasks,1,Which of the following are a regular part of your current job? Select all that apply.,Maintaining operational records,region,West,Maintaining operational records,90,260,33.84,2.95,29.17,38.85
q1_job_tasks,1,Which of the following are a regular part of your current job? Select all that apply.,"Developing organizational policies, systems, or processes",region,West,"Developing policies, systems, or processes",61,260,22.99,2.62,18.96,27.58
q1_job_tasks,1,Which of the following are a regular part of your current job? Select all that apply.,Reading documents or materials to inform work processes,region,West,Reading documents to inform work,96,260,36.09,2.99,31.32,41.15
q1_job_tasks,1,Which of the following are a regular part of your current job? Select all that apply.,Determining values or prices of goods or services,region,West,Determining values or prices,37,260,13.97,2.16,10.78,17.91
q1_job_tasks,1,Which of the following are a regular part of your current job? Select all that apply.,"Analyzing data, or evaluating the quality or accuracy of data",region,West,Analyzing or evaluating data,87,260,32.8,2.92,28.17,37.78
q1_job_tasks,1,Which of the following are a regular part of your current job? Select all that apply.,Designing computer or information systems or applications,region,West,Designing computer or information systems,34,260,13.0,2.1,9.92,16.84
q1_job_tasks,1,Which of the following are a regular part of your current job? Select all that apply.,"Preparing documentation for contracts, applications, or permits",region,West,"Preparing contracts, applications, or permits",53,260,19.66,2.45,15.9,24.06
q1_job_tasks,1,Which of the following are a regular part of your current job? Select all that apply.,Explaining or providing information to clients or customers (incl. about products or services),region,West,Explaining or providing info to clients,95,260,35.73,2.98,30.97,40.78
q1_job_tasks,1,Which of the following are a regular part of your current job? Select all that apply.,Advising others on business or operational matters,region,West,Advising on business or operational matters,45,260,16.38,2.27,12.93,20.53
q1_job_tasks,1,Which of the following are a regular part of your current job? Select all that apply.,"Assessing student capabilities, needs, or performance",region,West,Assessing student capabilities or needs,25,260,9.77,1.87,7.12,13.25
q1_job_tasks,1,Which of the following are a regular part of your current job? Select all that apply.,None of the above,region,West,None of the above,79,260,31.0,2.91,26.47,35.93
q1_job_tasks,1,Which of the following are a regular part of your current job? Select all that apply.,Maintaining operational records,education,Less than HS,Maintaining operational records,9,68,12.77,4.03,7.49,20.92
q1_job_tasks,1,Which of the following are a regular part of your current job? Select all that apply.,"Developing organizational policies, systems, or processes",education,Less than HS,"Developing policies, systems, or processes",2,68,3.08,2.16,1.04,8.74
q1_job_tasks,1,Which of the following are a regular part of your current job? Select all that apply.,Reading documents or materials to inform work processes,education,Less than HS,Reading documents to inform work,4,68,5.67,2.78,2.52,12.23
q1_job_tasks,1,Which of the following are a regular part of your current job? Select all that apply.,Determining values or prices of goods or services,education,Less than HS,Determining values or prices,6,68,8.66,3.42,4.51,16.01
q1_job_tasks,1,Which of the following are a regular part of your current job? Select all that apply.,"Analyzing data, or evaluating the quality or accuracy of data",education,Less than HS,Analyzing or evaluating data,5,68,7.77,3.36,3.89,14.9
q1_job_tasks,1,Which of the following are a regular part of your current job? Select all that apply.,Designing computer or information systems or applications,education,Less than HS,Designing computer or information systems,4,68,6.23,3.03,2.88,12.96
q1_job_tasks,1,Which of the following are a regular part of your current job? Select all that apply.,"Preparing documentation for contracts, applications, or permits",education,Less than HS,"Preparing contracts, applications, or permits",1,68,1.37,1.37,0.29,6.21
q1_job_tasks,1,Which of the following are a regular part of your current job? Select all that apply.,Explaining or providing information to clients or customers (incl. about products or services),education,Less than HS,Explaining or providing info to clients,11,68,15.62,4.39,9.69,24.2
q1_job_tasks,1,Which of the following are a regular part of your current job? Select all that apply.,Advising others on business or operational matters,education,Less than HS,Advising on business or operational matters,4,68,5.7,2.8,2.54,12.28
q1_job_tasks,1,Which of the following are a regular part of your current job? Select all that apply.,"Assessing student capabilities, needs, or performance",education,Less than HS,Assessing student capabilities or needs,0,68,0.0,0.0,0.0,3.86
q1_job_tasks,1,Which of the following are a regular part of your current job? Select all that apply.,None of the above,education,Less than HS,None of the above,44,68,65.23,5.82,55.27,74.02
q1_job_tasks,1,Which of the following are a regular part of your current job? Select all that apply.,Maintaining operational records,education,High school,Maintaining operational records,51,284,17.83,2.29,14.38,21.9
q1_job_tasks,1,Which of the following are a regular part of your current job? Select all that apply.,"Developing organizational policies, systems, or processes",education,High school,"Developing policies, systems, or processes",23,284,8.5,1.72,6.14,11.65
q1_job_tasks,1,Which of the following are a regular part of your current job? Select all that apply.,Reading documents or materials to inform work processes,education,High school,Reading documents to inform work,52,284,18.5,2.33,14.99,22.62
q1_job_tasks,1,Which of the following are a regular part of your current job? Select all that apply.,Determining values or prices of goods or services,education,High school,Determining values or prices,35,284,11.78,1.89,8.97,15.32
q1_job_tasks,1,Which of the following are a regular part of your current job? Select all that apply.,"Analyzing data, or evaluating the quality or accuracy of data",education,High school,Analyzing or evaluating data,33,284,11.75,1.94,8.94,15.29
q1_job_tasks,1,Which of the following are a regular part of your current job? Select all that apply.,Designing computer or information systems or applications,education,High school,Designing computer or information systems,8,284,3.12,1.1,1.81,5.33
q1_job_tasks,1,Which of the following are a regular part of your current job? Select all that apply.,"Preparing documentation for contracts, applications, or permits",education,High school,"Preparing contracts, applications, or permits",28,284,9.73,1.77,7.19,13.04
q1_job_tasks,1,Which of the following are a regular part of your current job? Select all that apply.,Explaining or providing information to clients or customers (incl. about products or services),education,High school,Explaining or providing info to clients,61,284,21.65,2.48,17.88,25.97
q1_job_tasks,1,Which of the following are a regular part of your current job? Select all that apply.,Advising others on business or operational matters,education,High school,Advising on business or operational matters,35,284,12.44,1.99,9.55,16.05
q1_job_tasks,1,Which of the following are a regular part of your current job? Select all that apply.,"Assessing student capabilities, needs, or performance",education,High school,Assessing student capabilities or needs,11,284,4.08,1.21,2.53,6.5
q1_job_tasks,1,Which of the following are a regular part of your current job? Select all that apply.,None of the above,education,High school,None of the above,152,284,53.38,2.99,48.46,58.23
q1_job_tasks,1,Which of the following are a regular part of your current job? Select all that apply.,Maintaining operational records,education,Some college,Maintaining operational records,94,281,32.85,2.81,28.4,37.64
q1_job_tasks,1,Which of the following are a regular part of your current job? Select all that apply.,"Developing organizational policies, systems, or processes",education,Some college,"Developing policies, systems, or processes",48,281,16.52,2.21,13.17,20.51
q1_job_tasks,1,Which of the following are a regular part of your current job? Select all that apply.,Reading documents or materials to inform work processes,education,Some college,Reading documents to inform work,83,281,29.25,2.73,24.97,33.93
q1_job_tasks,1,Which of the following are a regular part of your current job? Select all that apply.,Determining values or prices of goods or services,education,Some college,Determining values or prices,37,281,13.03,2.02,10.06,16.72
q1_job_tasks,1,Which of the following are a regular part of your current job? Select all that apply.,"Analyzing data, or evaluating the quality or accuracy of data",education,Some college,Analyzing or evaluating data,64,281,22.77,2.52,18.9,27.17
q1_job_tasks,1,Which of the following are a regular part of your current job? Select all that apply.,Designing computer or information systems or applications,education,Some college,Designing computer or information systems,19,281,6.69,1.5,4.62,9.6
q1_job_tasks,1,Which of the following are a regular part of your current job? Select all that apply.,"Preparing documentation for contracts, applications, or permits",education,Some college,"Preparing contracts, applications, or permits",40,281,14.07,2.08,10.98,17.85
q1_job_tasks,1,Which of the following are a regular part of your current job? Select all that apply.,Explaining or providing information to clients or customers (incl. about products or services),education,Some college,Explaining or providing info to clients,91,281,32.07,2.8,27.65,36.84
q1_job_tasks,1,Which of the following are a regular part of your current job? Select all that apply.,Advising others on business or operational matters,education,Some college,Advising on business or operational matters,36,281,12.43,1.96,9.53,16.06
q1_job_tasks,1,Which of the following are a regular part of your current job? Select all that apply.,"Assessing student capabilities, needs, or performance",education,Some college,Assessing student capabilities or needs,18,281,6.64,1.53,4.58,9.55
q1_job_tasks,1,Which of the following are a regular part of your current job? Select all that apply.,None of the above,education,Some college,None of the above,109,281,39.08,2.94,34.38,43.98
q1_job_tasks,1,Which of the following are a regular part of your current job? Select all that apply.,Maintaining operational records,education,Bachelor+,Maintaining operational records,171,470,36.25,2.23,32.67,39.98
q1_job_tasks,1,Which of the following are a regular part of your current job? Select all that apply.,"Developing organizational policies, systems, or processes",education,Bachelor+,"Developing policies, systems, or processes",144,470,30.72,2.14,27.32,34.34
q1_job_tasks,1,Which of the following are a regular part of your current job? Select all that apply.,Reading documents or materials to inform work processes,education,Bachelor+,Reading documents to inform work,212,470,45.17,2.31,41.41,48.98
q1_job_tasks,1,Which of the following are a regular part of your current job? Select all that apply.,Determining values or prices of goods or services,education,Bachelor+,Determining values or prices,69,470,14.55,1.63,12.07,17.45
q1_job_tasks,1,Which of the following are a regular part of your current job? Select all that apply.,"Analyzing data, or evaluating the quality or accuracy of data",education,Bachelor+,Analyzing or evaluating data,229,470,48.55,2.32,44.76,52.36
q1_job_tasks,1,Which of the following are a regular part of your current job? Select all that apply.,Designing computer or information systems or applications,education,Bachelor+,Designing computer or information systems,66,470,14.0,1.61,11.56,16.85
q1_job_tasks,1,Which of the following are a regular part of your current job? Select all that apply.,"Preparing documentation for contracts, applications, or permits",education,Bachelor+,"Preparing contracts, applications, or permits",108,470,22.92,1.95,19.88,26.28
q1_job_tasks,1,Which of the following are a regular part of your current job? Select all that apply.,Explaining or providing information to clients or customers (incl. about products or services),education,Bachelor+,Explaining or providing info to clients,184,470,39.09,2.26,35.44,42.86
q1_job_tasks,1,Which of the following are a regular part of your current job? Select all that apply.,Advising others on business or operational matters,education,Bachelor+,Advising on business or operational matters,126,470,26.57,2.04,23.35,30.07
q1_job_tasks,1,Which of the following are a regular part of your current job? Select all that apply.,"Assessing student capabilities, needs, or performance",education,Bachelor+,Assessing student capabilities or needs,66,470,14.1,1.62,11.65,16.96
q1_job_tasks,1,Which of the following are a regular part of your current job? Select all that apply.,None of the above,education,Bachelor+,None of the above,83,470,17.71,1.77,14.99,20.8
q1_job_tasks,1,Which of the following are a regular part of your current job? Select all that apply.,Maintaining operational records,income,Under $25K,Maintaining operational records,14,79,18.13,4.41,12.07,26.32
q1_job_tasks,1,Which of the following are a regular part of your current job? Select all that apply.,"Developing organizational policies, systems, or processes",income,Under $25K,"Developing policies, systems, or processes",4,79,4.94,2.43,2.21,10.69
q1_job_tasks,1,Which of the following are a regular part of your current job? Select all that apply.,Reading documents or materials to inform work processes,income,Under $25K,Reading documents to inform work,14,79,18.13,4.41,12.07,26.32
q1_job_tasks,1,Which of the following are a regular part of your current job? Select all that apply.,Determining values or prices of goods or services,income,Under $25K,Determining values or prices,14,79,17.38,4.28,11.45,25.49
q1_job_tasks,1,Which of the following are a regular part of your current job? Select all that apply.,"Analyzing data, or evaluating the quality or accuracy of data",income,Under $25K,Analyzing or evaluating data,6,79,8.18,3.22,4.38,14.79
q1_job_tasks,1,Which of the following are a regular part of your current job? Select all that apply.,Designing computer or information systems or applications,income,Under $25K,Designing computer or information systems,6,79,7.92,3.12,4.19,14.47
q1_job_tasks,1,Which of the following are a regular part of your current job? Select all that apply.,"Preparing documentation for contracts, applications, or permits",income,Under $25K,"Preparing contracts, applications, or permits",7,79,8.76,3.2,4.79,15.49
q1_job_tasks,1,Which of the following are a regular part of your current job? Select all that apply.,Explaining or providing information to clients or customers (incl. about products or services),income,Under $25K,Explaining or providing info to clients,20,79,25.47,4.96,18.28,34.3
q1_job_tasks,1,Which of the following are a regular part of your current job? Select all that apply.,Advising others on business or operational matters,income,Under $25K,Advising on business or operational matters,9,79,11.41,3.62,6.74,18.65
q1_job_tasks,1,Which of the following are a regular part of your current job? Select all that apply.,"Assessing student capabilities, needs, or performance",income,Under $25K,Assessing student capabilities or needs,10,79,12.88,3.84,7.87,20.37
q1_job_tasks,1,Which of the following are a regular part of your current job? Select all that apply.,None of the above,income,Under $25K,None of the above,42,79,52.52,5.69,43.3,61.57
q1_job_tasks,1,Which of the following are a regular part of your current job? Select all that apply.,Maintaining operational records,income,$25K–$50K,Maintaining operational records,24,109,22.11,4.02,16.26,29.33
q1_job_tasks,1,Which of the following are a regular part of your current job? Select all that apply.,"Developing organizational policies, systems, or processes",income,$25K–$50K,"Developing policies, systems, or processes",10,109,10.04,3.02,6.21,15.82
q1_job_tasks,1,Which of the following are a regular part of your current job? Select all that apply.,Reading documents or materials to inform work processes,income,$25K–$50K,Reading documents to inform work,23,109,21.75,4.04,15.95,28.94
q1_job_tasks,1,Which of the following are a regular part of your current job? Select all that apply.,Determining values or prices of goods or services,income,$25K–$50K,Determining values or prices,10,109,9.39,2.86,5.71,15.06
q1_job_tasks,1,Which of the following are a regular part of your current job? Select all that apply.,"Analyzing data, or evaluating the quality or accuracy of data",income,$25K–$50K,Analyzing or evaluating data,21,109,19.98,3.92,14.42,27.02
q1_job_tasks,1,Which of the following are a regular part of your current job? Select all that apply.,Designing computer or information systems or applications,income,$25K–$50K,Designing computer or information systems,6,109,5.84,2.33,3.1,10.75
q1_job_tasks,1,Which of the following are a regular part of your current job? Select all that apply.,"Preparing documentation for contracts, applications, or permits",income,$25K–$50K,"Preparing contracts, applications, or permits",9,109,8.51,2.74,5.04,14.01
q1_job_tasks,1,Which of the following are a regular part of your current job? Select all that apply.,Explaining or providing information to clients or customers (incl. about products or services),income,$25K–$50K,Explaining or providing info to clients,25,109,23.19,4.1,17.21,30.49
q1_job_tasks,1,Which of the following are a regular part of your current job? Select all that apply.,Advising others on business or operational matters,income,$25K–$50K,Advising on business or operational matters,9,109,8.64,2.77,5.14,14.16
q1_job_tasks,1,Which of the following are a regular part of your current job? Select all that apply.,"Assessing student capabilities, needs, or performance",income,$25K–$50K,Assessing student capabilities or needs,3,109,2.86,1.65,1.16,6.87
q1_job_tasks,1,Which of the following are a regular part of your current job? Select all that apply.,None of the above,income,$25K–$50K,None of the above,62,109,55.91,4.82,47.99,63.54
q1_job_tasks,1,Which of the following are a regular part of your current job? Select all that apply.,Maintaining operational records,income,$50K–$75K,Maintaining operational records,37,142,25.95,3.71,20.36,32.46
q1_job_tasks,1,Which of the following are a regular part of your current job? Select all that apply.,"Developing organizational policies, systems, or processes",income,$50K–$75K,"Developing policies, systems, or processes",12,142,8.82,2.45,5.62,13.58
q1_job_tasks,1,Which of the following are a regular part of your current job? Select all that apply.,Reading documents or materials to inform work processes,income,$50K–$75K,Reading documents to inform work,32,142,22.62,3.55,17.36,28.92
q1_job_tasks,1,Which of the following are a regular part of your current job? Select all that apply.,Determining values or prices of goods or services,income,$50K–$75K,Determining values or prices,13,142,8.93,2.39,5.71,13.71
q1_job_tasks,1,Which of the following are a regular part of your current job? Select all that apply.,"Analyzing data, or evaluating the quality or accuracy of data",income,$50K–$75K,Analyzing or evaluating data,23,142,15.98,3.09,11.54,21.71
q1_job_tasks,1,Which of the following are a regular part of your current job? Select all that apply.,Designing computer or information systems or applications,income,$50K–$75K,Designing computer or information systems,7,142,5.21,1.93,2.88,9.23
q1_job_tasks,1,Which of the following are a regular part of your current job? Select all that apply.,"Preparing documentation for contracts, applications, or permits",income,$50K–$75K,"Preparing contracts, applications, or permits",14,142,9.82,2.52,6.41,14.74
q1_job_tasks,1,Which of the following are a regular part of your current job? Select all that apply.,Explaining or providing information to clients or customers (incl. about products or services),income,$50K–$75K,Explaining or providing info to clients,35,142,24.7,3.66,19.23,31.13
q1_job_tasks,1,Which of the following are a regular part of your current job? Select all that apply.,Advising others on business or operational matters,income,$50K–$75K,Advising on business or operational matters,17,142,11.93,2.74,8.14,17.17
q1_job_tasks,1,Which of the following are a regular part of your current job? Select all that apply.,"Assessing student capabilities, needs, or performance",income,$50K–$75K,Assessing student capabilities or needs,8,142,6.24,2.16,3.64,10.5
q1_job_tasks,1,Which of the following are a regular part of your current job? Select all that apply.,None of the above,income,$50K–$75K,None of the above,65,142,45.76,4.22,38.98,52.69
q1_job_tasks,1,Which of the following are a regular part of your current job? Select all that apply.,Maintaining operational records,income,$75K–$100K,Maintaining operational records,41,139,29.16,3.87,23.23,35.9
q1_job_tasks,1,Which of the following are a regular part of your current job? Select all that apply.,"Developing organizational policies, systems, or processes",income,$75K–$100K,"Developing policies, systems, or processes",26,139,18.75,3.34,13.89,24.81
q1_job_tasks,1,Which of the following are a regular part of your current job? Select all that apply.,Reading documents or materials to inform work processes,income,$75K–$100K,Reading documents to inform work,46,139,32.76,4.0,26.55,39.62
q1_job_tasks,1,Which of the following are a regular part of your current job? Select all that apply.,Determining values or prices of goods or services,income,$75K–$100K,Determining values or prices,22,139,15.68,3.1,11.25,21.45
q1_job_tasks,1,Which of the following are a regular part of your current job? Select all that apply.,"Analyzing data, or evaluating the quality or accuracy of data",income,$75K–$100K,Analyzing or evaluating data,36,139,25.63,3.72,20.01,32.19
q1_job_tasks,1,Which of the following are a regular part of your current job? Select all that apply.,Designing computer or information systems or applications,income,$75K–$100K,Designing computer or information systems,8,139,5.53,1.91,3.09,9.68
q1_job_tasks,1,Which of the following are a regular part of your current job? Select all that apply.,"Preparing documentation for contracts, applications, or permits",income,$75K–$100K,"Preparing contracts, applications, or permits",18,139,12.8,2.84,8.82,18.23
q1_job_tasks,1,Which of the following are a regular part of your current job? Select all that apply.,Explaining or providing information to clients or customers (incl. about products or services),income,$75K–$100K,Explaining or providing info to clients,41,139,29.05,3.87,23.13,35.78
q1_job_tasks,1,Which of the following are a regular part of your current job? Select all that apply.,Advising others on business or operational matters,income,$75K–$100K,Advising on business or operational matters,23,139,16.29,3.14,11.77,22.12
q1_job_tasks,1,Which of the following are a regular part of your current job? Select all that apply.,"Assessing student capabilities, needs, or performance",income,$75K–$100K,Assessing student capabilities or needs,9,139,6.7,2.2,3.96,11.12
q1_job_tasks,1,Which of the following are a regular part of your current job? Select all that apply.,None of the above,income,$75K–$100K,None of the above,50,139,36.44,4.14,30.0,43.4
q1_job_tasks,1,Which of the following are a regular part of your current job? Select all that apply.,Maintaining operational records,income,$100K+,Maintaining operational records,209,634,32.51,1.86,29.51,35.65
q1_job_tasks,1,Which of the following are a regular part of your current job? Select all that apply.,"Developing organizational policies, systems, or processes",income,$100K+,"Developing policies, systems, or processes",165,634,25.68,1.74,22.92,28.65
q1_job_tasks,1,Which of the following are a regular part of your current job? Select all that apply.,Reading documents or materials to inform work processes,income,$100K+,Reading documents to inform work,236,634,36.83,1.92,33.73,40.05
q1_job_tasks,1,Which of the following are a regular part of your current job? Select all that apply.,Determining values or prices of goods or services,income,$100K+,Determining values or prices,88,634,13.58,1.36,11.49,15.99
q1_job_tasks,1,Which of the following are a regular part of your current job? Select all that apply.,"Analyzing data, or evaluating the quality or accuracy of data",income,$100K+,Analyzing or evaluating data,245,634,38.1,1.93,34.97,41.33
q1_job_tasks,1,Which of the following are a regular part of your current job? Select all that apply.,Designing computer or information systems or applications,income,$100K+,Designing computer or information systems,70,634,10.93,1.24,9.05,13.15
q1_job_tasks,1,Which of the following are a regular part of your current job? Select all that apply.,"Preparing documentation for contracts, applications, or permits",income,$100K+,"Preparing contracts, applications, or permits",129,634,20.1,1.59,17.6,22.85
q1_job_tasks,1,Which of the following are a regular part of your current job? Select all that apply.,Explaining or providing information to clients or customers (incl. about products or services),income,$100K+,Explaining or providing info to clients,226,634,35.46,1.91,32.38,38.65
q1_job_tasks,1,Which of the following are a regular part of your current job? Select all that apply.,Advising others on business or operational matters,income,$100K+,Advising on business or operational matters,143,634,22.13,1.65,19.53,24.97
q1_job_tasks,1,Which of the following are a regular part of your current job? Select all that apply.,"Assessing student capabilities, needs, or performance",income,$100K+,Assessing student capabilities or needs,65,634,10.15,1.2,8.34,12.31
q1_job_tasks,1,Which of the following are a regular part of your current job? Select all that apply.,None of the above,income,$100K+,None of the above,169,634,27.06,1.78,24.24,30.07
q1_job_tasks,1,Which of the following are a regular part of your current job? Select all that apply.,Maintaining operational records,employment,Full-time,Maintaining operational records,280,848,32.36,1.61,29.76,35.07
q1_job_tasks,1,Which of the following are a regular part of your current job? Select all that apply.,"Developing organizational policies, systems, or processes",employment,Full-time,"Developing policies, systems, or processes",192,848,22.2,1.43,19.93,24.65
q1_job_tasks,1,Which of the following are a regular part of your current job? Select all that apply.,Reading documents or materials to inform work processes,employment,Full-time,Reading documents to inform work,305,848,35.45,1.65,32.78,38.21
q1_job_tasks,1,Which of the following are a regular part of your current job? Select all that apply.,Determining values or prices of goods or services,employment,Full-time,Determining values or prices,122,848,14.11,1.19,12.24,16.2
q1_job_tasks,1,Which of the following are a regular part of your current job? Select all that apply.,"Analyzing data, or evaluating the quality or accuracy of data",employment,Full-time,Analyzing or evaluating data,293,848,33.95,1.63,31.31,36.69
q1_job_tasks,1,Which of the following are a regular part of your current job? Select all that apply.,Designing computer or information systems or applications,employment,Full-time,Designing computer or information systems,82,848,9.49,1.0,7.95,11.29
q1_job_tasks,1,Which of the following are a regular part of your current job? Select all that apply.,"Preparing documentation for contracts, applications, or permits",employment,Full-time,"Preparing contracts, applications, or permits",151,848,17.45,1.3,15.39,19.71
q1_job_tasks,1,Which of the following are a regular part of your current job? Select all that apply.,Explaining or providing information to clients or customers (incl. about products or services),employment,Full-time,Explaining or providing info to clients,273,848,31.92,1.61,29.33,34.62
q1_job_tasks,1,Which of the following are a regular part of your current job? Select all that apply.,Advising others on business or operational matters,employment,Full-time,Advising on business or operational matters,170,848,19.63,1.36,17.47,21.98
q1_job_tasks,1,Which of the following are a regular part of your current job? Select all that apply.,"Assessing student capabilities, needs, or performance",employment,Full-time,Assessing student capabilities or needs,71,848,8.33,0.95,6.89,10.04
q1_job_tasks,1,Which of the following are a regular part of your current job? Select all that apply.,None of the above,employment,Full-time,None of the above,271,848,32.6,1.63,30.0,35.32
q1_job_tasks,1,Which of the following are a regular part of your current job? Select all that apply.,Maintaining operational records,employment,Part-time,Maintaining operational records,45,255,18.05,2.46,14.4,22.39
q1_job_tasks,1,Which of the following are a regular part of your current job? Select all that apply.,"Developing organizational policies, systems, or processes",employment,Part-time,"Developing policies, systems, or processes",25,255,10.02,1.93,7.31,13.58
q1_job_tasks,1,Which of the following are a regular part of your current job? Select all that apply.,Reading documents or materials to inform work processes,employment,Part-time,Reading documents to inform work,46,255,18.15,2.45,14.49,22.5
q1_job_tasks,1,Which of the following are a regular part of your current job? Select all that apply.,Determining values or prices of goods or services,employment,Part-time,Determining values or prices,25,255,9.54,1.83,6.9,13.04
q1_job_tasks,1,Which of the following are a regular part of your current job? Select all that apply.,"Analyzing data, or evaluating the quality or accuracy of data",employment,Part-time,Analyzing or evaluating data,38,255,14.75,2.24,11.44,18.82
q1_job_tasks,1,Which of the following are a regular part of your current job? Select all that apply.,Designing computer or information systems or applications,employment,Part-time,Designing computer or information systems,15,255,6.21,1.57,4.14,9.22
q1_job_tasks,1,Which of the following are a regular part of your current job? Select all that apply.,"Preparing documentation for contracts, applications, or permits",employment,Part-time,"Preparing contracts, applications, or permits",26,255,10.07,1.89,7.36,13.64
q1_job_tasks,1,Which of the following are a regular part of your current job? Select all that apply.,Explaining or providing information to clients or customers (incl. about products or services),employment,Part-time,Explaining or providing info to clients,74,255,28.64,2.85,24.19,33.55
q1_job_tasks,1,Which of the following are a regular part of your current job? Select all that apply.,Advising others on business or operational matters,employment,Part-time,Advising on business or operational matters,31,255,11.69,2.01,8.75,15.45
q1_job_tasks,1,Which of the following are a regular part of your current job? Select all that apply.,"Assessing student capabilities, needs, or performance",employment,Part-time,Assessing student capabilities or needs,24,255,9.42,1.85,6.8,12.91
q1_job_tasks,1,Which of the following are a regular part of your current job? Select all that apply.,None of the above,employment,Part-time,None of the above,117,255,46.18,3.16,41.07,51.38
q2_services,2,"In the past 7 days, did you use any of the following AI services? Select all that apply.",ChatGPT (OpenAI’s chatbot),full_sample,All,ChatGPT,366,1103,33.73,1.44,31.42,36.13
q2_services,2,"In the past 7 days, did you use any of the following AI services? Select all that apply.",Claude (Anthropic’s chatbot),full_sample,All,Claude,85,1103,7.72,0.81,6.49,9.16
q2_services,2,"In the past 7 days, did you use any of the following AI services? Select all that apply.",Google Gemini,full_sample,All,Google Gemini,262,1103,24.18,1.31,22.11,26.37
q2_services,2,"In the past 7 days, did you use any of the following AI services? Select all that apply.",Microsoft Copilot / Microsoft 365 Copilot,full_sample,All,Microsoft Copilot,164,1103,14.78,1.07,13.1,16.64
q2_services,2,"In the past 7 days, did you use any of the following AI services? Select all that apply.",Grok (xAI’s chatbot),full_sample,All,Grok,36,1103,3.32,0.55,2.54,4.34
q2_services,2,"In the past 7 days, did you use any of the following AI services? Select all that apply.","Meta AI (e.g., in WhatsApp, Instagram, Messenger, or the Meta AI app)",full_sample,All,Meta AI,105,1103,9.85,0.92,8.46,11.44
q2_services,2,"In the past 7 days, did you use any of the following AI services? Select all that apply.",Perplexity,full_sample,All,Perplexity,19,1103,1.83,0.42,1.27,2.63
q2_services,2,"In the past 7 days, did you use any of the following AI services? Select all that apply.",Another AI service,full_sample,All,Other,25,1103,2.19,0.44,1.57,3.04
q2_services,2,"In the past 7 days, did you use any of the following AI services? Select all that apply.",I have not used an AI service over the past 7 days,full_sample,All,None (no AI use),497,1103,44.61,1.51,42.14,47.1
q2_services,2,"In the past 7 days, did you use any of the following AI services? Select all that apply.",ChatGPT (OpenAI’s chatbot),age_group,18–29,ChatGPT,91,232,39.38,3.24,34.23,44.78
q2_services,2,"In the past 7 days, did you use any of the following AI services? Select all that apply.",Claude (Anthropic’s chatbot),age_group,18–29,Claude,18,232,7.79,1.78,5.34,11.22
q2_services,2,"In the past 7 days, did you use any of the following AI services? Select all that apply.",Google Gemini,age_group,18–29,Google Gemini,63,232,27.56,2.97,22.98,32.65
q2_services,2,"In the past 7 days, did you use any of the following AI services? Select all that apply.",Microsoft Copilot / Microsoft 365 Copilot,age_group,18–29,Microsoft Copilot,30,232,13.08,2.24,9.84,17.18
q2_services,2,"In the past 7 days, did you use any of the following AI services? Select all that apply.",Grok (xAI’s chatbot),age_group,18–29,Grok,9,232,3.9,1.29,2.28,6.6
q2_services,2,"In the past 7 days, did you use any of the following AI services? Select all that apply.","Meta AI (e.g., in WhatsApp, Instagram, Messenger, or the Meta AI app)",age_group,18–29,Meta AI,19,232,8.64,1.91,6.05,12.19
q2_services,2,"In the past 7 days, did you use any of the following AI services? Select all that apply.",Perplexity,age_group,18–29,Perplexity,6,232,2.61,1.06,1.35,4.97
q2_services,2,"In the past 7 days, did you use any of the following AI services? Select all that apply.",Another AI service,age_group,18–29,Other,2,232,0.86,0.61,0.28,2.59
q2_services,2,"In the past 7 days, did you use any of the following AI services? Select all that apply.",I have not used an AI service over the past 7 days,age_group,18–29,None (no AI use),97,232,41.62,3.26,36.39,47.04
q2_services,2,"In the past 7 days, did you use any of the following AI services? Select all that apply.",ChatGPT (OpenAI’s chatbot),age_group,30–44,ChatGPT,146,382,38.13,2.5,34.13,42.31
q2_services,2,"In the past 7 days, did you use any of the following AI services? Select all that apply.",Claude (Anthropic’s chatbot),age_group,30–44,Claude,41,382,10.53,1.56,8.21,13.4
q2_services,2,"In the past 7 days, did you use any of the following AI services? Select all that apply.",Google Gemini,age_group,30–44,Google Gemini,103,382,27.01,2.28,23.43,30.91
q2_services,2,"In the past 7 days, did you use any of the following AI services? Select all that apply.",Microsoft Copilot / Microsoft 365 Copilot,age_group,30–44,Microsoft Copilot,63,382,16.35,1.9,13.47,19.71
q2_services,2,"In the past 7 days, did you use any of the following AI services? Select all that apply.",Grok (xAI’s chatbot),age_group,30–44,Grok,17,382,4.39,1.05,2.96,6.47
q2_services,2,"In the past 7 days, did you use any of the following AI services? Select all that apply.","Meta AI (e.g., in WhatsApp, Instagram, Messenger, or the Meta AI app)",age_group,30–44,Meta AI,42,382,11.3,1.65,8.89,14.25
q2_services,2,"In the past 7 days, did you use any of the following AI services? Select all that apply.",Perplexity,age_group,30–44,Perplexity,8,382,2.16,0.76,1.23,3.77
q2_services,2,"In the past 7 days, did you use any of the following AI services? Select all that apply.",Another AI service,age_group,30–44,Other,8,382,2.15,0.76,1.22,3.75
q2_services,2,"In the past 7 days, did you use any of the following AI services? Select all that apply.",I have not used an AI service over the past 7 days,age_group,30–44,None (no AI use),150,382,39.36,2.51,35.32,43.55
q2_services,2,"In the past 7 days, did you use any of the following AI services? Select all that apply.",ChatGPT (OpenAI’s chatbot),age_group,45–59,ChatGPT,91,312,29.53,2.6,25.46,33.95
q2_services,2,"In the past 7 days, did you use any of the following AI services? Select all that apply.",Claude (Anthropic’s chatbot),age_group,45–59,Claude,19,312,6.09,1.36,4.22,8.73
q2_services,2,"In the past 7 days, did you use any of the following AI services? Select all that apply.",Google Gemini,age_group,45–59,Google Gemini,67,312,21.73,2.35,18.13,25.82
q2_services,2,"In the past 7 days, did you use any of the following AI services? Select all that apply.",Microsoft Copilot / Microsoft 365 Copilot,age_group,45–59,Microsoft Copilot,49,312,15.61,2.06,12.52,19.3
q2_services,2,"In the past 7 days, did you use any of the following AI services? Select all that apply.",Grok (xAI’s chatbot),age_group,45–59,Grok,8,312,2.62,0.92,1.49,4.57
q2_services,2,"In the past 7 days, did you use any of the following AI services? Select all that apply.","Meta AI (e.g., in WhatsApp, Instagram, Messenger, or the Meta AI app)",age_group,45–59,Meta AI,29,312,9.66,1.71,7.24,12.78
q2_services,2,"In the past 7 days, did you use any of the following AI services? Select all that apply.",Perplexity,age_group,45–59,Perplexity,5,312,1.68,0.75,0.83,3.37
q2_services,2,"In the past 7 days, did you use any of the following AI services? Select all that apply.",Another AI service,age_group,45–59,Other,8,312,2.51,0.88,1.41,4.43
q2_services,2,"In the past 7 days, did you use any of the following AI services? Select all that apply.",I have not used an AI service over the past 7 days,age_group,45–59,None (no AI use),150,312,47.72,2.84,43.09,52.38
q2_services,2,"In the past 7 days, did you use any of the following AI services? Select all that apply.",ChatGPT (OpenAI’s chatbot),age_group,60+,ChatGPT,38,177,21.51,3.11,16.87,27.02
q2_services,2,"In the past 7 days, did you use any of the following AI services? Select all that apply.",Claude (Anthropic’s chatbot),age_group,60+,Claude,7,177,3.83,1.43,2.06,6.99
q2_services,2,"In the past 7 days, did you use any of the following AI services? Select all that apply.",Google Gemini,age_group,60+,Google Gemini,29,177,16.24,2.78,12.18,21.32
q2_services,2,"In the past 7 days, did you use any of the following AI services? Select all that apply.",Microsoft Copilot / Microsoft 365 Copilot,age_group,60+,Microsoft Copilot,22,177,12.12,2.44,8.64,16.76
q2_services,2,"In the past 7 days, did you use any of the following AI services? Select all that apply.",Grok (xAI’s chatbot),age_group,60+,Grok,2,177,1.09,0.77,0.35,3.3
q2_services,2,"In the past 7 days, did you use any of the following AI services? Select all that apply.","Meta AI (e.g., in WhatsApp, Instagram, Messenger, or the Meta AI app)",age_group,60+,Meta AI,15,177,8.68,2.15,5.78,12.83
q2_services,2,"In the past 7 days, did you use any of the following AI services? Select all that apply.",Perplexity,age_group,60+,Perplexity,0,177,0.0,0.0,0.0,1.51
q2_services,2,"In the past 7 days, did you use any of the following AI services? Select all that apply.",Another AI service,age_group,60+,Other,7,177,3.89,1.45,2.11,7.07
q2_services,2,"In the past 7 days, did you use any of the following AI services? Select all that apply.",I have not used an AI service over the past 7 days,age_group,60+,None (no AI use),100,177,56.58,3.75,50.38,62.58
q2_services,2,"In the past 7 days, did you use any of the following AI services? Select all that apply.",ChatGPT (OpenAI’s chatbot),gender,Male,ChatGPT,187,593,31.87,1.93,28.79,35.11
q2_services,2,"In the past 7 days, did you use any of the following AI services? Select all that apply.",Claude (Anthropic’s chatbot),gender,Male,Claude,56,593,9.45,1.21,7.65,11.63
q2_services,2,"In the past 7 days, did you use any of the following AI services? Select all that apply.",Google Gemini,gender,Male,Google Gemini,147,593,25.12,1.8,22.29,28.17
q2_services,2,"In the past 7 days, did you use any of the following AI services? Select all that apply.",Microsoft Copilot / Microsoft 365 Copilot,gender,Male,Microsoft Copilot,93,593,15.48,1.49,13.19,18.1
q2_services,2,"In the past 7 days, did you use any of the following AI services? Select all that apply.",Grok (xAI’s chatbot),gender,Male,Grok,30,593,5.27,0.94,3.95,7.01
q2_services,2,"In the past 7 days, did you use any of the following AI services? Select all that apply.","Meta AI (e.g., in WhatsApp, Instagram, Messenger, or the Meta AI app)",gender,Male,Meta AI,39,593,6.78,1.05,5.26,8.69
q2_services,2,"In the past 7 days, did you use any of the following AI services? Select all that apply.",Perplexity,gender,Male,Perplexity,10,593,1.84,0.58,1.12,2.99
q2_services,2,"In the past 7 days, did you use any of the following AI services? Select all that apply.",Another AI service,gender,Male,Other,14,593,2.27,0.6,1.45,3.52
q2_services,2,"In the past 7 days, did you use any of the following AI services? Select all that apply.",I have not used an AI service over the past 7 days,gender,Male,None (no AI use),274,593,46.09,2.06,42.73,49.49
q2_services,2,"In the past 7 days, did you use any of the following AI services? Select all that apply.",ChatGPT (OpenAI’s chatbot),gender,Female,ChatGPT,179,510,35.78,2.15,32.34,39.37
q2_services,2,"In the past 7 days, did you use any of the following AI services? Select all that apply.",Claude (Anthropic’s chatbot),gender,Female,Claude,29,510,5.82,1.06,4.33,7.79
q2_services,2,"In the past 7 days, did you use any of the following AI services? Select all that apply.",Google Gemini,gender,Female,Google Gemini,115,510,23.15,1.9,20.2,26.38
q2_services,2,"In the past 7 days, did you use any of the following AI services? Select all that apply.",Microsoft Copilot / Microsoft 365 Copilot,gender,Female,Microsoft Copilot,71,510,14.02,1.56,11.66,16.76
q2_services,2,"In the past 7 days, did you use any of the following AI services? Select all that apply.",Grok (xAI’s chatbot),gender,Female,Grok,6,510,1.19,0.49,0.61,2.29
q2_services,2,"In the past 7 days, did you use any of the following AI services? Select all that apply.","Meta AI (e.g., in WhatsApp, Instagram, Messenger, or the Meta AI app)",gender,Female,Meta AI,66,510,13.21,1.53,10.92,15.9
q2_services,2,"In the past 7 days, did you use any of the following AI services? Select all that apply.",Perplexity,gender,Female,Perplexity,9,510,1.83,0.61,1.07,3.1
q2_services,2,"In the past 7 days, did you use any of the following AI services? Select all that apply.",Another AI service,gender,Female,Other,11,510,2.09,0.63,1.27,3.43
q2_services,2,"In the past 7 days, did you use any of the following AI services? Select all that apply.",I have not used an AI service over the past 7 days,gender,Female,None (no AI use),223,510,42.98,2.21,39.39,46.64
q2_services,2,"In the past 7 days, did you use any of the following AI services? Select all that apply.",ChatGPT (OpenAI’s chatbot),race_ethnicity,"White, Non-Hispanic",ChatGPT,194,666,29.22,1.77,26.39,32.21
q2_services,2,"In the past 7 days, did you use any of the following AI services? Select all that apply.",Claude (Anthropic’s chatbot),race_ethnicity,"White, Non-Hispanic",Claude,50,666,7.45,1.02,5.93,9.31
q2_services,2,"In the past 7 days, did you use any of the following AI services? Select all that apply.",Google Gemini,race_ethnicity,"White, Non-Hispanic",Google Gemini,133,666,20.0,1.56,17.57,22.69
q2_services,2,"In the past 7 days, did you use any of the following AI services? Select all that apply.",Microsoft Copilot / Microsoft 365 Copilot,race_ethnicity,"White, Non-Hispanic",Microsoft Copilot,88,666,12.91,1.29,10.91,15.21
q2_services,2,"In the past 7 days, did you use any of the following AI services? Select all that apply.",Grok (xAI’s chatbot),race_ethnicity,"White, Non-Hispanic",Grok,18,666,2.68,0.63,1.82,3.92
q2_services,2,"In the past 7 days, did you use any of the following AI services? Select all that apply.","Meta AI (e.g., in WhatsApp, Instagram, Messenger, or the Meta AI app)",race_ethnicity,"White, Non-Hispanic",Meta AI,45,666,6.84,0.99,5.39,8.64
q2_services,2,"In the past 7 days, did you use any of the following AI services? Select all that apply.",Perplexity,race_ethnicity,"White, Non-Hispanic",Perplexity,7,666,1.07,0.41,0.59,1.96
q2_services,2,"In the past 7 days, did you use any of the following AI services? Select all that apply.",Another AI service,race_ethnicity,"White, Non-Hispanic",Other,17,666,2.45,0.59,1.64,3.65
q2_services,2,"In the past 7 days, did you use any of the following AI services? Select all that apply.",I have not used an AI service over the past 7 days,race_ethnicity,"White, Non-Hispanic",None (no AI use),328,666,49.24,1.95,46.05,52.44
q2_services,2,"In the past 7 days, did you use any of the following AI services? Select all that apply.",ChatGPT (OpenAI’s chatbot),race_ethnicity,"Black, Non-Hispanic",ChatGPT,54,140,39.7,4.19,33.13,46.67
q2_services,2,"In the past 7 days, did you use any of the following AI services? Select all that apply.",Claude (Anthropic’s chatbot),race_ethnicity,"Black, Non-Hispanic",Claude,10,140,7.55,2.31,4.62,12.11
q2_services,2,"In the past 7 days, did you use any of the following AI services? Select all that apply.",Google Gemini,race_ethnicity,"Black, Non-Hispanic",Google Gemini,47,140,34.09,4.06,27.82,40.96
q2_services,2,"In the past 7 days, did you use any of the following AI services? Select all that apply.",Microsoft Copilot / Microsoft 365 Copilot,race_ethnicity,"Black, Non-Hispanic",Microsoft Copilot,24,140,16.75,3.16,12.18,22.6
q2_services,2,"In the past 7 days, did you use any of the following AI services? Select all that apply.",Grok (xAI’s chatbot),race_ethnicity,"Black, Non-Hispanic",Grok,2,140,1.49,1.05,0.5,4.33
q2_services,2,"In the past 7 days, did you use any of the following AI services? Select all that apply.","Meta AI (e.g., in WhatsApp, Instagram, Messenger, or the Meta AI app)",race_ethnicity,"Black, Non-Hispanic",Meta AI,21,140,15.59,3.14,11.19,21.31
q2_services,2,"In the past 7 days, did you use any of the following AI services? Select all that apply.",Perplexity,race_ethnicity,"Black, Non-Hispanic",Perplexity,3,140,2.47,1.41,1.05,5.71
q2_services,2,"In the past 7 days, did you use any of the following AI services? Select all that apply.",Another AI service,race_ethnicity,"Black, Non-Hispanic",Other,3,140,2.03,1.17,0.79,5.11
q2_services,2,"In the past 7 days, did you use any of the following AI services? Select all that apply.",I have not used an AI service over the past 7 days,race_ethnicity,"Black, Non-Hispanic",None (no AI use),51,140,35.78,4.07,29.41,42.69
q2_services,2,"In the past 7 days, did you use any of the following AI services? Select all that apply.",ChatGPT (OpenAI’s chatbot),race_ethnicity,Hispanic,ChatGPT,74,191,38.89,3.55,33.25,44.83
q2_services,2,"In the past 7 days, did you use any of the following AI services? Select all that apply.",Claude (Anthropic’s chatbot),race_ethnicity,Hispanic,Claude,9,191,4.84,1.58,2.85,8.1
q2_services,2,"In the past 7 days, did you use any of the following AI services? Select all that apply.",Google Gemini,race_ethnicity,Hispanic,Google Gemini,51,191,26.91,3.24,21.96,32.51
q2_services,2,"In the past 7 days, did you use any of the following AI services? Select all that apply.",Microsoft Copilot / Microsoft 365 Copilot,race_ethnicity,Hispanic,Microsoft Copilot,25,191,13.22,2.48,9.69,17.79
q2_services,2,"In the past 7 days, did you use any of the following AI services? Select all that apply.",Grok (xAI’s chatbot),race_ethnicity,Hispanic,Grok,8,191,4.06,1.41,2.28,7.14
q2_services,2,"In the past 7 days, did you use any of the following AI services? Select all that apply.","Meta AI (e.g., in WhatsApp, Instagram, Messenger, or the Meta AI app)",race_ethnicity,Hispanic,Meta AI,26,191,13.76,2.53,10.15,18.39
q2_services,2,"In the past 7 days, did you use any of the following AI services? Select all that apply.",Perplexity,race_ethnicity,Hispanic,Perplexity,5,191,2.66,1.18,1.3,5.35
q2_services,2,"In the past 7 days, did you use any of the following AI services? Select all that apply.",Another AI service,race_ethnicity,Hispanic,Other,1,191,0.59,0.59,0.14,2.43
q2_services,2,"In the past 7 days, did you use any of the following AI services? Select all that apply.",I have not used an AI service over the past 7 days,race_ethnicity,Hispanic,None (no AI use),81,191,42.26,3.6,36.5,48.23
q2_services,2,"In the past 7 days, did you use any of the following AI services? Select all that apply.",ChatGPT (OpenAI’s chatbot),race_ethnicity,"Other/2+, Non-Hispanic",ChatGPT,44,106,41.57,4.85,33.95,49.62
q2_services,2,"In the past 7 days, did you use any of the following AI services? Select all that apply.",Claude (Anthropic’s chatbot),race_ethnicity,"Other/2+, Non-Hispanic",Claude,16,106,14.52,3.4,9.75,21.09
q2_services,2,"In the past 7 days, did you use any of the following AI services? Select all that apply.",Google Gemini,race_ethnicity,"Other/2+, Non-Hispanic",Google Gemini,31,106,29.42,4.48,22.68,37.2
q2_services,2,"In the past 7 days, did you use any of the following AI services? Select all that apply.",Microsoft Copilot / Microsoft 365 Copilot,race_ethnicity,"Other/2+, Non-Hispanic",Microsoft Copilot,27,106,25.22,4.25,18.92,32.77
q2_services,2,"In the past 7 days, did you use any of the following AI services? Select all that apply.",Grok (xAI’s chatbot),race_ethnicity,"Other/2+, Non-Hispanic",Grok,8,106,7.89,2.71,4.54,13.37
q2_services,2,"In the past 7 days, did you use any of the following AI services? Select all that apply.","Meta AI (e.g., in WhatsApp, Instagram, Messenger, or the Meta AI app)",race_ethnicity,"Other/2+, Non-Hispanic",Meta AI,13,106,11.99,3.17,7.7,18.19
q2_services,2,"In the past 7 days, did you use any of the following AI services? Select all that apply.",Perplexity,race_ethnicity,"Other/2+, Non-Hispanic",Perplexity,4,106,3.69,1.83,1.65,8.08
q2_services,2,"In the past 7 days, did you use any of the following AI services? Select all that apply.",Another AI service,race_ethnicity,"Other/2+, Non-Hispanic",Other,4,106,3.75,1.87,1.68,8.16
q2_services,2,"In the past 7 days, did you use any of the following AI services? Select all that apply.",I have not used an AI service over the past 7 days,race_ethnicity,"Other/2+, Non-Hispanic",None (no AI use),37,106,34.8,4.68,27.6,42.76
q2_services,2,"In the past 7 days, did you use any of the following AI services? Select all that apply.",ChatGPT (OpenAI’s chatbot),region,Northeast,ChatGPT,71,191,37.83,3.55,32.24,43.77
q2_services,2,"In the past 7 days, did you use any of the following AI services? Select all that apply.",Claude (Anthropic’s chatbot),region,Northeast,Claude,18,191,9.7,2.19,6.71,13.84
q2_services,2,"In the past 7 days, did you use any of the following AI services? Select all that apply.",Google Gemini,region,Northeast,Google Gemini,50,191,26.41,3.23,21.49,31.99
q2_services,2,"In the past 7 days, did you use any of the following AI services? Select all that apply.",Microsoft Copilot / Microsoft 365 Copilot,region,Northeast,Microsoft Copilot,26,191,13.63,2.5,10.03,18.25
q2_services,2,"In the past 7 days, did you use any of the following AI services? Select all that apply.",Grok (xAI’s chatbot),region,Northeast,Grok,7,191,3.63,1.36,1.97,6.6
q2_services,2,"In the past 7 days, did you use any of the following AI services? Select all that apply.","Meta AI (e.g., in WhatsApp, Instagram, Messenger, or the Meta AI app)",region,Northeast,Meta AI,22,191,12.19,2.45,8.8,16.65
q2_services,2,"In the past 7 days, did you use any of the following AI services? Select all that apply.",Perplexity,region,Northeast,Perplexity,5,191,2.64,1.18,1.29,5.33
q2_services,2,"In the past 7 days, did you use any of the following AI services? Select all that apply.",Another AI service,region,Northeast,Other,2,191,1.09,0.77,0.37,3.2
q2_services,2,"In the past 7 days, did you use any of the following AI services? Select all that apply.",I have not used an AI service over the past 7 days,region,Northeast,None (no AI use),76,191,39.13,3.55,33.48,45.09
q2_services,2,"In the past 7 days, did you use any of the following AI services? Select all that apply.",ChatGPT (OpenAI’s chatbot),region,Midwest,ChatGPT,62,246,25.55,2.81,21.23,30.4
q2_services,2,"In the past 7 days, did you use any of the following AI services? Select all that apply.",Claude (Anthropic’s chatbot),region,Midwest,Claude,17,246,6.91,1.63,4.68,10.09
q2_services,2,"In the past 7 days, did you use any of the following AI services? Select all that apply.",Google Gemini,region,Midwest,Google Gemini,43,246,17.49,2.44,13.84,21.85
q2_services,2,"In the past 7 days, did you use any of the following AI services? Select all that apply.",Microsoft Copilot / Microsoft 365 Copilot,region,Midwest,Microsoft Copilot,33,246,13.23,2.17,10.06,17.22
q2_services,2,"In the past 7 days, did you use any of the following AI services? Select all that apply.",Grok (xAI’s chatbot),region,Midwest,Grok,9,246,3.95,1.31,2.35,6.57
q2_services,2,"In the past 7 days, did you use any of the following AI services? Select all that apply.","Meta AI (e.g., in WhatsApp, Instagram, Messenger, or the Meta AI app)",region,Midwest,Meta AI,20,246,7.91,1.71,5.5,11.24
q2_services,2,"In the past 7 days, did you use any of the following AI services? Select all that apply.",Perplexity,region,Midwest,Perplexity,2,246,0.81,0.57,0.27,2.44
q2_services,2,"In the past 7 days, did you use any of the following AI services? Select all that apply.",Another AI service,region,Midwest,Other,9,246,3.39,1.12,1.93,5.87
q2_services,2,"In the past 7 days, did you use any of the following AI services? Select all that apply.",I have not used an AI service over the past 7 days,region,Midwest,None (no AI use),125,246,50.8,3.21,45.54,56.04
q2_services,2,"In the past 7 days, did you use any of the following AI services? Select all that apply.",ChatGPT (OpenAI’s chatbot),region,South,ChatGPT,136,406,34.16,2.39,30.38,38.15
q2_services,2,"In the past 7 days, did you use any of the following AI services? Select all that apply.",Claude (Anthropic’s chatbot),region,South,Claude,22,406,5.36,1.12,3.79,7.53
q2_services,2,"In the past 7 days, did you use any of the following AI services? Select all that apply.",Google Gemini,region,South,Google Gemini,103,406,25.82,2.2,22.39,29.57
q2_services,2,"In the past 7 days, did you use any of the following AI services? Select all that apply.",Microsoft Copilot / Microsoft 365 Copilot,region,South,Microsoft Copilot,70,406,17.16,1.88,14.28,20.48
q2_services,2,"In the past 7 days, did you use any of the following AI services? Select all that apply.",Grok (xAI’s chatbot),region,South,Grok,11,406,2.78,0.83,1.71,4.48
q2_services,2,"In the past 7 days, did you use any of the following AI services? Select all that apply.","Meta AI (e.g., in WhatsApp, Instagram, Messenger, or the Meta AI app)",region,South,Meta AI,43,406,10.96,1.59,8.65,13.8
q2_services,2,"In the past 7 days, did you use any of the following AI services? Select all that apply.",Perplexity,region,South,Perplexity,7,406,1.98,0.74,1.12,3.49
q2_services,2,"In the past 7 days, did you use any of the following AI services? Select all that apply.",Another AI service,region,South,Other,10,406,2.41,0.76,1.44,4.03
q2_services,2,"In the past 7 days, did you use any of the following AI services? Select all that apply.",I have not used an AI service over the past 7 days,region,South,None (no AI use),187,406,45.52,2.49,41.47,49.63
q2_services,2,"In the past 7 days, did you use any of the following AI services? Select all that apply.",ChatGPT (OpenAI’s chatbot),region,West,ChatGPT,97,260,37.52,3.03,32.69,42.6
q2_services,2,"In the past 7 days, did you use any of the following AI services? Select all that apply.",Claude (Anthropic’s chatbot),region,West,Claude,28,260,10.68,1.92,7.9,14.27
q2_services,2,"In the past 7 days, did you use any of the following AI services? Select all that apply.",Google Gemini,region,West,Google Gemini,66,260,26.07,2.77,21.82,30.82
q2_services,2,"In the past 7 days, did you use any of the following AI services? Select all that apply.",Microsoft Copilot / Microsoft 365 Copilot,region,West,Microsoft Copilot,35,260,13.34,2.12,10.23,17.22
q2_services,2,"In the past 7 days, did you use any of the following AI services? Select all that apply.",Grok (xAI’s chatbot),region,West,Grok,9,260,3.38,1.11,1.96,5.78
q2_services,2,"In the past 7 days, did you use any of the following AI services? Select all that apply.","Meta AI (e.g., in WhatsApp, Instagram, Messenger, or the Meta AI app)",region,West,Meta AI,20,260,8.18,1.77,5.78,11.45
q2_services,2,"In the past 7 days, did you use any of the following AI services? Select all that apply.",Perplexity,region,West,Perplexity,5,260,1.95,0.86,0.95,3.95
q2_services,2,"In the past 7 days, did you use any of the following AI services? Select all that apply.",Another AI service,region,West,Other,4,260,1.54,0.77,0.69,3.4
q2_services,2,"In the past 7 days, did you use any of the following AI services? Select all that apply.",I have not used an AI service over the past 7 days,region,West,None (no AI use),109,260,41.57,3.08,36.61,46.69
q2_services,2,"In the past 7 days, did you use any of the following AI services? Select all that apply.",ChatGPT (OpenAI’s chatbot),education,Less than HS,ChatGPT,23,68,34.02,5.82,25.31,43.97
q2_services,2,"In the past 7 days, did you use any of the following AI services? Select all that apply.",Claude (Anthropic’s chatbot),education,Less than HS,Claude,2,68,3.18,2.23,1.09,8.88
q2_services,2,"In the past 7 days, did you use any of the following AI services? Select all that apply.",Google Gemini,education,Less than HS,Google Gemini,17,68,24.99,5.32,17.39,34.51
q2_services,2,"In the past 7 days, did you use any of the following AI services? Select all that apply.",Microsoft Copilot / Microsoft 365 Copilot,education,Less than HS,Microsoft Copilot,4,68,5.55,2.74,2.45,12.09
q2_services,2,"In the past 7 days, did you use any of the following AI services? Select all that apply.",Grok (xAI’s chatbot),education,Less than HS,Grok,3,68,4.6,2.62,1.88,10.83
q2_services,2,"In the past 7 days, did you use any of the following AI services? Select all that apply.","Meta AI (e.g., in WhatsApp, Instagram, Messenger, or the Meta AI app)",education,Less than HS,Meta AI,5,68,8.13,3.51,4.14,15.36
q2_services,2,"In the past 7 days, did you use any of the following AI services? Select all that apply.",Perplexity,education,Less than HS,Perplexity,1,68,1.63,1.63,0.39,6.62
q2_services,2,"In the past 7 days, did you use any of the following AI services? Select all that apply.",Another AI service,education,Less than HS,Other,0,68,0.0,0.0,0.0,3.86
q2_services,2,"In the past 7 days, did you use any of the following AI services? Select all that apply.",I have not used an AI service over the past 7 days,education,Less than HS,None (no AI use),33,68,48.49,6.13,38.73,58.37
q2_services,2,"In the past 7 days, did you use any of the following AI services? Select all that apply.",ChatGPT (OpenAI’s chatbot),education,High school,ChatGPT,74,284,27.22,2.7,23.08,31.8
q2_services,2,"In the past 7 days, did you use any of the following AI services? Select all that apply.",Claude (Anthropic’s chatbot),education,High school,Claude,9,284,3.27,1.08,1.92,5.52
q2_services,2,"In the past 7 days, did you use any of the following AI services? Select all that apply.",Google Gemini,education,High school,Google Gemini,49,284,18.28,2.37,14.78,22.38
q2_services,2,"In the past 7 days, did you use any of the following AI services? Select all that apply.",Microsoft Copilot / Microsoft 365 Copilot,education,High school,Microsoft Copilot,23,284,8.59,1.73,6.21,11.76
q2_services,2,"In the past 7 days, did you use any of the following AI services? Select all that apply.",Grok (xAI’s chatbot),education,High school,Grok,10,284,3.66,1.15,2.22,6.0
q2_services,2,"In the past 7 days, did you use any of the following AI services? Select all that apply.","Meta AI (e.g., in WhatsApp, Instagram, Messenger, or the Meta AI app)",education,High school,Meta AI,46,284,16.22,2.21,12.92,20.16
q2_services,2,"In the past 7 days, did you use any of the following AI services? Select all that apply.",Perplexity,education,High school,Perplexity,5,284,1.89,0.84,0.94,3.76
q2_services,2,"In the past 7 days, did you use any of the following AI services? Select all that apply.",Another AI service,education,High school,Other,8,284,2.74,0.96,1.53,4.85
q2_services,2,"In the past 7 days, did you use any of the following AI services? Select all that apply.",I have not used an AI service over the past 7 days,education,High school,None (no AI use),154,284,52.81,3.0,47.9,57.67
q2_services,2,"In the past 7 days, did you use any of the following AI services? Select all that apply.",ChatGPT (OpenAI’s chatbot),education,Some college,ChatGPT,88,281,31.88,2.82,27.47,36.65
q2_services,2,"In the past 7 days, did you use any of the following AI services? Select all that apply.",Claude (Anthropic’s chatbot),education,Some college,Claude,12,281,4.69,1.33,3.0,7.25
q2_services,2,"In the past 7 days, did you use any of the following AI services? Select all that apply.",Google Gemini,education,Some college,Google Gemini,74,281,26.76,2.68,22.63,31.35
q2_services,2,"In the past 7 days, did you use any of the following AI services? Select all that apply.",Microsoft Copilot / Microsoft 365 Copilot,education,Some college,Microsoft Copilot,36,281,13.05,2.04,10.07,16.74
q2_services,2,"In the past 7 days, did you use any of the following AI services? Select all that apply.",Grok (xAI’s chatbot),education,Some college,Grok,8,281,2.95,1.04,1.68,5.14
q2_services,2,"In the past 7 days, did you use any of the following AI services? Select all that apply.","Meta AI (e.g., in WhatsApp, Instagram, Messenger, or the Meta AI app)",education,Some college,Meta AI,31,281,11.4,1.95,8.63,14.92
q2_services,2,"In the past 7 days, did you use any of the following AI services? Select all that apply.",Perplexity,education,Some college,Perplexity,5,281,1.98,0.88,1.0,3.89
q2_services,2,"In the past 7 days, did you use any of the following AI services? Select all that apply.",Another AI service,education,Some college,Other,4,281,1.27,0.63,0.54,2.94
q2_services,2,"In the past 7 days, did you use any of the following AI services? Select all that apply.",I have not used an AI service over the past 7 days,education,Some college,None (no AI use),132,281,46.63,3.0,41.75,51.56
q2_services,2,"In the past 7 days, did you use any of the following AI services? Select all that apply.",ChatGPT (OpenAI’s chatbot),education,Bachelor+,ChatGPT,181,470,39.01,2.27,35.37,42.79
q2_services,2,"In the past 7 days, did you use any of the following AI services? Select all that apply.",Claude (Anthropic’s chatbot),education,Bachelor+,Claude,62,470,13.24,1.57,10.86,16.03
q2_services,2,"In the past 7 days, did you use any of the following AI services? Select all that apply.",Google Gemini,education,Bachelor+,Google Gemini,122,470,26.11,2.04,22.9,29.59
q2_services,2,"In the past 7 days, did you use any of the following AI services? Select all that apply.",Microsoft Copilot / Microsoft 365 Copilot,education,Bachelor+,Microsoft Copilot,101,470,21.33,1.9,18.37,24.61
q2_services,2,"In the past 7 days, did you use any of the following AI services? Select all that apply.",Grok (xAI’s chatbot),education,Bachelor+,Grok,15,470,3.14,0.8,2.06,4.77
q2_services,2,"In the past 7 days, did you use any of the following AI services? Select all that apply.","Meta AI (e.g., in WhatsApp, Instagram, Messenger, or the Meta AI app)",education,Bachelor+,Meta AI,23,470,5.09,1.04,3.65,7.04
q2_services,2,"In the past 7 days, did you use any of the following AI services? Select all that apply.",Perplexity,education,Bachelor+,Perplexity,8,470,1.74,0.61,0.98,3.05
q2_services,2,"In the past 7 days, did you use any of the following AI services? Select all that apply.",Another AI service,education,Bachelor+,Other,13,470,2.78,0.77,1.78,4.33
q2_services,2,"In the past 7 days, did you use any of the following AI services? Select all that apply.",I have not used an AI service over the past 7 days,education,Bachelor+,None (no AI use),178,470,37.47,2.24,33.86,41.22
q2_services,2,"In the past 7 days, did you use any of the following AI services? Select all that apply.",ChatGPT (OpenAI’s chatbot),income,Under $25K,ChatGPT,29,79,37.4,5.53,28.97,46.68
q2_services,2,"In the past 7 days, did you use any of the following AI services? Select all that apply.",Claude (Anthropic’s chatbot),income,Under $25K,Claude,1,79,1.24,1.24,0.27,5.46
q2_services,2,"In the past 7 days, did you use any of the following AI services? Select all that apply.",Google Gemini,income,Under $25K,Google Gemini,22,79,28.09,5.12,20.57,37.08
q2_services,2,"In the past 7 days, did you use any of the following AI services? Select all that apply.",Microsoft Copilot / Microsoft 365 Copilot,income,Under $25K,Microsoft Copilot,11,79,13.98,3.95,8.73,21.64
q2_services,2,"In the past 7 days, did you use any of the following AI services? Select all that apply.",Grok (xAI’s chatbot),income,Under $25K,Grok,2,79,2.51,1.76,0.83,7.37
q2_services,2,"In the past 7 days, did you use any of the following AI services? Select all that apply.","Meta AI (e.g., in WhatsApp, Instagram, Messenger, or the Meta AI app)",income,Under $25K,Meta AI,21,79,26.61,5.03,19.27,35.51
q2_services,2,"In the past 7 days, did you use any of the following AI services? Select all that apply.",Perplexity,income,Under $25K,Perplexity,2,79,2.59,1.83,0.87,7.48
q2_services,2,"In the past 7 days, did you use any of the following AI services? Select all that apply.",Another AI service,income,Under $25K,Other,3,79,3.31,1.9,1.25,8.5
q2_services,2,"In the past 7 days, did you use any of the following AI services? Select all that apply.",I have not used an AI service over the past 7 days,income,Under $25K,None (no AI use),28,79,35.2,5.43,26.95,44.45
q2_services,2,"In the past 7 days, did you use any of the following AI services? Select all that apply.",ChatGPT (OpenAI’s chatbot),income,$25K–$50K,ChatGPT,31,109,29.66,4.47,22.99,37.33
q2_services,2,"In the past 7 days, did you use any of the following AI services? Select all that apply.",Claude (Anthropic’s chatbot),income,$25K–$50K,Claude,8,109,7.59,2.6,4.35,12.9
q2_services,2,"In the past 7 days, did you use any of the following AI services? Select all that apply.",Google Gemini,income,$25K–$50K,Google Gemini,28,109,26.96,4.36,20.55,34.49
q2_services,2,"In the past 7 days, did you use any of the following AI services? Select all that apply.",Microsoft Copilot / Microsoft 365 Copilot,income,$25K–$50K,Microsoft Copilot,12,109,11.45,3.14,7.32,17.47
q2_services,2,"In the past 7 days, did you use any of the following AI services? Select all that apply.",Grok (xAI’s chatbot),income,$25K–$50K,Grok,5,109,4.89,2.15,2.44,9.54
q2_services,2,"In the past 7 days, did you use any of the following AI services? Select all that apply.","Meta AI (e.g., in WhatsApp, Instagram, Messenger, or the Meta AI app)",income,$25K–$50K,Meta AI,16,109,15.56,3.59,10.67,22.14
q2_services,2,"In the past 7 days, did you use any of the following AI services? Select all that apply.",Perplexity,income,$25K–$50K,Perplexity,4,109,3.83,1.89,1.75,8.17
q2_services,2,"In the past 7 days, did you use any of the following AI services? Select all that apply.",Another AI service,income,$25K–$50K,Other,2,109,1.76,1.25,0.57,5.32
q2_services,2,"In the past 7 days, did you use any of the following AI services? Select all that apply.",I have not used an AI service over the past 7 days,income,$25K–$50K,None (no AI use),59,109,52.49,4.84,44.61,60.24
q2_services,2,"In the past 7 days, did you use any of the following AI services? Select all that apply.",ChatGPT (OpenAI’s chatbot),income,$50K–$75K,ChatGPT,43,142,31.45,3.97,25.4,38.2
q2_services,2,"In the past 7 days, did you use any of the following AI services? Select all that apply.",Claude (Anthropic’s chatbot),income,$50K–$75K,Claude,5,142,3.58,1.59,1.75,7.16
q2_services,2,"In the past 7 days, did you use any of the following AI services? Select all that apply.",Google Gemini,income,$50K–$75K,Google Gemini,19,142,13.95,2.99,9.81,19.44
q2_services,2,"In the past 7 days, did you use any of the following AI services? Select all that apply.",Microsoft Copilot / Microsoft 365 Copilot,income,$50K–$75K,Microsoft Copilot,13,142,9.69,2.57,6.31,14.59
q2_services,2,"In the past 7 days, did you use any of the following AI services? Select all that apply.",Grok (xAI’s chatbot),income,$50K–$75K,Grok,5,142,3.61,1.6,1.77,7.2
q2_services,2,"In the past 7 days, did you use any of the following AI services? Select all that apply.","Meta AI (e.g., in WhatsApp, Instagram, Messenger, or the Meta AI app)",income,$50K–$75K,Meta AI,12,142,8.33,2.33,5.23,13.0
q2_services,2,"In the past 7 days, did you use any of the following AI services? Select all that apply.",Perplexity,income,$50K–$75K,Perplexity,2,142,1.39,0.98,0.46,4.17
q2_services,2,"In the past 7 days, did you use any of the following AI services? Select all that apply.",Another AI service,income,$50K–$75K,Other,6,142,3.79,1.53,1.9,7.44
q2_services,2,"In the past 7 days, did you use any of the following AI services? Select all that apply.",I have not used an AI service over the past 7 days,income,$50K–$75K,None (no AI use),79,142,54.83,4.22,47.89,61.58
q2_services,2,"In the past 7 days, did you use any of the following AI services? Select all that apply.",ChatGPT (OpenAI’s chatbot),income,$75K–$100K,ChatGPT,42,139,30.9,3.98,24.83,37.7
q2_services,2,"In the past 7 days, did you use any of the following AI services? Select all that apply.",Claude (Anthropic’s chatbot),income,$75K–$100K,Claude,11,139,7.53,2.21,4.59,12.12
q2_services,2,"In the past 7 days, did you use any of the following AI services? Select all that apply.",Google Gemini,income,$75K–$100K,Google Gemini,35,139,25.24,3.72,19.66,31.78
q2_services,2,"In the past 7 days, did you use any of the following AI services? Select all that apply.",Microsoft Copilot / Microsoft 365 Copilot,income,$75K–$100K,Microsoft Copilot,18,139,12.75,2.83,8.78,18.17
q2_services,2,"In the past 7 days, did you use any of the following AI services? Select all that apply.",Grok (xAI’s chatbot),income,$75K–$100K,Grok,3,139,2.04,1.18,0.79,5.14
q2_services,2,"In the past 7 days, did you use any of the following AI services? Select all that apply.","Meta AI (e.g., in WhatsApp, Instagram, Messenger, or the Meta AI app)",income,$75K–$100K,Meta AI,14,139,10.52,2.69,6.95,15.62
q2_services,2,"In the past 7 days, did you use any of the following AI services? Select all that apply.",Perplexity,income,$75K–$100K,Perplexity,1,139,0.79,0.79,0.19,3.31
q2_services,2,"In the past 7 days, did you use any of the following AI services? Select all that apply.",Another AI service,income,$75K–$100K,Other,2,139,1.45,1.03,0.48,4.3
q2_services,2,"In the past 7 days, did you use any of the following AI services? Select all that apply.",I have not used an AI service over the past 7 days,income,$75K–$100K,None (no AI use),62,139,43.34,4.23,36.57,50.36
q2_services,2,"In the past 7 days, did you use any of the following AI services? Select all that apply.",ChatGPT (OpenAI’s chatbot),income,$100K+,ChatGPT,221,634,35.24,1.91,32.17,38.43
q2_services,2,"In the past 7 days, did you use any of the following AI services? Select all that apply.",Claude (Anthropic’s chatbot),income,$100K+,Claude,60,634,9.58,1.18,7.81,11.69
q2_services,2,"In the past 7 days, did you use any of the following AI services? Select all that apply.",Google Gemini,income,$100K+,Google Gemini,158,634,25.21,1.74,22.47,28.17
q2_services,2,"In the past 7 days, did you use any of the following AI services? Select all that apply.",Microsoft Copilot / Microsoft 365 Copilot,income,$100K+,Microsoft Copilot,110,634,17.18,1.5,14.85,19.8
q2_services,2,"In the past 7 days, did you use any of the following AI services? Select all that apply.",Grok (xAI’s chatbot),income,$100K+,Grok,21,634,3.33,0.72,2.34,4.72
q2_services,2,"In the past 7 days, did you use any of the following AI services? Select all that apply.","Meta AI (e.g., in WhatsApp, Instagram, Messenger, or the Meta AI app)",income,$100K+,Meta AI,42,634,6.71,1.0,5.25,8.55
q2_services,2,"In the past 7 days, did you use any of the following AI services? Select all that apply.",Perplexity,income,$100K+,Perplexity,10,634,1.66,0.52,1.0,2.73
q2_services,2,"In the past 7 days, did you use any of the following AI services? Select all that apply.",Another AI service,income,$100K+,Other,12,634,1.92,0.55,1.2,3.05
q2_services,2,"In the past 7 days, did you use any of the following AI services? Select all that apply.",I have not used an AI service over the past 7 days,income,$100K+,None (no AI use),269,634,42.15,1.97,38.95,45.42
q2_services,2,"In the past 7 days, did you use any of the following AI services? Select all that apply.",ChatGPT (OpenAI’s chatbot),employment,Full-time,ChatGPT,291,848,34.67,1.65,32.02,37.42
q2_services,2,"In the past 7 days, did you use any of the following AI services? Select all that apply.",Claude (Anthropic’s chatbot),employment,Full-time,Claude,79,848,9.34,1.01,7.82,11.13
q2_services,2,"In the past 7 days, did you use any of the following AI services? Select all that apply.",Google Gemini,employment,Full-time,Google Gemini,199,848,23.8,1.48,21.46,26.3
q2_services,2,"In the past 7 days, did you use any of the following AI services? Select all that apply.",Microsoft Copilot / Microsoft 365 Copilot,employment,Full-time,Microsoft Copilot,143,848,16.68,1.28,14.67,18.91
q2_services,2,"In the past 7 days, did you use any of the following AI services? Select all that apply.",Grok (xAI’s chatbot),employment,Full-time,Grok,29,848,3.41,0.63,2.52,4.6
q2_services,2,"In the past 7 days, did you use any of the following AI services? Select all that apply.","Meta AI (e.g., in WhatsApp, Instagram, Messenger, or the Meta AI app)",employment,Full-time,Meta AI,78,848,9.57,1.04,8.03,11.38
q2_services,2,"In the past 7 days, did you use any of the following AI services? Select all that apply.",Perplexity,employment,Full-time,Perplexity,14,848,1.77,0.47,1.16,2.68
q2_services,2,"In the past 7 days, did you use any of the following AI services? Select all that apply.",Another AI service,employment,Full-time,Other,16,848,1.85,0.46,1.22,2.78
q2_services,2,"In the past 7 days, did you use any of the following AI services? Select all that apply.",I have not used an AI service over the past 7 days,employment,Full-time,None (no AI use),372,848,43.62,1.71,40.83,46.46
q2_services,2,"In the past 7 days, did you use any of the following AI services? Select all that apply.",ChatGPT (OpenAI’s chatbot),employment,Part-time,ChatGPT,75,255,30.67,2.96,26.1,35.65
q2_services,2,"In the past 7 days, did you use any of the following AI services? Select all that apply.",Claude (Anthropic’s chatbot),employment,Part-time,Claude,6,255,2.39,0.97,1.24,4.56
q2_services,2,"In the past 7 days, did you use any of the following AI services? Select all that apply.",Google Gemini,employment,Part-time,Google Gemini,63,255,25.42,2.78,21.17,30.2
q2_services,2,"In the past 7 days, did you use any of the following AI services? Select all that apply.",Microsoft Copilot / Microsoft 365 Copilot,employment,Part-time,Microsoft Copilot,21,255,8.54,1.81,6.06,11.91
q2_services,2,"In the past 7 days, did you use any of the following AI services? Select all that apply.",Grok (xAI’s chatbot),employment,Part-time,Grok,7,255,3.05,1.15,1.7,5.4
q2_services,2,"In the past 7 days, did you use any of the following AI services? Select all that apply.","Meta AI (e.g., in WhatsApp, Instagram, Messenger, or the Meta AI app)",employment,Part-time,Meta AI,27,255,10.76,1.97,7.95,14.41
q2_services,2,"In the past 7 days, did you use any of the following AI services? Select all that apply.",Perplexity,employment,Part-time,Perplexity,5,255,2.06,0.91,1.01,4.12
q2_services,2,"In the past 7 days, did you use any of the following AI services? Select all that apply.",Another AI service,employment,Part-time,Other,9,255,3.3,1.09,1.88,5.71
q2_services,2,"In the past 7 days, did you use any of the following AI services? Select all that apply.",I have not used an AI service over the past 7 days,employment,Part-time,None (no AI use),125,255,47.84,3.16,42.7,53.03
q3_interaction_modes,3,In which of the following ways did you use the AI service or services you selected? Select all that apply.,I went to the AI service’s website or app and typed a question into a chat,full_sample,All,Typed into a chat on the AI's site/app,397,605,65.38,1.95,62.11,68.51
q3_interaction_modes,3,In which of the following ways did you use the AI service or services you selected? Select all that apply.,I saw an AI-generated summary or answer at the top of regular search results,full_sample,All,AI summary in regular search results,219,605,36.21,1.97,33.04,39.5
q3_interaction_modes,3,In which of the following ways did you use the AI service or services you selected? Select all that apply.,"I used AI features built into another product I was already using (for example, email, documents, spreadsheets, or a messaging app)",full_sample,All,AI features built into another product,179,605,29.82,1.88,26.84,32.99
q3_interaction_modes,3,In which of the following ways did you use the AI service or services you selected? Select all that apply.,Other,full_sample,All,Other,33,605,5.15,0.88,3.86,6.85
q3_interaction_modes,3,In which of the following ways did you use the AI service or services you selected? Select all that apply.,I’m not sure,full_sample,All,Not sure,44,605,7.41,1.08,5.83,9.37
q3_interaction_modes,3,In which of the following ways did you use the AI service or services you selected? Select all that apply.,I went to the AI service’s website or app and typed a question into a chat,age_group,18–29,Typed into a chat on the AI's site/app,90,135,65.89,4.14,58.88,72.27
q3_interaction_modes,3,In which of the following ways did you use the AI service or services you selected? Select all that apply.,I saw an AI-generated summary or answer at the top of regular search results,age_group,18–29,AI summary in regular search results,56,135,41.36,4.28,34.59,48.48
q3_interaction_modes,3,In which of the following ways did you use the AI service or services you selected? Select all that apply.,"I used AI features built into another product I was already using (for example, email, documents, spreadsheets, or a messaging app)",age_group,18–29,AI features built into another product,38,135,29.07,3.98,23.07,35.9
q3_interaction_modes,3,In which of the following ways did you use the AI service or services you selected? Select all that apply.,Other,age_group,18–29,Other,1,135,0.61,0.61,0.12,3.06
q3_interaction_modes,3,In which of the following ways did you use the AI service or services you selected? Select all that apply.,I’m not sure,age_group,18–29,Not sure,10,135,7.64,2.35,4.64,12.32
q3_interaction_modes,3,In which of the following ways did you use the AI service or services you selected? Select all that apply.,I went to the AI service’s website or app and typed a question into a chat,age_group,30–44,Typed into a chat on the AI's site/app,163,231,70.06,3.05,64.87,74.77
q3_interaction_modes,3,In which of the following ways did you use the AI service or services you selected? Select all that apply.,I saw an AI-generated summary or answer at the top of regular search results,age_group,30–44,AI summary in regular search results,84,231,36.26,3.18,31.23,41.62
q3_interaction_modes,3,In which of the following ways did you use the AI service or services you selected? Select all that apply.,"I used AI features built into another product I was already using (for example, email, documents, spreadsheets, or a messaging app)",age_group,30–44,AI features built into another product,65,231,28.13,2.98,23.53,33.25
q3_interaction_modes,3,In which of the following ways did you use the AI service or services you selected? Select all that apply.,Other,age_group,30–44,Other,13,231,5.49,1.49,3.5,8.52
q3_interaction_modes,3,In which of the following ways did you use the AI service or services you selected? Select all that apply.,I’m not sure,age_group,30–44,Not sure,17,231,7.7,1.8,5.27,11.12
q3_interaction_modes,3,In which of the following ways did you use the AI service or services you selected? Select all that apply.,I went to the AI service’s website or app and typed a question into a chat,age_group,45–59,Typed into a chat on the AI's site/app,97,162,59.89,3.87,53.43,66.03
q3_interaction_modes,3,In which of the following ways did you use the AI service or services you selected? Select all that apply.,I saw an AI-generated summary or answer at the top of regular search results,age_group,45–59,AI summary in regular search results,55,162,33.67,3.72,27.86,40.01
q3_interaction_modes,3,In which of the following ways did you use the AI service or services you selected? Select all that apply.,"I used AI features built into another product I was already using (for example, email, documents, spreadsheets, or a messaging app)",age_group,45–59,AI features built into another product,55,162,34.11,3.75,28.27,40.47
q3_interaction_modes,3,In which of the following ways did you use the AI service or services you selected? Select all that apply.,Other,age_group,45–59,Other,14,162,8.51,2.19,5.55,12.85
q3_interaction_modes,3,In which of the following ways did you use the AI service or services you selected? Select all that apply.,I’m not sure,age_group,45–59,Not sure,10,162,6.04,1.86,3.62,9.91
q3_interaction_modes,3,In which of the following ways did you use the AI service or services you selected? Select all that apply.,I went to the AI service’s website or app and typed a question into a chat,age_group,60+,Typed into a chat on the AI's site/app,47,77,61.11,5.61,51.71,69.74
q3_interaction_modes,3,In which of the following ways did you use the AI service or services you selected? Select all that apply.,I saw an AI-generated summary or answer at the top of regular search results,age_group,60+,AI summary in regular search results,24,77,30.28,5.24,22.44,39.47
q3_interaction_modes,3,In which of the following ways did you use the AI service or services you selected? Select all that apply.,"I used AI features built into another product I was already using (for example, email, documents, spreadsheets, or a messaging app)",age_group,60+,AI features built into another product,21,77,27.19,5.12,19.72,36.23
q3_interaction_modes,3,In which of the following ways did you use the AI service or services you selected? Select all that apply.,Other,age_group,60+,Other,5,77,6.35,2.77,3.09,12.58
q3_interaction_modes,3,In which of the following ways did you use the AI service or services you selected? Select all that apply.,I’m not sure,age_group,60+,Not sure,7,77,9.1,3.31,5.0,15.99
q3_interaction_modes,3,In which of the following ways did you use the AI service or services you selected? Select all that apply.,I went to the AI service’s website or app and typed a question into a chat,gender,Male,Typed into a chat on the AI's site/app,214,319,66.78,2.66,62.29,70.98
q3_interaction_modes,3,In which of the following ways did you use the AI service or services you selected? Select all that apply.,I saw an AI-generated summary or answer at the top of regular search results,gender,Male,AI summary in regular search results,125,319,39.46,2.76,35.04,44.05
q3_interaction_modes,3,In which of the following ways did you use the AI service or services you selected? Select all that apply.,"I used AI features built into another product I was already using (for example, email, documents, spreadsheets, or a messaging app)",gender,Male,AI features built into another product,96,319,30.14,2.59,26.08,34.54
q3_interaction_modes,3,In which of the following ways did you use the AI service or services you selected? Select all that apply.,Other,gender,Male,Other,19,319,5.75,1.29,3.95,8.3
q3_interaction_modes,3,In which of the following ways did you use the AI service or services you selected? Select all that apply.,I’m not sure,gender,Male,Not sure,22,319,6.78,1.4,4.8,9.5
q3_interaction_modes,3,In which of the following ways did you use the AI service or services you selected? Select all that apply.,I went to the AI service’s website or app and typed a question into a chat,gender,Female,Typed into a chat on the AI's site/app,183,286,63.93,2.87,59.11,68.48
q3_interaction_modes,3,In which of the following ways did you use the AI service or services you selected? Select all that apply.,I saw an AI-generated summary or answer at the top of regular search results,gender,Female,AI summary in regular search results,94,286,32.83,2.8,28.41,37.57
q3_interaction_modes,3,In which of the following ways did you use the AI service or services you selected? Select all that apply.,"I used AI features built into another product I was already using (for example, email, documents, spreadsheets, or a messaging app)",gender,Female,AI features built into another product,83,286,29.49,2.73,25.23,34.14
q3_interaction_modes,3,In which of the following ways did you use the AI service or services you selected? Select all that apply.,Other,gender,Female,Other,14,286,4.53,1.19,2.89,7.04
q3_interaction_modes,3,In which of the following ways did you use the AI service or services you selected? Select all that apply.,I’m not sure,gender,Female,Not sure,22,286,8.05,1.66,5.77,11.14
q3_interaction_modes,3,In which of the following ways did you use the AI service or services you selected? Select all that apply.,I went to the AI service’s website or app and typed a question into a chat,race_ethnicity,"White, Non-Hispanic",Typed into a chat on the AI's site/app,231,337,68.49,2.55,64.18,72.51
q3_interaction_modes,3,In which of the following ways did you use the AI service or services you selected? Select all that apply.,I saw an AI-generated summary or answer at the top of regular search results,race_ethnicity,"White, Non-Hispanic",AI summary in regular search results,126,337,37.36,2.65,33.13,41.8
q3_interaction_modes,3,In which of the following ways did you use the AI service or services you selected? Select all that apply.,"I used AI features built into another product I was already using (for example, email, documents, spreadsheets, or a messaging app)",race_ethnicity,"White, Non-Hispanic",AI features built into another product,94,337,27.93,2.46,24.08,32.13
q3_interaction_modes,3,In which of the following ways did you use the AI service or services you selected? Select all that apply.,Other,race_ethnicity,"White, Non-Hispanic",Other,27,337,7.86,1.46,5.77,10.64
q3_interaction_modes,3,In which of the following ways did you use the AI service or services you selected? Select all that apply.,I’m not sure,race_ethnicity,"White, Non-Hispanic",Not sure,17,337,4.92,1.17,3.31,7.26
q3_interaction_modes,3,In which of the following ways did you use the AI service or services you selected? Select all that apply.,I went to the AI service’s website or app and typed a question into a chat,race_ethnicity,"Black, Non-Hispanic",Typed into a chat on the AI's site/app,55,89,62.18,5.19,53.43,70.2
q3_interaction_modes,3,In which of the following ways did you use the AI service or services you selected? Select all that apply.,I saw an AI-generated summary or answer at the top of regular search results,race_ethnicity,"Black, Non-Hispanic",AI summary in regular search results,30,89,34.35,5.11,26.6,43.03
q3_interaction_modes,3,In which of the following ways did you use the AI service or services you selected? Select all that apply.,"I used AI features built into another product I was already using (for example, email, documents, spreadsheets, or a messaging app)",race_ethnicity,"Black, Non-Hispanic",AI features built into another product,30,89,33.55,5.06,25.87,42.21
q3_interaction_modes,3,In which of the following ways did you use the AI service or services you selected? Select all that apply.,Other,race_ethnicity,"Black, Non-Hispanic",Other,1,89,1.04,1.04,0.22,4.79
q3_interaction_modes,3,In which of the following ways did you use the AI service or services you selected? Select all that apply.,I’m not sure,race_ethnicity,"Black, Non-Hispanic",Not sure,10,89,11.19,3.37,6.78,17.91
q3_interaction_modes,3,In which of the following ways did you use the AI service or services you selected? Select all that apply.,I went to the AI service’s website or app and typed a question into a chat,race_ethnicity,Hispanic,Typed into a chat on the AI's site/app,66,110,59.81,4.72,51.94,67.2
q3_interaction_modes,3,In which of the following ways did you use the AI service or services you selected? Select all that apply.,I saw an AI-generated summary or answer at the top of regular search results,race_ethnicity,Hispanic,AI summary in regular search results,34,110,31.48,4.49,24.69,39.16
q3_interaction_modes,3,In which of the following ways did you use the AI service or services you selected? Select all that apply.,"I used AI features built into another product I was already using (for example, email, documents, spreadsheets, or a messaging app)",race_ethnicity,Hispanic,AI features built into another product,28,110,25.73,4.22,19.49,33.14
q3_interaction_modes,3,In which of the following ways did you use the AI service or services you selected? Select all that apply.,Other,race_ethnicity,Hispanic,Other,3,110,2.62,1.5,1.03,6.5
q3_interaction_modes,3,In which of the following ways did you use the AI service or services you selected? Select all that apply.,I’m not sure,race_ethnicity,Hispanic,Not sure,10,110,9.09,2.77,5.5,14.66
q3_interaction_modes,3,In which of the following ways did you use the AI service or services you selected? Select all that apply.,I went to the AI service’s website or app and typed a question into a chat,race_ethnicity,"Other/2+, Non-Hispanic",Typed into a chat on the AI's site/app,45,69,65.0,5.84,55.08,73.77
q3_interaction_modes,3,In which of the following ways did you use the AI service or services you selected? Select all that apply.,I saw an AI-generated summary or answer at the top of regular search results,race_ethnicity,"Other/2+, Non-Hispanic",AI summary in regular search results,29,69,41.07,5.98,31.79,51.04
q3_interaction_modes,3,In which of the following ways did you use the AI service or services you selected? Select all that apply.,"I used AI features built into another product I was already using (for example, email, documents, spreadsheets, or a messaging app)",race_ethnicity,"Other/2+, Non-Hispanic",AI features built into another product,27,69,39.58,5.98,30.41,49.55
q3_interaction_modes,3,In which of the following ways did you use the AI service or services you selected? Select all that apply.,Other,race_ethnicity,"Other/2+, Non-Hispanic",Other,2,69,2.83,1.99,0.92,8.34
q3_interaction_modes,3,In which of the following ways did you use the AI service or services you selected? Select all that apply.,I’m not sure,race_ethnicity,"Other/2+, Non-Hispanic",Not sure,7,69,10.52,3.82,5.84,18.21
q3_interaction_modes,3,In which of the following ways did you use the AI service or services you selected? Select all that apply.,I went to the AI service’s website or app and typed a question into a chat,region,Northeast,Typed into a chat on the AI's site/app,79,115,68.16,4.41,60.61,74.86
q3_interaction_modes,3,In which of the following ways did you use the AI service or services you selected? Select all that apply.,I saw an AI-generated summary or answer at the top of regular search results,region,Northeast,AI summary in regular search results,37,115,31.66,4.36,24.97,39.2
q3_interaction_modes,3,In which of the following ways did you use the AI service or services you selected? Select all that apply.,"I used AI features built into another product I was already using (for example, email, documents, spreadsheets, or a messaging app)",region,Northeast,AI features built into another product,31,115,27.32,4.22,21.03,34.67
q3_interaction_modes,3,In which of the following ways did you use the AI service or services you selected? Select all that apply.,Other,region,Northeast,Other,6,115,4.85,1.95,2.46,9.34
q3_interaction_modes,3,In which of the following ways did you use the AI service or services you selected? Select all that apply.,I’m not sure,region,Northeast,Not sure,8,115,7.63,2.62,4.45,12.79
q3_interaction_modes,3,In which of the following ways did you use the AI service or services you selected? Select all that apply.,I went to the AI service’s website or app and typed a question into a chat,region,Midwest,Typed into a chat on the AI's site/app,76,120,63.72,4.42,56.23,70.6
q3_interaction_modes,3,In which of the following ways did you use the AI service or services you selected? Select all that apply.,I saw an AI-generated summary or answer at the top of regular search results,region,Midwest,AI summary in regular search results,43,120,35.78,4.42,28.93,43.26
q3_interaction_modes,3,In which of the following ways did you use the AI service or services you selected? Select all that apply.,"I used AI features built into another product I was already using (for example, email, documents, spreadsheets, or a messaging app)",region,Midwest,AI features built into another product,32,120,26.51,4.07,20.42,33.64
q3_interaction_modes,3,In which of the following ways did you use the AI service or services you selected? Select all that apply.,Other,region,Midwest,Other,8,120,6.46,2.23,3.63,11.23
q3_interaction_modes,3,In which of the following ways did you use the AI service or services you selected? Select all that apply.,I’m not sure,region,Midwest,Not sure,9,120,7.02,2.28,4.04,11.91
q3_interaction_modes,3,In which of the following ways did you use the AI service or services you selected? Select all that apply.,I went to the AI service’s website or app and typed a question into a chat,region,South,Typed into a chat on the AI's site/app,142,219,64.58,3.27,59.08,69.73
q3_interaction_modes,3,In which of the following ways did you use the AI service or services you selected? Select all that apply.,I saw an AI-generated summary or answer at the top of regular search results,region,South,AI summary in regular search results,80,219,36.84,3.3,31.63,42.37
q3_interaction_modes,3,In which of the following ways did you use the AI service or services you selected? Select all that apply.,"I used AI features built into another product I was already using (for example, email, documents, spreadsheets, or a messaging app)",region,South,AI features built into another product,76,219,35.29,3.27,30.15,40.79
q3_interaction_modes,3,In which of the following ways did you use the AI service or services you selected? Select all that apply.,Other,region,South,Other,8,219,3.56,1.24,1.99,6.27
q3_interaction_modes,3,In which of the following ways did you use the AI service or services you selected? Select all that apply.,I’m not sure,region,South,Not sure,15,219,6.77,1.7,4.46,10.16
q3_interaction_modes,3,In which of the following ways did you use the AI service or services you selected? Select all that apply.,I went to the AI service’s website or app and typed a question into a chat,region,West,Typed into a chat on the AI's site/app,100,151,65.69,3.92,59.06,71.75
q3_interaction_modes,3,In which of the following ways did you use the AI service or services you selected? Select all that apply.,I saw an AI-generated summary or answer at the top of regular search results,region,West,AI summary in regular search results,59,151,39.07,4.01,32.75,45.79
q3_interaction_modes,3,In which of the following ways did you use the AI service or services you selected? Select all that apply.,"I used AI features built into another product I was already using (for example, email, documents, spreadsheets, or a messaging app)",region,West,AI features built into another product,40,151,26.32,3.61,20.84,32.64
q3_interaction_modes,3,In which of the following ways did you use the AI service or services you selected? Select all that apply.,Other,region,West,Other,11,151,6.7,1.97,4.05,10.9
q3_interaction_modes,3,In which of the following ways did you use the AI service or services you selected? Select all that apply.,I’m not sure,region,West,Not sure,12,151,8.44,2.36,5.4,12.97
q3_interaction_modes,3,In which of the following ways did you use the AI service or services you selected? Select all that apply.,I went to the AI service’s website or app and typed a question into a chat,education,Less than HS,Typed into a chat on the AI's site/app,18,35,50.98,8.62,37.46,64.36
q3_interaction_modes,3,In which of the following ways did you use the AI service or services you selected? Select all that apply.,I saw an AI-generated summary or answer at the top of regular search results,education,Less than HS,AI summary in regular search results,13,35,38.54,8.45,26.25,52.49
q3_interaction_modes,3,In which of the following ways did you use the AI service or services you selected? Select all that apply.,"I used AI features built into another product I was already using (for example, email, documents, spreadsheets, or a messaging app)",education,Less than HS,AI features built into another product,4,35,11.93,5.74,5.54,23.83
q3_interaction_modes,3,In which of the following ways did you use the AI service or services you selected? Select all that apply.,Other,education,Less than HS,Other,2,35,6.01,4.18,2.05,16.34
q3_interaction_modes,3,In which of the following ways did you use the AI service or services you selected? Select all that apply.,I’m not sure,education,Less than HS,Not sure,3,35,8.68,4.86,3.52,19.81
q3_interaction_modes,3,In which of the following ways did you use the AI service or services you selected? Select all that apply.,I went to the AI service’s website or app and typed a question into a chat,education,High school,Typed into a chat on the AI's site/app,72,130,55.6,4.41,48.33,62.63
q3_interaction_modes,3,In which of the following ways did you use the AI service or services you selected? Select all that apply.,I saw an AI-generated summary or answer at the top of regular search results,education,High school,AI summary in regular search results,35,130,26.7,3.91,20.79,33.57
q3_interaction_modes,3,In which of the following ways did you use the AI service or services you selected? Select all that apply.,"I used AI features built into another product I was already using (for example, email, documents, spreadsheets, or a messaging app)",education,High school,AI features built into another product,30,130,24.03,3.84,18.39,30.74
q3_interaction_modes,3,In which of the following ways did you use the AI service or services you selected? Select all that apply.,Other,education,High school,Other,6,130,4.34,1.75,2.21,8.37
q3_interaction_modes,3,In which of the following ways did you use the AI service or services you selected? Select all that apply.,I’m not sure,education,High school,Not sure,17,130,12.66,2.92,8.58,18.28
q3_interaction_modes,3,In which of the following ways did you use the AI service or services you selected? Select all that apply.,I went to the AI service’s website or app and typed a question into a chat,education,Some college,Typed into a chat on the AI's site/app,95,149,63.6,3.98,56.88,69.83
q3_interaction_modes,3,In which of the following ways did you use the AI service or services you selected? Select all that apply.,I saw an AI-generated summary or answer at the top of regular search results,education,Some college,AI summary in regular search results,49,149,33.5,3.92,27.45,40.15
q3_interaction_modes,3,In which of the following ways did you use the AI service or services you selected? Select all that apply.,"I used AI features built into another product I was already using (for example, email, documents, spreadsheets, or a messaging app)",education,Some college,AI features built into another product,49,149,33.59,3.93,27.53,40.24
q3_interaction_modes,3,In which of the following ways did you use the AI service or services you selected? Select all that apply.,Other,education,Some college,Other,8,149,4.82,1.68,2.64,8.63
q3_interaction_modes,3,In which of the following ways did you use the AI service or services you selected? Select all that apply.,I’m not sure,education,Some college,Not sure,13,149,8.89,2.39,5.74,13.53
q3_interaction_modes,3,In which of the following ways did you use the AI service or services you selected? Select all that apply.,I went to the AI service’s website or app and typed a question into a chat,education,Bachelor+,Typed into a chat on the AI's site/app,212,291,72.99,2.62,68.49,77.06
q3_interaction_modes,3,In which of the following ways did you use the AI service or services you selected? Select all that apply.,I saw an AI-generated summary or answer at the top of regular search results,education,Bachelor+,AI summary in regular search results,122,291,41.96,2.91,37.28,46.8
q3_interaction_modes,3,In which of the following ways did you use the AI service or services you selected? Select all that apply.,"I used AI features built into another product I was already using (for example, email, documents, spreadsheets, or a messaging app)",education,Bachelor+,AI features built into another product,96,291,32.9,2.77,28.53,37.6
q3_interaction_modes,3,In which of the following ways did you use the AI service or services you selected? Select all that apply.,Other,education,Bachelor+,Other,17,291,5.61,1.33,3.77,8.28
q3_interaction_modes,3,In which of the following ways did you use the AI service or services you selected? Select all that apply.,I’m not sure,education,Bachelor+,Not sure,11,291,3.89,1.16,2.41,6.23
q3_interaction_modes,3,In which of the following ways did you use the AI service or services you selected? Select all that apply.,I went to the AI service’s website or app and typed a question into a chat,income,Under $25K,Typed into a chat on the AI's site/app,29,51,57.16,7.02,45.64,67.95
q3_interaction_modes,3,In which of the following ways did you use the AI service or services you selected? Select all that apply.,I saw an AI-generated summary or answer at the top of regular search results,income,Under $25K,AI summary in regular search results,16,51,31.86,6.65,22.24,43.32
q3_interaction_modes,3,In which of the following ways did you use the AI service or services you selected? Select all that apply.,"I used AI features built into another product I was already using (for example, email, documents, spreadsheets, or a messaging app)",income,Under $25K,AI features built into another product,9,51,17.83,5.46,10.69,28.24
q3_interaction_modes,3,In which of the following ways did you use the AI service or services you selected? Select all that apply.,Other,income,Under $25K,Other,3,51,5.36,3.06,2.07,13.18
q3_interaction_modes,3,In which of the following ways did you use the AI service or services you selected? Select all that apply.,I’m not sure,income,Under $25K,Not sure,6,51,11.58,4.51,6.06,20.99
q3_interaction_modes,3,In which of the following ways did you use the AI service or services you selected? Select all that apply.,I went to the AI service’s website or app and typed a question into a chat,income,$25K–$50K,Typed into a chat on the AI's site/app,30,50,60.53,7.0,48.84,71.12
q3_interaction_modes,3,In which of the following ways did you use the AI service or services you selected? Select all that apply.,I saw an AI-generated summary or answer at the top of regular search results,income,$25K–$50K,AI summary in regular search results,20,50,39.77,7.02,29.14,51.45
q3_interaction_modes,3,In which of the following ways did you use the AI service or services you selected? Select all that apply.,"I used AI features built into another product I was already using (for example, email, documents, spreadsheets, or a messaging app)",income,$25K–$50K,AI features built into another product,19,50,38.47,7.0,27.97,50.16
q3_interaction_modes,3,In which of the following ways did you use the AI service or services you selected? Select all that apply.,Other,income,$25K–$50K,Other,2,50,3.63,2.55,1.14,10.92
q3_interaction_modes,3,In which of the following ways did you use the AI service or services you selected? Select all that apply.,I’m not sure,income,$25K–$50K,Not sure,4,50,8.14,3.96,3.72,16.91
q3_interaction_modes,3,In which of the following ways did you use the AI service or services you selected? Select all that apply.,I went to the AI service’s website or app and typed a question into a chat,income,$50K–$75K,Typed into a chat on the AI's site/app,33,63,52.99,6.37,42.69,63.05
q3_interaction_modes,3,In which of the following ways did you use the AI service or services you selected? Select all that apply.,I saw an AI-generated summary or answer at the top of regular search results,income,$50K–$75K,AI summary in regular search results,21,63,33.91,6.07,24.89,44.26
q3_interaction_modes,3,In which of the following ways did you use the AI service or services you selected? Select all that apply.,"I used AI features built into another product I was already using (for example, email, documents, spreadsheets, or a messaging app)",income,$50K–$75K,AI features built into another product,17,63,27.68,5.75,19.43,37.78
q3_interaction_modes,3,In which of the following ways did you use the AI service or services you selected? Select all that apply.,Other,income,$50K–$75K,Other,4,63,5.68,2.79,2.45,12.59
q3_interaction_modes,3,In which of the following ways did you use the AI service or services you selected? Select all that apply.,I’m not sure,income,$50K–$75K,Not sure,8,63,12.67,4.26,7.26,21.18
q3_interaction_modes,3,In which of the following ways did you use the AI service or services you selected? Select all that apply.,I went to the AI service’s website or app and typed a question into a chat,income,$75K–$100K,Typed into a chat on the AI's site/app,48,77,61.68,5.63,52.26,70.3
q3_interaction_modes,3,In which of the following ways did you use the AI service or services you selected? Select all that apply.,I saw an AI-generated summary or answer at the top of regular search results,income,$75K–$100K,AI summary in regular search results,22,77,27.81,5.12,20.23,36.91
q3_interaction_modes,3,In which of the following ways did you use the AI service or services you selected? Select all that apply.,"I used AI features built into another product I was already using (for example, email, documents, spreadsheets, or a messaging app)",income,$75K–$100K,AI features built into another product,20,77,25.36,4.98,18.1,34.31
q3_interaction_modes,3,In which of the following ways did you use the AI service or services you selected? Select all that apply.,Other,income,$75K–$100K,Other,8,77,9.9,3.37,5.57,16.98
q3_interaction_modes,3,In which of the following ways did you use the AI service or services you selected? Select all that apply.,I’m not sure,income,$75K–$100K,Not sure,5,77,7.09,3.13,3.58,13.54
q3_interaction_modes,3,In which of the following ways did you use the AI service or services you selected? Select all that apply.,I went to the AI service’s website or app and typed a question into a chat,income,$100K+,Typed into a chat on the AI's site/app,257,364,70.42,2.41,66.32,74.21
q3_interaction_modes,3,In which of the following ways did you use the AI service or services you selected? Select all that apply.,I saw an AI-generated summary or answer at the top of regular search results,income,$100K+,AI summary in regular search results,140,364,38.47,2.57,34.35,42.76
q3_interaction_modes,3,In which of the following ways did you use the AI service or services you selected? Select all that apply.,"I used AI features built into another product I was already using (for example, email, documents, spreadsheets, or a messaging app)",income,$100K+,AI features built into another product,114,364,31.47,2.45,27.6,35.62
q3_interaction_modes,3,In which of the following ways did you use the AI service or services you selected? Select all that apply.,Other,income,$100K+,Other,16,364,4.26,1.05,2.82,6.37
q3_interaction_modes,3,In which of the following ways did you use the AI service or services you selected? Select all that apply.,I’m not sure,income,$100K+,Not sure,21,364,5.8,1.23,4.08,8.17
q3_interaction_modes,3,In which of the following ways did you use the AI service or services you selected? Select all that apply.,I went to the AI service’s website or app and typed a question into a chat,employment,Full-time,Typed into a chat on the AI's site/app,315,475,66.03,2.19,62.35,69.53
q3_interaction_modes,3,In which of the following ways did you use the AI service or services you selected? Select all that apply.,I saw an AI-generated summary or answer at the top of regular search results,employment,Full-time,AI summary in regular search results,167,475,35.31,2.21,31.77,39.01
q3_interaction_modes,3,In which of the following ways did you use the AI service or services you selected? Select all that apply.,"I used AI features built into another product I was already using (for example, email, documents, spreadsheets, or a messaging app)",employment,Full-time,AI features built into another product,154,475,32.71,2.17,29.25,36.36
q3_interaction_modes,3,In which of the following ways did you use the AI service or services you selected? Select all that apply.,Other,employment,Full-time,Other,28,475,5.67,1.05,4.16,7.7
q3_interaction_modes,3,In which of the following ways did you use the AI service or services you selected? Select all that apply.,I’m not sure,employment,Full-time,Not sure,34,475,7.32,1.22,5.58,9.55
q3_interaction_modes,3,In which of the following ways did you use the AI service or services you selected? Select all that apply.,I went to the AI service’s website or app and typed a question into a chat,employment,Part-time,Typed into a chat on the AI's site/app,82,130,63.07,4.29,55.84,69.76
q3_interaction_modes,3,In which of the following ways did you use the AI service or services you selected? Select all that apply.,I saw an AI-generated summary or answer at the top of regular search results,employment,Part-time,AI summary in regular search results,52,130,39.39,4.33,32.57,46.66
q3_interaction_modes,3,In which of the following ways did you use the AI service or services you selected? Select all that apply.,"I used AI features built into another product I was already using (for example, email, documents, spreadsheets, or a messaging app)",employment,Part-time,AI features built into another product,25,130,19.6,3.57,14.47,25.98
q3_interaction_modes,3,In which of the following ways did you use the AI service or services you selected? Select all that apply.,Other,employment,Part-time,Other,5,130,3.31,1.47,1.52,7.03
q3_interaction_modes,3,In which of the following ways did you use the AI service or services you selected? Select all that apply.,I’m not sure,employment,Part-time,Not sure,10,130,7.72,2.37,4.65,12.54
q4_frequency,4,On how many of the last 7 days have you used the following service or services?,1 day,full_sample,All,1 day,98,605,16.23,1.51,13.9,18.86
q4_frequency,4,On how many of the last 7 days have you used the following service or services?,2 days,full_sample,All,2 days,86,605,14.39,1.44,12.19,16.91
q4_frequency,4,On how many of the last 7 days have you used the following service or services?,3 days,full_sample,All,3 days,107,605,17.5,1.55,15.09,20.21
q4_frequency,4,On how many of the last 7 days have you used the following service or services?,4 days,full_sample,All,4 days,60,605,9.62,1.19,7.81,11.79
q4_frequency,4,On how many of the last 7 days have you used the following service or services?,5 days,full_sample,All,5 days,92,605,15.19,1.47,12.93,17.77
q4_frequency,4,On how many of the last 7 days have you used the following service or services?,6 days,full_sample,All,6 days,30,605,5.13,0.92,3.84,6.83
q4_frequency,4,On how many of the last 7 days have you used the following service or services?,7 days,full_sample,All,7 days,132,605,21.94,1.7,19.28,24.85
q4_frequency,4,On how many of the last 7 days have you used the following service or services?,1 day,age_group,18–29,1 day,24,135,17.49,3.27,12.74,23.53
q4_frequency,4,On how many of the last 7 days have you used the following service or services?,2 days,age_group,18–29,2 days,23,135,16.79,3.22,12.14,22.76
q4_frequency,4,On how many of the last 7 days have you used the following service or services?,3 days,age_group,18–29,3 days,20,135,14.66,3.06,10.33,20.4
q4_frequency,4,On how many of the last 7 days have you used the following service or services?,4 days,age_group,18–29,4 days,11,135,7.69,2.25,4.68,12.39
q4_frequency,4,On how many of the last 7 days have you used the following service or services?,5 days,age_group,18–29,5 days,18,135,14.3,3.13,10.02,19.99
q4_frequency,4,On how many of the last 7 days have you used the following service or services?,6 days,age_group,18–29,6 days,12,135,9.06,2.52,5.74,14.0
q4_frequency,4,On how many of the last 7 days have you used the following service or services?,7 days,age_group,18–29,7 days,27,135,20.01,3.48,14.93,26.28
q4_frequency,4,On how many of the last 7 days have you used the following service or services?,1 day,age_group,30–44,1 day,32,231,13.86,2.29,10.53,18.04
q4_frequency,4,On how many of the last 7 days have you used the following service or services?,2 days,age_group,30–44,2 days,34,231,15.07,2.39,11.59,19.36
q4_frequency,4,On how many of the last 7 days have you used the following service or services?,3 days,age_group,30–44,3 days,47,231,20.12,2.64,16.13,24.81
q4_frequency,4,On how many of the last 7 days have you used the following service or services?,4 days,age_group,30–44,4 days,25,231,10.74,2.04,7.82,14.57
q4_frequency,4,On how many of the last 7 days have you used the following service or services?,5 days,age_group,30–44,5 days,34,231,14.37,2.3,10.97,18.59
q4_frequency,4,On how many of the last 7 days have you used the following service or services?,6 days,age_group,30–44,6 days,8,231,3.52,1.23,2.0,6.12
q4_frequency,4,On how many of the last 7 days have you used the following service or services?,7 days,age_group,30–44,7 days,51,231,22.33,2.77,18.14,27.16
q4_frequency,4,On how many of the last 7 days have you used the following service or services?,1 day,age_group,45–59,1 day,30,162,18.58,3.08,14.08,24.13
q4_frequency,4,On how many of the last 7 days have you used the following service or services?,2 days,age_group,45–59,2 days,18,162,10.98,2.46,7.56,15.69
q4_frequency,4,On how many of the last 7 days have you used the following service or services?,3 days,age_group,45–59,3 days,25,162,15.62,2.88,11.49,20.89
q4_frequency,4,On how many of the last 7 days have you used the following service or services?,4 days,age_group,45–59,4 days,15,162,9.22,2.28,6.12,13.67
q4_frequency,4,On how many of the last 7 days have you used the following service or services?,5 days,age_group,45–59,5 days,29,162,17.55,2.98,13.16,23.0
q4_frequency,4,On how many of the last 7 days have you used the following service or services?,6 days,age_group,45–59,6 days,7,162,4.28,1.59,2.33,7.74
q4_frequency,4,On how many of the last 7 days have you used the following service or services?,7 days,age_group,45–59,7 days,38,162,23.77,3.38,18.72,29.69
q4_frequency,4,On how many of the last 7 days have you used the following service or services?,1 day,age_group,60+,1 day,12,77,15.91,4.24,10.22,23.93
q4_frequency,4,On how many of the last 7 days have you used the following service or services?,2 days,age_group,60+,2 days,11,77,14.68,4.12,9.23,22.53
q4_frequency,4,On how many of the last 7 days have you used the following service or services?,3 days,age_group,60+,3 days,15,77,19.41,4.54,13.08,27.84
q4_frequency,4,On how many of the last 7 days have you used the following service or services?,4 days,age_group,60+,4 days,9,77,11.05,3.51,6.44,18.32
q4_frequency,4,On how many of the last 7 days have you used the following service or services?,5 days,age_group,60+,5 days,11,77,14.5,4.07,9.09,22.33
q4_frequency,4,On how many of the last 7 days have you used the following service or services?,6 days,age_group,60+,6 days,3,77,3.79,2.17,1.5,9.22
q4_frequency,4,On how many of the last 7 days have you used the following service or services?,7 days,age_group,60+,7 days,16,77,20.66,4.64,14.12,29.21
q4_frequency,4,On how many of the last 7 days have you used the following service or services?,1 day,gender,Male,1 day,44,319,13.81,1.94,10.92,17.31
q4_frequency,4,On how many of the last 7 days have you used the following service or services?,2 days,gender,Male,2 days,39,319,12.36,1.86,9.63,15.73
q4_frequency,4,On how many of the last 7 days have you used the following service or services?,3 days,gender,Male,3 days,57,319,17.87,2.16,14.6,21.68
q4_frequency,4,On how many of the last 7 days have you used the following service or services?,4 days,gender,Male,4 days,40,319,12.3,1.83,9.58,15.66
q4_frequency,4,On how many of the last 7 days have you used the following service or services?,5 days,gender,Male,5 days,54,319,16.8,2.1,13.62,20.54
q4_frequency,4,On how many of the last 7 days have you used the following service or services?,6 days,gender,Male,6 days,14,319,4.42,1.16,2.87,6.74
q4_frequency,4,On how many of the last 7 days have you used the following service or services?,7 days,gender,Male,7 days,71,319,22.46,2.36,18.84,26.54
q4_frequency,4,On how many of the last 7 days have you used the following service or services?,1 day,gender,Female,1 day,54,286,18.74,2.32,15.22,22.86
q4_frequency,4,On how many of the last 7 days have you used the following service or services?,2 days,gender,Female,2 days,47,286,16.5,2.22,13.18,20.45
q4_frequency,4,On how many of the last 7 days have you used the following service or services?,3 days,gender,Female,3 days,50,286,17.13,2.23,13.75,21.13
q4_frequency,4,On how many of the last 7 days have you used the following service or services?,4 days,gender,Female,4 days,20,286,6.83,1.49,4.74,9.73
q4_frequency,4,On how many of the last 7 days have you used the following service or services?,5 days,gender,Female,5 days,38,286,13.52,2.06,10.52,17.23
q4_frequency,4,On how many of the last 7 days have you used the following service or services?,6 days,gender,Female,6 days,16,286,5.87,1.44,3.96,8.62
q4_frequency,4,On how many of the last 7 days have you used the following service or services?,7 days,gender,Female,7 days,61,286,21.41,2.45,17.67,25.69
q4_frequency,4,On how many of the last 7 days have you used the following service or services?,1 day,race_ethnicity,"White, Non-Hispanic",1 day,58,337,17.52,2.1,14.36,21.2
q4_frequency,4,On how many of the last 7 days have you used the following service or services?,2 days,race_ethnicity,"White, Non-Hispanic",2 days,47,337,14.15,1.92,11.3,17.57
q4_frequency,4,On how many of the last 7 days have you used the following service or services?,3 days,race_ethnicity,"White, Non-Hispanic",3 days,60,337,17.83,2.1,14.65,21.53
q4_frequency,4,On how many of the last 7 days have you used the following service or services?,4 days,race_ethnicity,"White, Non-Hispanic",4 days,40,337,11.66,1.74,9.07,14.86
q4_frequency,4,On how many of the last 7 days have you used the following service or services?,5 days,race_ethnicity,"White, Non-Hispanic",5 days,49,337,14.28,1.9,11.42,17.72
q4_frequency,4,On how many of the last 7 days have you used the following service or services?,6 days,race_ethnicity,"White, Non-Hispanic",6 days,14,337,4.24,1.12,2.77,6.45
q4_frequency,4,On how many of the last 7 days have you used the following service or services?,7 days,race_ethnicity,"White, Non-Hispanic",7 days,69,337,20.32,2.2,16.95,24.18
q4_frequency,4,On how many of the last 7 days have you used the following service or services?,1 day,race_ethnicity,"Black, Non-Hispanic",1 day,15,89,17.09,4.06,11.5,24.65
q4_frequency,4,On how many of the last 7 days have you used the following service or services?,2 days,race_ethnicity,"Black, Non-Hispanic",2 days,15,89,16.97,4.02,11.4,24.51
q4_frequency,4,On how many of the last 7 days have you used the following service or services?,3 days,race_ethnicity,"Black, Non-Hispanic",3 days,13,89,13.89,3.63,8.9,21.04
q4_frequency,4,On how many of the last 7 days have you used the following service or services?,4 days,race_ethnicity,"Black, Non-Hispanic",4 days,11,89,12.17,3.48,7.54,19.06
q4_frequency,4,On how many of the last 7 days have you used the following service or services?,5 days,race_ethnicity,"Black, Non-Hispanic",5 days,9,89,10.21,3.26,6.03,16.76
q4_frequency,4,On how many of the last 7 days have you used the following service or services?,6 days,race_ethnicity,"Black, Non-Hispanic",6 days,4,89,4.2,2.07,1.84,9.29
q4_frequency,4,On how many of the last 7 days have you used the following service or services?,7 days,race_ethnicity,"Black, Non-Hispanic",7 days,22,89,25.47,4.72,18.64,33.76
q4_frequency,4,On how many of the last 7 days have you used the following service or services?,1 day,race_ethnicity,Hispanic,1 day,20,110,17.85,3.65,12.62,24.63
q4_frequency,4,On how many of the last 7 days have you used the following service or services?,2 days,race_ethnicity,Hispanic,2 days,15,110,14.1,3.4,9.48,20.45
q4_frequency,4,On how many of the last 7 days have you used the following service or services?,3 days,race_ethnicity,Hispanic,3 days,24,110,21.51,3.93,15.77,28.62
q4_frequency,4,On how many of the last 7 days have you used the following service or services?,4 days,race_ethnicity,Hispanic,4 days,7,110,6.41,2.36,3.51,11.42
q4_frequency,4,On how many of the last 7 days have you used the following service or services?,5 days,race_ethnicity,Hispanic,5 days,17,110,15.3,3.45,10.48,21.8
q4_frequency,4,On how many of the last 7 days have you used the following service or services?,6 days,race_ethnicity,Hispanic,6 days,8,110,7.47,2.58,4.28,12.72
q4_frequency,4,On how many of the last 7 days have you used the following service or services?,7 days,race_ethnicity,Hispanic,7 days,19,110,17.36,3.65,12.21,24.1
q4_frequency,4,On how many of the last 7 days have you used the following service or services?,1 day,race_ethnicity,"Other/2+, Non-Hispanic",1 day,5,69,7.14,3.11,3.49,14.08
q4_frequency,4,On how many of the last 7 days have you used the following service or services?,2 days,race_ethnicity,"Other/2+, Non-Hispanic",2 days,9,69,12.63,3.98,7.41,20.7
q4_frequency,4,On how many of the last 7 days have you used the following service or services?,3 days,race_ethnicity,"Other/2+, Non-Hispanic",3 days,10,69,14.38,4.27,8.75,22.73
q4_frequency,4,On how many of the last 7 days have you used the following service or services?,4 days,race_ethnicity,"Other/2+, Non-Hispanic",4 days,2,69,2.83,1.99,0.92,8.34
q4_frequency,4,On how many of the last 7 days have you used the following service or services?,5 days,race_ethnicity,"Other/2+, Non-Hispanic",5 days,17,69,25.11,5.34,17.53,34.6
q4_frequency,4,On how many of the last 7 days have you used the following service or services?,6 days,race_ethnicity,"Other/2+, Non-Hispanic",6 days,4,69,6.37,3.11,2.98,13.1
q4_frequency,4,On how many of the last 7 days have you used the following service or services?,7 days,race_ethnicity,"Other/2+, Non-Hispanic",7 days,22,69,31.54,5.66,23.14,41.36
q4_frequency,4,On how many of the last 7 days have you used the following service or services?,1 day,region,Northeast,1 day,13,115,11.79,3.09,7.68,17.68
q4_frequency,4,On how many of the last 7 days have you used the following service or services?,2 days,region,Northeast,2 days,12,115,10.29,2.84,6.49,15.95
q4_frequency,4,On how many of the last 7 days have you used the following service or services?,3 days,region,Northeast,3 days,17,115,14.82,3.35,10.15,21.12
q4_frequency,4,On how many of the last 7 days have you used the following service or services?,4 days,region,Northeast,4 days,10,115,8.2,2.51,4.88,13.48
q4_frequency,4,On how many of the last 7 days have you used the following service or services?,5 days,region,Northeast,5 days,22,115,19.33,3.74,13.97,26.11
q4_frequency,4,On how many of the last 7 days have you used the following service or services?,6 days,region,Northeast,6 days,5,115,4.73,2.11,2.38,9.19
q4_frequency,4,On how many of the last 7 days have you used the following service or services?,7 days,region,Northeast,7 days,36,115,30.84,4.34,24.22,38.35
q4_frequency,4,On how many of the last 7 days have you used the following service or services?,1 day,region,Midwest,1 day,23,120,19.28,3.64,14.03,25.89
q4_frequency,4,On how many of the last 7 days have you used the following service or services?,2 days,region,Midwest,2 days,17,120,14.37,3.25,9.87,20.46
q4_frequency,4,On how many of the last 7 days have you used the following service or services?,3 days,region,Midwest,3 days,27,120,23.06,3.91,17.34,29.97
q4_frequency,4,On how many of the last 7 days have you used the following service or services?,4 days,region,Midwest,4 days,10,120,7.97,2.44,4.76,13.05
q4_frequency,4,On how many of the last 7 days have you used the following service or services?,5 days,region,Midwest,5 days,12,120,10.13,2.82,6.43,15.61
q4_frequency,4,On how many of the last 7 days have you used the following service or services?,6 days,region,Midwest,6 days,5,120,4.17,1.84,2.04,8.35
q4_frequency,4,On how many of the last 7 days have you used the following service or services?,7 days,region,Midwest,7 days,26,120,21.02,3.71,15.55,27.78
q4_frequency,4,On how many of the last 7 days have you used the following service or services?,1 day,region,South,1 day,32,219,14.47,2.39,10.97,18.85
q4_frequency,4,On how many of the last 7 days have you used the following service or services?,2 days,region,South,2 days,34,219,15.8,2.51,12.14,20.31
q4_frequency,4,On how many of the last 7 days have you used the following service or services?,3 days,region,South,3 days,37,219,16.46,2.5,12.73,21.03
q4_frequency,4,On how many of the last 7 days have you used the following service or services?,4 days,region,South,4 days,25,219,11.44,2.17,8.34,15.49
q4_frequency,4,On how many of the last 7 days have you used the following service or services?,5 days,region,South,5 days,36,219,16.24,2.51,12.53,20.78
q4_frequency,4,On how many of the last 7 days have you used the following service or services?,6 days,region,South,6 days,12,219,5.49,1.56,3.45,8.63
q4_frequency,4,On how many of the last 7 days have you used the following service or services?,7 days,region,South,7 days,43,219,20.1,2.76,16.0,24.95
q4_frequency,4,On how many of the last 7 days have you used the following service or services?,1 day,region,West,1 day,30,151,19.84,3.27,15.02,25.73
q4_frequency,4,On how many of the last 7 days have you used the following service or services?,2 days,region,West,2 days,23,151,15.47,2.98,11.21,20.95
q4_frequency,4,On how many of the last 7 days have you used the following service or services?,3 days,region,West,3 days,26,151,16.84,3.05,12.4,22.46
q4_frequency,4,On how many of the last 7 days have you used the following service or services?,4 days,region,West,4 days,15,151,9.3,2.31,6.08,13.97
q4_frequency,4,On how many of the last 7 days have you used the following service or services?,5 days,region,West,5 days,22,151,14.38,2.87,10.28,19.74
q4_frequency,4,On how many of the last 7 days have you used the following service or services?,6 days,region,West,6 days,8,151,5.64,1.96,3.25,9.61
q4_frequency,4,On how many of the last 7 days have you used the following service or services?,7 days,region,West,7 days,27,151,18.54,3.24,13.88,24.32
q4_frequency,4,On how many of the last 7 days have you used the following service or services?,1 day,education,Less than HS,1 day,6,35,17.61,6.62,9.44,30.47
q4_frequency,4,On how many of the last 7 days have you used the following service or services?,2 days,education,Less than HS,2 days,4,35,11.26,5.43,5.11,23.02
q4_frequency,4,On how many of the last 7 days have you used the following service or services?,3 days,education,Less than HS,3 days,8,35,22.36,7.11,12.97,35.75
q4_frequency,4,On how many of the last 7 days have you used the following service or services?,4 days,education,Less than HS,4 days,4,35,10.68,5.15,4.74,22.31
q4_frequency,4,On how many of the last 7 days have you used the following service or services?,5 days,education,Less than HS,5 days,2,35,5.88,4.09,1.98,16.16
q4_frequency,4,On how many of the last 7 days have you used the following service or services?,6 days,education,Less than HS,6 days,2,35,5.69,3.99,1.89,15.9
q4_frequency,4,On how many of the last 7 days have you used the following service or services?,7 days,education,Less than HS,7 days,9,35,26.52,7.7,16.22,40.22
q4_frequency,4,On how many of the last 7 days have you used the following service or services?,1 day,education,High school,1 day,18,130,13.97,3.08,9.67,19.76
q4_frequency,4,On how many of the last 7 days have you used the following service or services?,2 days,education,High school,2 days,20,130,15.8,3.26,11.21,21.81
q4_frequency,4,On how many of the last 7 days have you used the following service or services?,3 days,education,High school,3 days,19,130,14.23,3.07,9.88,20.05
q4_frequency,4,On how many of the last 7 days have you used the following service or services?,4 days,education,High school,4 days,14,130,10.46,2.68,6.8,15.76
q4_frequency,4,On how many of the last 7 days have you used the following service or services?,5 days,education,High school,5 days,20,130,15.7,3.28,11.13,21.7
q4_frequency,4,On how many of the last 7 days have you used the following service or services?,6 days,education,High school,6 days,9,130,7.33,2.38,4.36,12.07
q4_frequency,4,On how many of the last 7 days have you used the following service or services?,7 days,education,High school,7 days,30,130,22.52,3.67,17.04,29.13
q4_frequency,4,On how many of the last 7 days have you used the following service or services?,1 day,education,Some college,1 day,28,149,18.38,3.17,13.72,24.19
q4_frequency,4,On how many of the last 7 days have you used the following service or services?,2 days,education,Some college,2 days,25,149,16.89,3.1,12.42,22.56
q4_frequency,4,On how many of the last 7 days have you used the following service or services?,3 days,education,Some college,3 days,30,149,19.85,3.28,15.01,25.78
q4_frequency,4,On how many of the last 7 days have you used the following service or services?,4 days,education,Some college,4 days,13,149,8.5,2.28,5.43,13.07
q4_frequency,4,On how many of the last 7 days have you used the following service or services?,5 days,education,Some college,5 days,19,149,13.11,2.83,9.19,18.36
q4_frequency,4,On how many of the last 7 days have you used the following service or services?,6 days,education,Some college,6 days,4,149,2.93,1.45,1.36,6.2
q4_frequency,4,On how many of the last 7 days have you used the following service or services?,7 days,education,Some college,7 days,30,149,20.34,3.35,15.44,26.31
q4_frequency,4,On how many of the last 7 days have you used the following service or services?,1 day,education,Bachelor+,1 day,46,291,15.93,2.17,12.7,19.79
q4_frequency,4,On how many of the last 7 days have you used the following service or services?,2 days,education,Bachelor+,2 days,37,291,12.74,1.97,9.85,16.32
q4_frequency,4,On how many of the last 7 days have you used the following service or services?,3 days,education,Bachelor+,3 days,50,291,17.12,2.22,13.78,21.08
q4_frequency,4,On how many of the last 7 days have you used the following service or services?,4 days,education,Bachelor+,4 days,29,291,9.69,1.72,7.19,12.94
q4_frequency,4,On how many of the last 7 days have you used the following service or services?,5 days,education,Bachelor+,5 days,51,291,17.35,2.22,13.99,21.32
q4_frequency,4,On how many of the last 7 days have you used the following service or services?,6 days,education,Bachelor+,6 days,15,291,5.22,1.33,3.45,7.83
q4_frequency,4,On how many of the last 7 days have you used the following service or services?,7 days,education,Bachelor+,7 days,63,291,21.94,2.45,18.21,26.21
q4_frequency,4,On how many of the last 7 days have you used the following service or services?,1 day,income,Under $25K,1 day,6,51,12.33,4.76,6.59,21.9
q4_frequency,4,On how many of the last 7 days have you used the following service or services?,2 days,income,Under $25K,2 days,14,51,28.41,6.47,19.28,39.73
q4_frequency,4,On how many of the last 7 days have you used the following service or services?,3 days,income,Under $25K,3 days,7,51,13.63,4.85,7.53,23.43
q4_frequency,4,On how many of the last 7 days have you used the following service or services?,4 days,income,Under $25K,4 days,6,51,10.71,4.21,5.45,19.95
q4_frequency,4,On how many of the last 7 days have you used the following service or services?,5 days,income,Under $25K,5 days,4,51,8.51,4.1,3.98,17.24
q4_frequency,4,On how many of the last 7 days have you used the following service or services?,6 days,income,Under $25K,6 days,0,51,0.0,0.0,0.0,5.08
q4_frequency,4,On how many of the last 7 days have you used the following service or services?,7 days,income,Under $25K,7 days,14,51,26.41,6.19,17.6,37.61
q4_frequency,4,On how many of the last 7 days have you used the following service or services?,1 day,income,$25K–$50K,1 day,7,50,13.36,4.79,7.28,23.23
q4_frequency,4,On how many of the last 7 days have you used the following service or services?,2 days,income,$25K–$50K,2 days,5,50,10.07,4.33,4.98,19.3
q4_frequency,4,On how many of the last 7 days have you used the following service or services?,3 days,income,$25K–$50K,3 days,6,50,12.26,4.74,6.49,21.93
q4_frequency,4,On how many of the last 7 days have you used the following service or services?,4 days,income,$25K–$50K,4 days,4,50,7.88,3.83,3.55,16.57
q4_frequency,4,On how many of the last 7 days have you used the following service or services?,5 days,income,$25K–$50K,5 days,8,50,16.36,5.37,9.5,26.7
q4_frequency,4,On how many of the last 7 days have you used the following service or services?,6 days,income,$25K–$50K,6 days,3,50,6.36,3.62,2.62,14.63
q4_frequency,4,On how many of the last 7 days have you used the following service or services?,7 days,income,$25K–$50K,7 days,17,50,33.72,6.77,23.77,45.37
q4_frequency,4,On how many of the last 7 days have you used the following service or services?,1 day,income,$50K–$75K,1 day,12,63,19.11,5.02,12.27,28.52
q4_frequency,4,On how many of the last 7 days have you used the following service or services?,2 days,income,$50K–$75K,2 days,12,63,18.98,4.99,12.17,28.38
q4_frequency,4,On how many of the last 7 days have you used the following service or services?,3 days,income,$50K–$75K,3 days,6,63,9.49,3.73,4.96,17.39
q4_frequency,4,On how many of the last 7 days have you used the following service or services?,4 days,income,$50K–$75K,4 days,4,63,6.31,3.08,2.85,13.41
q4_frequency,4,On how many of the last 7 days have you used the following service or services?,5 days,income,$50K–$75K,5 days,12,63,19.47,5.12,12.56,28.92
q4_frequency,4,On how many of the last 7 days have you used the following service or services?,6 days,income,$50K–$75K,6 days,6,63,9.95,3.9,5.29,17.94
q4_frequency,4,On how many of the last 7 days have you used the following service or services?,7 days,income,$50K–$75K,7 days,11,63,16.69,4.68,10.34,25.81
q4_frequency,4,On how many of the last 7 days have you used the following service or services?,1 day,income,$75K–$100K,1 day,17,77,22.07,4.78,15.29,30.78
q4_frequency,4,On how many of the last 7 days have you used the following service or services?,2 days,income,$75K–$100K,2 days,7,77,9.93,3.58,5.6,17.02
q4_frequency,4,On how many of the last 7 days have you used the following service or services?,3 days,income,$75K–$100K,3 days,17,77,21.34,4.66,14.67,29.98
q4_frequency,4,On how many of the last 7 days have you used the following service or services?,4 days,income,$75K–$100K,4 days,8,77,10.51,3.55,6.02,17.7
q4_frequency,4,On how many of the last 7 days have you used the following service or services?,5 days,income,$75K–$100K,5 days,7,77,8.65,3.17,4.67,15.47
q4_frequency,4,On how many of the last 7 days have you used the following service or services?,6 days,income,$75K–$100K,6 days,4,77,5.33,2.61,2.43,11.3
q4_frequency,4,On how many of the last 7 days have you used the following service or services?,7 days,income,$75K–$100K,7 days,17,77,22.17,4.82,15.37,30.89
q4_frequency,4,On how many of the last 7 days have you used the following service or services?,1 day,income,$100K+,1 day,56,364,15.49,1.91,12.62,18.89
q4_frequency,4,On how many of the last 7 days have you used the following service or services?,2 days,income,$100K+,2 days,48,364,13.21,1.79,10.55,16.42
q4_frequency,4,On how many of the last 7 days have you used the following service or services?,3 days,income,$100K+,3 days,71,364,19.56,2.09,16.35,23.22
q4_frequency,4,On how many of the last 7 days have you used the following service or services?,4 days,income,$100K+,4 days,38,364,10.15,1.57,7.82,13.07
q4_frequency,4,On how many of the last 7 days have you used the following service or services?,5 days,income,$100K+,5 days,61,364,16.62,1.96,13.64,20.09
q4_frequency,4,On how many of the last 7 days have you used the following service or services?,6 days,income,$100K+,6 days,17,364,4.76,1.14,3.23,6.97
q4_frequency,4,On how many of the last 7 days have you used the following service or services?,7 days,income,$100K+,7 days,73,364,20.21,2.12,16.95,23.9
q4_frequency,4,On how many of the last 7 days have you used the following service or services?,1 day,employment,Full-time,1 day,77,475,16.31,1.71,13.69,19.3
q4_frequency,4,On how many of the last 7 days have you used the following service or services?,2 days,employment,Full-time,2 days,62,475,13.08,1.56,10.73,15.85
q4_frequency,4,On how many of the last 7 days have you used the following service or services?,3 days,employment,Full-time,3 days,85,475,17.74,1.76,15.02,20.82
q4_frequency,4,On how many of the last 7 days have you used the following service or services?,4 days,employment,Full-time,4 days,46,475,9.57,1.35,7.56,12.04
q4_frequency,4,On how many of the last 7 days have you used the following service or services?,5 days,employment,Full-time,5 days,77,475,15.82,1.67,13.25,18.79
q4_frequency,4,On how many of the last 7 days have you used the following service or services?,6 days,employment,Full-time,6 days,27,475,5.95,1.12,4.39,8.01
q4_frequency,4,On how many of the last 7 days have you used the following service or services?,7 days,employment,Full-time,7 days,101,475,21.54,1.91,18.59,24.82
q4_frequency,4,On how many of the last 7 days have you used the following service or services?,1 day,employment,Part-time,1 day,21,130,15.95,3.23,11.33,21.98
q4_frequency,4,On how many of the last 7 days have you used the following service or services?,2 days,employment,Part-time,2 days,24,130,19.03,3.52,13.98,25.36
q4_frequency,4,On how many of the last 7 days have you used the following service or services?,3 days,employment,Part-time,3 days,22,130,16.68,3.29,11.95,22.79
q4_frequency,4,On how many of the last 7 days have you used the following service or services?,4 days,employment,Part-time,4 days,14,130,9.78,2.52,6.26,14.98
q4_frequency,4,On how many of the last 7 days have you used the following service or services?,5 days,employment,Part-time,5 days,15,130,12.96,3.14,8.83,18.63
q4_frequency,4,On how many of the last 7 days have you used the following service or services?,6 days,employment,Part-time,6 days,3,130,2.24,1.3,0.88,5.58
q4_frequency,4,On how many of the last 7 days have you used the following service or services?,7 days,employment,Part-time,7 days,31,130,23.36,3.73,17.79,30.04
q5_work_personal,5,Which best describes how you used the following service or services over the past 7 days?,Only or mostly for work,full_sample,All,Mostly or only work,128,603,20.73,1.65,18.13,23.59
q5_work_personal,5,Which best describes how you used the following service or services over the past 7 days?,Both work and personal use (incl. roughly equal use),full_sample,All,Both work and personal,252,603,42.02,2.03,38.73,45.37
q5_work_personal,5,Which best describes how you used the following service or services over the past 7 days?,Only or mostly for personal use,full_sample,All,Mostly or only personal,223,603,37.25,1.99,34.06,40.57
q5_work_personal,5,Which best describes how you used the following service or services over the past 7 days?,Only or mostly for work,age_group,18–29,Mostly or only work,22,134,16.12,3.19,11.55,22.05
q5_work_personal,5,Which best describes how you used the following service or services over the past 7 days?,Both work and personal use (incl. roughly equal use),age_group,18–29,Both work and personal,50,134,38.03,4.25,31.4,45.15
q5_work_personal,5,Which best describes how you used the following service or services over the past 7 days?,Only or mostly for personal use,age_group,18–29,Mostly or only personal,62,134,45.85,4.34,38.88,52.98
q5_work_personal,5,Which best describes how you used the following service or services over the past 7 days?,Only or mostly for work,age_group,30–44,Mostly or only work,42,231,17.73,2.5,13.96,22.25
q5_work_personal,5,Which best describes how you used the following service or services over the past 7 days?,Both work and personal use (incl. roughly equal use),age_group,30–44,Both work and personal,109,231,47.39,3.31,42.03,52.81
q5_work_personal,5,Which best describes how you used the following service or services over the past 7 days?,Only or mostly for personal use,age_group,30–44,Mostly or only personal,80,231,34.88,3.16,29.91,40.21
q5_work_personal,5,Which best describes how you used the following service or services over the past 7 days?,Only or mostly for work,age_group,45–59,Mostly or only work,45,162,27.51,3.52,22.13,33.63
q5_work_personal,5,Which best describes how you used the following service or services over the past 7 days?,Both work and personal use (incl. roughly equal use),age_group,45–59,Both work and personal,65,162,40.15,3.87,34.01,46.61
q5_work_personal,5,Which best describes how you used the following service or services over the past 7 days?,Only or mostly for personal use,age_group,45–59,Mostly or only personal,52,162,32.34,3.7,26.61,38.65
q5_work_personal,5,Which best describes how you used the following service or services over the past 7 days?,Only or mostly for work,age_group,60+,Mostly or only work,19,76,25.46,5.07,18.17,34.45
q5_work_personal,5,Which best describes how you used the following service or services over the past 7 days?,Both work and personal use (incl. roughly equal use),age_group,60+,Both work and personal,28,76,36.82,5.59,28.29,46.25
q5_work_personal,5,Which best describes how you used the following service or services over the past 7 days?,Only or mostly for personal use,age_group,60+,Mostly or only personal,29,76,37.72,5.6,29.12,47.16
q5_work_personal,5,Which best describes how you used the following service or services over the past 7 days?,Only or mostly for work,gender,Male,Mostly or only work,64,318,19.66,2.22,16.24,23.6
q5_work_personal,5,Which best describes how you used the following service or services over the past 7 days?,Both work and personal use (incl. roughly equal use),gender,Male,Both work and personal,139,318,43.59,2.8,39.06,48.22
q5_work_personal,5,Which best describes how you used the following service or services over the past 7 days?,Only or mostly for personal use,gender,Male,Mostly or only personal,115,318,36.75,2.73,32.41,41.31
q5_work_personal,5,Which best describes how you used the following service or services over the past 7 days?,Only or mostly for work,gender,Female,Mostly or only work,64,285,21.83,2.44,18.06,26.15
q5_work_personal,5,Which best describes how you used the following service or services over the past 7 days?,Both work and personal use (incl. roughly equal use),gender,Female,Both work and personal,113,285,40.39,2.94,35.68,45.27
q5_work_personal,5,Which best describes how you used the following service or services over the past 7 days?,Only or mostly for personal use,gender,Female,Mostly or only personal,108,285,37.78,2.9,33.16,42.63
q5_work_personal,5,Which best describes how you used the following service or services over the past 7 days?,Only or mostly for work,race_ethnicity,"White, Non-Hispanic",Mostly or only work,84,336,24.86,2.37,21.18,28.95
q5_work_personal,5,Which best describes how you used the following service or services over the past 7 days?,Both work and personal use (incl. roughly equal use),race_ethnicity,"White, Non-Hispanic",Both work and personal,121,336,35.61,2.62,31.43,40.03
q5_work_personal,5,Which best describes how you used the following service or services over the past 7 days?,Only or mostly for personal use,race_ethnicity,"White, Non-Hispanic",Mostly or only personal,131,336,39.52,2.69,35.22,43.99
q5_work_personal,5,Which best describes how you used the following service or services over the past 7 days?,Only or mostly for work,race_ethnicity,"Black, Non-Hispanic",Mostly or only work,13,89,13.73,3.58,8.77,20.85
q5_work_personal,5,Which best describes how you used the following service or services over the past 7 days?,Both work and personal use (incl. roughly equal use),race_ethnicity,"Black, Non-Hispanic",Both work and personal,46,89,51.69,5.36,43.01,60.27
q5_work_personal,5,Which best describes how you used the following service or services over the past 7 days?,Only or mostly for personal use,race_ethnicity,"Black, Non-Hispanic",Mostly or only personal,30,89,34.58,5.13,26.81,43.27
q5_work_personal,5,Which best describes how you used the following service or services over the past 7 days?,Only or mostly for work,race_ethnicity,Hispanic,Mostly or only work,20,109,17.87,3.66,12.62,24.69
q5_work_personal,5,Which best describes how you used the following service or services over the past 7 days?,Both work and personal use (incl. roughly equal use),race_ethnicity,Hispanic,Both work and personal,44,109,40.45,4.74,33.01,48.36
q5_work_personal,5,Which best describes how you used the following service or services over the past 7 days?,Only or mostly for personal use,race_ethnicity,Hispanic,Mostly or only personal,45,109,41.68,4.77,34.17,49.59
q5_work_personal,5,Which best describes how you used the following service or services over the past 7 days?,Only or mostly for work,race_ethnicity,"Other/2+, Non-Hispanic",Mostly or only work,11,69,16.54,4.61,10.44,25.19
q5_work_personal,5,Which best describes how you used the following service or services over the past 7 days?,Both work and personal use (incl. roughly equal use),race_ethnicity,"Other/2+, Non-Hispanic",Both work and personal,41,69,59.28,6.0,49.32,68.54
q5_work_personal,5,Which best describes how you used the following service or services over the past 7 days?,Only or mostly for personal use,race_ethnicity,"Other/2+, Non-Hispanic",Mostly or only personal,17,69,24.18,5.19,16.73,33.59
q5_work_personal,5,Which best describes how you used the following service or services over the past 7 days?,Only or mostly for work,region,Northeast,Mostly or only work,18,114,15.49,3.39,10.69,21.9
q5_work_personal,5,Which best describes how you used the following service or services over the past 7 days?,Both work and personal use (incl. roughly equal use),region,Northeast,Both work and personal,52,114,45.12,4.71,37.61,52.86
q5_work_personal,5,Which best describes how you used the following service or services over the past 7 days?,Only or mostly for personal use,region,Northeast,Mostly or only personal,44,114,39.39,4.65,32.15,47.13
q5_work_personal,5,Which best describes how you used the following service or services over the past 7 days?,Only or mostly for work,region,Midwest,Mostly or only work,27,120,22.54,3.86,16.88,29.42
q5_work_personal,5,Which best describes how you used the following service or services over the past 7 days?,Both work and personal use (incl. roughly equal use),region,Midwest,Both work and personal,41,120,33.98,4.36,27.26,41.42
q5_work_personal,5,Which best describes how you used the following service or services over the past 7 days?,Only or mostly for personal use,region,Midwest,Mostly or only personal,52,120,43.48,4.57,36.23,51.03
q5_work_personal,5,Which best describes how you used the following service or services over the past 7 days?,Only or mostly for work,region,South,Mostly or only work,46,218,20.6,2.74,16.44,25.49
q5_work_personal,5,Which best describes how you used the following service or services over the past 7 days?,Both work and personal use (incl. roughly equal use),region,South,Both work and personal,96,218,44.65,3.4,39.17,50.26
q5_work_personal,5,Which best describes how you used the following service or services over the past 7 days?,Only or mostly for personal use,region,South,Mostly or only personal,76,218,34.76,3.25,29.63,40.26
q5_work_personal,5,Which best describes how you used the following service or services over the past 7 days?,Only or mostly for work,region,West,Mostly or only work,37,151,23.5,3.43,18.29,29.66
q5_work_personal,5,Which best describes how you used the following service or services over the past 7 days?,Both work and personal use (incl. roughly equal use),region,West,Both work and personal,63,151,41.98,4.06,35.53,48.72
q5_work_personal,5,Which best describes how you used the following service or services over the past 7 days?,Only or mostly for personal use,region,West,Mostly or only personal,51,151,34.52,3.93,28.44,41.15
q5_work_personal,5,Which best describes how you used the following service or services over the past 7 days?,Only or mostly for work,education,Less than HS,Mostly or only work,4,35,11.3,5.42,5.13,23.07
q5_work_personal,5,Which best describes how you used the following service or services over the past 7 days?,Both work and personal use (incl. roughly equal use),education,Less than HS,Both work and personal,8,35,23.24,7.3,13.65,36.71
q5_work_personal,5,Which best describes how you used the following service or services over the past 7 days?,Only or mostly for personal use,education,Less than HS,Mostly or only personal,23,35,65.46,8.2,51.5,77.18
q5_work_personal,5,Which best describes how you used the following service or services over the past 7 days?,Only or mostly for work,education,High school,Mostly or only work,20,129,16.01,3.32,11.37,22.07
q5_work_personal,5,Which best describes how you used the following service or services over the past 7 days?,Both work and personal use (incl. roughly equal use),education,High school,Both work and personal,44,129,34.68,4.26,28.11,41.89
q5_work_personal,5,Which best describes how you used the following service or services over the past 7 days?,Only or mostly for personal use,education,High school,Mostly or only personal,65,129,49.31,4.46,42.1,56.55
q5_work_personal,5,Which best describes how you used the following service or services over the past 7 days?,Only or mostly for work,education,Some college,Mostly or only work,28,149,17.98,3.12,13.37,23.75
q5_work_personal,5,Which best describes how you used the following service or services over the past 7 days?,Both work and personal use (incl. roughly equal use),education,Some college,Both work and personal,58,149,39.88,4.07,33.48,46.64
q5_work_personal,5,Which best describes how you used the following service or services over the past 7 days?,Only or mostly for personal use,education,Some college,Mostly or only personal,63,149,42.14,4.08,35.64,48.92
q5_work_personal,5,Which best describes how you used the following service or services over the past 7 days?,Only or mostly for work,education,Bachelor+,Mostly or only work,76,290,25.78,2.57,21.77,30.24
q5_work_personal,5,Which best describes how you used the following service or services over the past 7 days?,Both work and personal use (incl. roughly equal use),education,Bachelor+,Both work and personal,142,290,49.23,2.96,44.41,54.07
q5_work_personal,5,Which best describes how you used the following service or services over the past 7 days?,Only or mostly for personal use,education,Bachelor+,Mostly or only personal,72,290,24.99,2.57,21.04,29.41
q5_work_personal,5,Which best describes how you used the following service or services over the past 7 days?,Only or mostly for work,income,Under $25K,Mostly or only work,8,51,15.52,5.12,8.92,25.61
q5_work_personal,5,Which best describes how you used the following service or services over the past 7 days?,Both work and personal use (incl. roughly equal use),income,Under $25K,Both work and personal,19,51,37.43,6.88,27.15,48.99
q5_work_personal,5,Which best describes how you used the following service or services over the past 7 days?,Only or mostly for personal use,income,Under $25K,Mostly or only personal,24,51,47.05,7.09,35.95,58.45
q5_work_personal,5,Which best describes how you used the following service or services over the past 7 days?,Only or mostly for work,income,$25K–$50K,Mostly or only work,6,50,11.14,4.4,5.71,20.6
q5_work_personal,5,Which best describes how you used the following service or services over the past 7 days?,Both work and personal use (incl. roughly equal use),income,$25K–$50K,Both work and personal,20,50,40.92,7.08,30.18,52.6
q5_work_personal,5,Which best describes how you used the following service or services over the past 7 days?,Only or mostly for personal use,income,$25K–$50K,Mostly or only personal,24,50,47.94,7.17,36.67,59.43
q5_work_personal,5,Which best describes how you used the following service or services over the past 7 days?,Only or mostly for work,income,$50K–$75K,Mostly or only work,11,63,17.09,4.76,10.66,26.26
q5_work_personal,5,Which best describes how you used the following service or services over the past 7 days?,Both work and personal use (incl. roughly equal use),income,$50K–$75K,Both work and personal,20,63,31.9,5.96,23.12,42.19
q5_work_personal,5,Which best describes how you used the following service or services over the past 7 days?,Only or mostly for personal use,income,$50K–$75K,Mostly or only personal,32,63,51.01,6.38,40.77,61.17
q5_work_personal,5,Which best describes how you used the following service or services over the past 7 days?,Only or mostly for work,income,$75K–$100K,Mostly or only work,17,77,22.24,4.8,15.43,30.96
q5_work_personal,5,Which best describes how you used the following service or services over the past 7 days?,Both work and personal use (incl. roughly equal use),income,$75K–$100K,Both work and personal,30,77,39.02,5.63,30.35,48.45
q5_work_personal,5,Which best describes how you used the following service or services over the past 7 days?,Only or mostly for personal use,income,$75K–$100K,Mostly or only personal,30,77,38.74,5.61,30.09,48.16
q5_work_personal,5,Which best describes how you used the following service or services over the past 7 days?,Only or mostly for work,income,$100K+,Mostly or only work,86,362,23.44,2.23,19.97,27.31
q5_work_personal,5,Which best describes how you used the following service or services over the past 7 days?,Both work and personal use (incl. roughly equal use),income,$100K+,Both work and personal,163,362,45.35,2.64,41.08,49.7
q5_work_personal,5,Which best describes how you used the following service or services over the past 7 days?,Only or mostly for personal use,income,$100K+,Mostly or only personal,113,362,31.21,2.45,27.34,35.36
q5_work_personal,5,Which best describes how you used the following service or services over the past 7 days?,Only or mostly for work,employment,Full-time,Mostly or only work,115,473,23.71,1.95,20.63,27.09
q5_work_personal,5,Which best describes how you used the following service or services over the past 7 days?,Both work and personal use (incl. roughly equal use),employment,Full-time,Both work and personal,208,473,44.45,2.3,40.71,48.25
q5_work_personal,5,Which best describes how you used the following service or services over the past 7 days?,Only or mostly for personal use,employment,Full-time,Mostly or only personal,150,473,31.84,2.16,28.41,35.48
q5_work_personal,5,Which best describes how you used the following service or services over the past 7 days?,Only or mostly for work,employment,Part-time,Mostly or only work,13,130,10.22,2.73,6.6,15.49
q5_work_personal,5,Which best describes how you used the following service or services over the past 7 days?,Both work and personal use (incl. roughly equal use),employment,Part-time,Both work and personal,44,130,33.43,4.18,26.96,40.58
q5_work_personal,5,Which best describes how you used the following service or services over the past 7 days?,Only or mostly for personal use,employment,Part-time,Mostly or only personal,73,130,56.35,4.41,49.07,63.37
q6a_work_tasks,6,"In the past 7 days, which of these work tasks (if any) did you use each of these services for?",Maintaining operational records,full_sample,All,Maintaining operational records,39,432,9.03,1.39,7.0,11.58
q6a_work_tasks,6,"In the past 7 days, which of these work tasks (if any) did you use each of these services for?","Developing organizational policies, systems, or processes",full_sample,All,"Developing policies, systems, or processes",54,432,12.46,1.6,10.06,15.33
q6a_work_tasks,6,"In the past 7 days, which of these work tasks (if any) did you use each of these services for?",Reading documents or materials to inform work processes,full_sample,All,Reading documents to inform work,101,432,23.32,2.05,20.12,26.85
q6a_work_tasks,6,"In the past 7 days, which of these work tasks (if any) did you use each of these services for?",Determining values or prices of goods or services,full_sample,All,Determining values or prices,31,432,7.24,1.26,5.43,9.59
q6a_work_tasks,6,"In the past 7 days, which of these work tasks (if any) did you use each of these services for?","Analyzing data, or evaluating the quality or accuracy of data",full_sample,All,Analyzing or evaluating data,96,432,22.19,2.01,19.06,25.68
q6a_work_tasks,6,"In the past 7 days, which of these work tasks (if any) did you use each of these services for?",Designing computer or information systems or applications,full_sample,All,Designing computer or information systems,38,432,8.48,1.33,6.51,10.97
q6a_work_tasks,6,"In the past 7 days, which of these work tasks (if any) did you use each of these services for?","Preparing documentation for contracts, applications, or permits",full_sample,All,"Preparing contracts, applications, or permits",55,432,12.61,1.6,10.2,15.49
q6a_work_tasks,6,"In the past 7 days, which of these work tasks (if any) did you use each of these services for?",Explaining or providing information to clients or customers (incl. about products or services),full_sample,All,Explaining or providing info to clients,77,432,18.01,1.87,15.15,21.27
q6a_work_tasks,6,"In the past 7 days, which of these work tasks (if any) did you use each of these services for?",Advising others on business or operational matters,full_sample,All,Advising on business or operational matters,36,432,8.12,1.31,6.2,10.57
q6a_work_tasks,6,"In the past 7 days, which of these work tasks (if any) did you use each of these services for?","Assessing student capabilities, needs, or performance",full_sample,All,Assessing student capabilities or needs,16,432,3.72,0.92,2.48,5.54
q6a_work_tasks,6,"In the past 7 days, which of these work tasks (if any) did you use each of these services for?",Another work task,full_sample,All,Other task,103,432,23.22,2.03,20.03,26.74
q6a_work_tasks,6,"In the past 7 days, which of these work tasks (if any) did you use each of these services for?",Did not use AI for any of these tasks (incl. “not sure” responses),full_sample,All,None of these tasks,129,432,30.61,2.25,27.07,34.39
q6a_work_tasks,6,"In the past 7 days, which of these work tasks (if any) did you use each of these services for?",Maintaining operational records,age_group,18–29,Maintaining operational records,6,87,7.32,2.89,3.89,13.35
q6a_work_tasks,6,"In the past 7 days, which of these work tasks (if any) did you use each of these services for?","Developing organizational policies, systems, or processes",age_group,18–29,"Developing policies, systems, or processes",9,87,10.69,3.39,6.36,17.42
q6a_work_tasks,6,"In the past 7 days, which of these work tasks (if any) did you use each of these services for?",Reading documents or materials to inform work processes,age_group,18–29,Reading documents to inform work,20,87,23.11,4.58,16.52,31.34
q6a_work_tasks,6,"In the past 7 days, which of these work tasks (if any) did you use each of these services for?",Determining values or prices of goods or services,age_group,18–29,Determining values or prices,9,87,9.95,3.18,5.8,16.55
q6a_work_tasks,6,"In the past 7 days, which of these work tasks (if any) did you use each of these services for?","Analyzing data, or evaluating the quality or accuracy of data",age_group,18–29,Analyzing or evaluating data,20,87,23.28,4.61,16.67,31.53
q6a_work_tasks,6,"In the past 7 days, which of these work tasks (if any) did you use each of these services for?",Designing computer or information systems or applications,age_group,18–29,Designing computer or information systems,7,87,7.38,2.73,3.93,13.43
q6a_work_tasks,6,"In the past 7 days, which of these work tasks (if any) did you use each of these services for?","Preparing documentation for contracts, applications, or permits",age_group,18–29,"Preparing contracts, applications, or permits",8,87,9.57,3.24,5.52,16.1
q6a_work_tasks,6,"In the past 7 days, which of these work tasks (if any) did you use each of these services for?",Explaining or providing information to clients or customers (incl. about products or services),age_group,18–29,Explaining or providing info to clients,18,87,21.24,4.47,14.92,29.32
q6a_work_tasks,6,"In the past 7 days, which of these work tasks (if any) did you use each of these services for?",Advising others on business or operational matters,age_group,18–29,Advising on business or operational matters,5,87,5.7,2.5,2.78,11.32
q6a_work_tasks,6,"In the past 7 days, which of these work tasks (if any) did you use each of these services for?","Assessing student capabilities, needs, or performance",age_group,18–29,Assessing student capabilities or needs,2,87,2.57,1.8,0.9,7.14
q6a_work_tasks,6,"In the past 7 days, which of these work tasks (if any) did you use each of these services for?",Another work task,age_group,18–29,Other task,10,87,11.24,3.4,6.78,18.06
q6a_work_tasks,6,"In the past 7 days, which of these work tasks (if any) did you use each of these services for?",Did not use AI for any of these tasks (incl. “not sure” responses),age_group,18–29,None of these tasks,32,87,37.2,5.26,29.13,46.05
q6a_work_tasks,6,"In the past 7 days, which of these work tasks (if any) did you use each of these services for?",Maintaining operational records,age_group,30–44,Maintaining operational records,15,176,8.28,2.07,5.46,12.39
q6a_work_tasks,6,"In the past 7 days, which of these work tasks (if any) did you use each of these services for?","Developing organizational policies, systems, or processes",age_group,30–44,"Developing policies, systems, or processes",23,176,12.93,2.54,9.31,17.68
q6a_work_tasks,6,"In the past 7 days, which of these work tasks (if any) did you use each of these services for?",Reading documents or materials to inform work processes,age_group,30–44,Reading documents to inform work,40,176,22.62,3.17,17.85,28.23
q6a_work_tasks,6,"In the past 7 days, which of these work tasks (if any) did you use each of these services for?",Determining values or prices of goods or services,age_group,30–44,Determining values or prices,13,176,7.45,2.0,4.79,11.41
q6a_work_tasks,6,"In the past 7 days, which of these work tasks (if any) did you use each of these services for?","Analyzing data, or evaluating the quality or accuracy of data",age_group,30–44,Analyzing or evaluating data,41,176,22.92,3.17,18.13,28.54
q6a_work_tasks,6,"In the past 7 days, which of these work tasks (if any) did you use each of these services for?",Designing computer or information systems or applications,age_group,30–44,Designing computer or information systems,16,176,8.81,2.12,5.88,12.99
q6a_work_tasks,6,"In the past 7 days, which of these work tasks (if any) did you use each of these services for?","Preparing documentation for contracts, applications, or permits",age_group,30–44,"Preparing contracts, applications, or permits",19,176,10.71,2.33,7.44,15.17
q6a_work_tasks,6,"In the past 7 days, which of these work tasks (if any) did you use each of these services for?",Explaining or providing information to clients or customers (incl. about products or services),age_group,30–44,Explaining or providing info to clients,28,176,16.13,2.8,12.07,21.22
q6a_work_tasks,6,"In the past 7 days, which of these work tasks (if any) did you use each of these services for?",Advising others on business or operational matters,age_group,30–44,Advising on business or operational matters,13,176,7.33,1.97,4.7,11.27
q6a_work_tasks,6,"In the past 7 days, which of these work tasks (if any) did you use each of these services for?","Assessing student capabilities, needs, or performance",age_group,30–44,Assessing student capabilities or needs,6,176,3.31,1.33,1.7,6.34
q6a_work_tasks,6,"In the past 7 days, which of these work tasks (if any) did you use each of these services for?",Another work task,age_group,30–44,Other task,41,176,23.07,3.19,18.26,28.7
q6a_work_tasks,6,"In the past 7 days, which of these work tasks (if any) did you use each of these services for?",Did not use AI for any of these tasks (incl. “not sure” responses),age_group,30–44,None of these tasks,56,176,32.68,3.59,27.14,38.75
q6a_work_tasks,6,"In the past 7 days, which of these work tasks (if any) did you use each of these services for?",Maintaining operational records,age_group,45–59,Maintaining operational records,12,116,10.81,2.96,6.92,16.49
q6a_work_tasks,6,"In the past 7 days, which of these work tasks (if any) did you use each of these services for?","Developing organizational policies, systems, or processes",age_group,45–59,"Developing policies, systems, or processes",17,116,14.59,3.29,9.99,20.8
q6a_work_tasks,6,"In the past 7 days, which of these work tasks (if any) did you use each of these services for?",Reading documents or materials to inform work processes,age_group,45–59,Reading documents to inform work,26,116,22.84,3.95,17.08,29.85
q6a_work_tasks,6,"In the past 7 days, which of these work tasks (if any) did you use each of these services for?",Determining values or prices of goods or services,age_group,45–59,Determining values or prices,4,116,3.52,1.74,1.6,7.57
q6a_work_tasks,6,"In the past 7 days, which of these work tasks (if any) did you use each of these services for?","Analyzing data, or evaluating the quality or accuracy of data",age_group,45–59,Analyzing or evaluating data,25,116,21.61,3.85,16.0,28.52
q6a_work_tasks,6,"In the past 7 days, which of these work tasks (if any) did you use each of these services for?",Designing computer or information systems or applications,age_group,45–59,Designing computer or information systems,10,116,8.6,2.62,5.2,13.89
q6a_work_tasks,6,"In the past 7 days, which of these work tasks (if any) did you use each of these services for?","Preparing documentation for contracts, applications, or permits",age_group,45–59,"Preparing contracts, applications, or permits",19,116,16.49,3.48,11.59,22.92
q6a_work_tasks,6,"In the past 7 days, which of these work tasks (if any) did you use each of these services for?",Explaining or providing information to clients or customers (incl. about products or services),age_group,45–59,Explaining or providing info to clients,20,116,17.38,3.55,12.34,23.91
q6a_work_tasks,6,"In the past 7 days, which of these work tasks (if any) did you use each of these services for?",Advising others on business or operational matters,age_group,45–59,Advising on business or operational matters,11,116,9.46,2.73,5.87,14.92
q6a_work_tasks,6,"In the past 7 days, which of these work tasks (if any) did you use each of these services for?","Assessing student capabilities, needs, or performance",age_group,45–59,Assessing student capabilities or needs,6,116,5.36,2.14,2.82,9.94
q6a_work_tasks,6,"In the past 7 days, which of these work tasks (if any) did you use each of these services for?",Another work task,age_group,45–59,Other task,35,116,30.17,4.29,23.66,37.59
q6a_work_tasks,6,"In the past 7 days, which of these work tasks (if any) did you use each of these services for?",Did not use AI for any of these tasks (incl. “not sure” responses),age_group,45–59,None of these tasks,30,116,25.66,4.07,19.59,32.85
q6a_work_tasks,6,"In the past 7 days, which of these work tasks (if any) did you use each of these services for?",Maintaining operational records,age_group,60+,Maintaining operational records,6,53,11.1,4.33,5.8,20.2
q6a_work_tasks,6,"In the past 7 days, which of these work tasks (if any) did you use each of these services for?","Developing organizational policies, systems, or processes",age_group,60+,"Developing policies, systems, or processes",5,53,9.15,3.95,4.46,17.82
q6a_work_tasks,6,"In the past 7 days, which of these work tasks (if any) did you use each of these services for?",Reading documents or materials to inform work processes,age_group,60+,Reading documents to inform work,15,53,27.58,6.16,18.74,38.62
q6a_work_tasks,6,"In the past 7 days, which of these work tasks (if any) did you use each of these services for?",Determining values or prices of goods or services,age_group,60+,Determining values or prices,5,53,9.82,4.21,4.92,18.65
q6a_work_tasks,6,"In the past 7 days, which of these work tasks (if any) did you use each of these services for?","Analyzing data, or evaluating the quality or accuracy of data",age_group,60+,Analyzing or evaluating data,10,53,18.56,5.37,11.36,28.82
q6a_work_tasks,6,"In the past 7 days, which of these work tasks (if any) did you use each of these services for?",Designing computer or information systems or applications,age_group,60+,Designing computer or information systems,5,53,9.28,4.01,4.56,17.99
q6a_work_tasks,6,"In the past 7 days, which of these work tasks (if any) did you use each of these services for?","Preparing documentation for contracts, applications, or permits",age_group,60+,"Preparing contracts, applications, or permits",9,53,16.78,5.17,9.98,26.82
q6a_work_tasks,6,"In the past 7 days, which of these work tasks (if any) did you use each of these services for?",Explaining or providing information to clients or customers (incl. about products or services),age_group,60+,Explaining or providing info to clients,11,53,19.9,5.46,12.42,30.32
q6a_work_tasks,6,"In the past 7 days, which of these work tasks (if any) did you use each of these services for?",Advising others on business or operational matters,age_group,60+,Advising on business or operational matters,7,53,12.94,4.62,7.12,22.39
q6a_work_tasks,6,"In the past 7 days, which of these work tasks (if any) did you use each of these services for?","Assessing student capabilities, needs, or performance",age_group,60+,Assessing student capabilities or needs,2,53,3.7,2.6,1.22,10.72
q6a_work_tasks,6,"In the past 7 days, which of these work tasks (if any) did you use each of these services for?",Another work task,age_group,60+,Other task,17,53,32.04,6.49,22.56,43.27
q6a_work_tasks,6,"In the past 7 days, which of these work tasks (if any) did you use each of these services for?",Did not use AI for any of these tasks (incl. “not sure” responses),age_group,60+,None of these tasks,11,53,20.88,5.68,13.21,31.4
q6a_work_tasks,6,"In the past 7 days, which of these work tasks (if any) did you use each of these services for?",Maintaining operational records,gender,Male,Maintaining operational records,18,232,7.88,1.79,5.42,11.32
q6a_work_tasks,6,"In the past 7 days, which of these work tasks (if any) did you use each of these services for?","Developing organizational policies, systems, or processes",gender,Male,"Developing policies, systems, or processes",32,232,14.04,2.32,10.69,18.23
q6a_work_tasks,6,"In the past 7 days, which of these work tasks (if any) did you use each of these services for?",Reading documents or materials to inform work processes,gender,Male,Reading documents to inform work,53,232,22.74,2.77,18.52,27.59
q6a_work_tasks,6,"In the past 7 days, which of these work tasks (if any) did you use each of these services for?",Determining values or prices of goods or services,gender,Male,Determining values or prices,19,232,8.53,1.88,5.96,12.06
q6a_work_tasks,6,"In the past 7 days, which of these work tasks (if any) did you use each of these services for?","Analyzing data, or evaluating the quality or accuracy of data",gender,Male,Analyzing or evaluating data,64,232,27.79,2.97,23.21,32.89
q6a_work_tasks,6,"In the past 7 days, which of these work tasks (if any) did you use each of these services for?",Designing computer or information systems or applications,gender,Male,Designing computer or information systems,29,232,12.27,2.15,9.14,16.28
q6a_work_tasks,6,"In the past 7 days, which of these work tasks (if any) did you use each of these services for?","Preparing documentation for contracts, applications, or permits",gender,Male,"Preparing contracts, applications, or permits",32,232,13.95,2.3,10.61,18.13
q6a_work_tasks,6,"In the past 7 days, which of these work tasks (if any) did you use each of these services for?",Explaining or providing information to clients or customers (incl. about products or services),gender,Male,Explaining or providing info to clients,35,232,15.18,2.38,11.69,19.47
q6a_work_tasks,6,"In the past 7 days, which of these work tasks (if any) did you use each of these services for?",Advising others on business or operational matters,gender,Male,Advising on business or operational matters,19,232,8.19,1.81,5.68,11.67
q6a_work_tasks,6,"In the past 7 days, which of these work tasks (if any) did you use each of these services for?","Assessing student capabilities, needs, or performance",gender,Male,Assessing student capabilities or needs,5,232,2.16,0.96,1.05,4.38
q6a_work_tasks,6,"In the past 7 days, which of these work tasks (if any) did you use each of these services for?",Another work task,gender,Male,Other task,55,232,23.19,2.77,18.93,28.06
q6a_work_tasks,6,"In the past 7 days, which of these work tasks (if any) did you use each of these services for?",Did not use AI for any of these tasks (incl. “not sure” responses),gender,Male,None of these tasks,61,232,27.01,2.96,22.48,32.08
q6a_work_tasks,6,"In the past 7 days, which of these work tasks (if any) did you use each of these services for?",Maintaining operational records,gender,Female,Maintaining operational records,21,200,10.26,2.15,7.23,14.37
q6a_work_tasks,6,"In the past 7 days, which of these work tasks (if any) did you use each of these services for?","Developing organizational policies, systems, or processes",gender,Female,"Developing policies, systems, or processes",22,200,10.75,2.19,7.64,14.92
q6a_work_tasks,6,"In the past 7 days, which of these work tasks (if any) did you use each of these services for?",Reading documents or materials to inform work processes,gender,Female,Reading documents to inform work,48,200,23.94,3.05,19.32,29.27
q6a_work_tasks,6,"In the past 7 days, which of these work tasks (if any) did you use each of these services for?",Determining values or prices of goods or services,gender,Female,Determining values or prices,12,200,5.85,1.65,3.66,9.25
q6a_work_tasks,6,"In the past 7 days, which of these work tasks (if any) did you use each of these services for?","Analyzing data, or evaluating the quality or accuracy of data",gender,Female,Analyzing or evaluating data,32,200,16.16,2.65,12.31,20.93
q6a_work_tasks,6,"In the past 7 days, which of these work tasks (if any) did you use each of these services for?",Designing computer or information systems or applications,gender,Female,Designing computer or information systems,9,200,4.4,1.45,2.55,7.48
q6a_work_tasks,6,"In the past 7 days, which of these work tasks (if any) did you use each of these services for?","Preparing documentation for contracts, applications, or permits",gender,Female,"Preparing contracts, applications, or permits",23,200,11.16,2.22,7.99,15.39
q6a_work_tasks,6,"In the past 7 days, which of these work tasks (if any) did you use each of these services for?",Explaining or providing information to clients or customers (incl. about products or services),gender,Female,Explaining or providing info to clients,42,200,21.06,2.91,16.69,26.21
q6a_work_tasks,6,"In the past 7 days, which of these work tasks (if any) did you use each of these services for?",Advising others on business or operational matters,gender,Female,Advising on business or operational matters,17,200,8.04,1.9,5.4,11.83
q6a_work_tasks,6,"In the past 7 days, which of these work tasks (if any) did you use each of these services for?","Assessing student capabilities, needs, or performance",gender,Female,Assessing student capabilities or needs,11,200,5.4,1.6,3.31,8.7
q6a_work_tasks,6,"In the past 7 days, which of these work tasks (if any) did you use each of these services for?",Another work task,gender,Female,Other task,48,200,23.25,2.98,18.68,28.54
q6a_work_tasks,6,"In the past 7 days, which of these work tasks (if any) did you use each of these services for?",Did not use AI for any of these tasks (incl. “not sure” responses),gender,Female,None of these tasks,68,200,34.48,3.4,29.16,40.22
q6a_work_tasks,6,"In the past 7 days, which of these work tasks (if any) did you use each of these services for?",Maintaining operational records,race_ethnicity,"White, Non-Hispanic",Maintaining operational records,19,237,7.93,1.76,5.49,11.33
q6a_work_tasks,6,"In the past 7 days, which of these work tasks (if any) did you use each of these services for?","Developing organizational policies, systems, or processes",race_ethnicity,"White, Non-Hispanic","Developing policies, systems, or processes",27,237,11.06,2.02,8.13,14.88
q6a_work_tasks,6,"In the past 7 days, which of these work tasks (if any) did you use each of these services for?",Reading documents or materials to inform work processes,race_ethnicity,"White, Non-Hispanic",Reading documents to inform work,58,237,24.27,2.79,19.98,29.14
q6a_work_tasks,6,"In the past 7 days, which of these work tasks (if any) did you use each of these services for?",Determining values or prices of goods or services,race_ethnicity,"White, Non-Hispanic",Determining values or prices,13,237,5.57,1.51,3.58,8.58
q6a_work_tasks,6,"In the past 7 days, which of these work tasks (if any) did you use each of these services for?","Analyzing data, or evaluating the quality or accuracy of data",race_ethnicity,"White, Non-Hispanic",Analyzing or evaluating data,51,237,21.36,2.67,17.3,26.07
q6a_work_tasks,6,"In the past 7 days, which of these work tasks (if any) did you use each of these services for?",Designing computer or information systems or applications,race_ethnicity,"White, Non-Hispanic",Designing computer or information systems,22,237,8.95,1.83,6.34,12.5
q6a_work_tasks,6,"In the past 7 days, which of these work tasks (if any) did you use each of these services for?","Preparing documentation for contracts, applications, or permits",race_ethnicity,"White, Non-Hispanic","Preparing contracts, applications, or permits",27,237,11.11,2.03,8.17,14.94
q6a_work_tasks,6,"In the past 7 days, which of these work tasks (if any) did you use each of these services for?",Explaining or providing information to clients or customers (incl. about products or services),race_ethnicity,"White, Non-Hispanic",Explaining or providing info to clients,37,237,15.6,2.37,12.1,19.88
q6a_work_tasks,6,"In the past 7 days, which of these work tasks (if any) did you use each of these services for?",Advising others on business or operational matters,race_ethnicity,"White, Non-Hispanic",Advising on business or operational matters,22,237,9.15,1.87,6.5,12.72
q6a_work_tasks,6,"In the past 7 days, which of these work tasks (if any) did you use each of these services for?","Assessing student capabilities, needs, or performance",race_ethnicity,"White, Non-Hispanic",Assessing student capabilities or needs,5,237,2.0,0.89,0.96,4.14
q6a_work_tasks,6,"In the past 7 days, which of these work tasks (if any) did you use each of these services for?",Another work task,race_ethnicity,"White, Non-Hispanic",Other task,62,237,25.39,2.81,21.02,30.33
q6a_work_tasks,6,"In the past 7 days, which of these work tasks (if any) did you use each of these services for?",Did not use AI for any of these tasks (incl. “not sure” responses),race_ethnicity,"White, Non-Hispanic",None of these tasks,67,237,28.81,2.98,24.21,33.88
q6a_work_tasks,6,"In the past 7 days, which of these work tasks (if any) did you use each of these services for?",Maintaining operational records,race_ethnicity,"Black, Non-Hispanic",Maintaining operational records,8,71,11.08,3.74,6.3,18.74
q6a_work_tasks,6,"In the past 7 days, which of these work tasks (if any) did you use each of these services for?","Developing organizational policies, systems, or processes",race_ethnicity,"Black, Non-Hispanic","Developing policies, systems, or processes",7,71,9.98,3.62,5.5,17.43
q6a_work_tasks,6,"In the past 7 days, which of these work tasks (if any) did you use each of these services for?",Reading documents or materials to inform work processes,race_ethnicity,"Black, Non-Hispanic",Reading documents to inform work,13,71,18.36,4.66,11.98,27.09
q6a_work_tasks,6,"In the past 7 days, which of these work tasks (if any) did you use each of these services for?",Determining values or prices of goods or services,race_ethnicity,"Black, Non-Hispanic",Determining values or prices,10,71,13.99,4.15,8.51,22.14
q6a_work_tasks,6,"In the past 7 days, which of these work tasks (if any) did you use each of these services for?","Analyzing data, or evaluating the quality or accuracy of data",race_ethnicity,"Black, Non-Hispanic",Analyzing or evaluating data,13,71,18.66,4.73,12.22,27.42
q6a_work_tasks,6,"In the past 7 days, which of these work tasks (if any) did you use each of these services for?",Designing computer or information systems or applications,race_ethnicity,"Black, Non-Hispanic",Designing computer or information systems,2,71,3.0,2.12,1.03,8.48
q6a_work_tasks,6,"In the past 7 days, which of these work tasks (if any) did you use each of these services for?","Preparing documentation for contracts, applications, or permits",race_ethnicity,"Black, Non-Hispanic","Preparing contracts, applications, or permits",8,71,11.0,3.72,6.24,18.65
q6a_work_tasks,6,"In the past 7 days, which of these work tasks (if any) did you use each of these services for?",Explaining or providing information to clients or customers (incl. about products or services),race_ethnicity,"Black, Non-Hispanic",Explaining or providing info to clients,12,71,17.25,4.57,11.08,25.85
q6a_work_tasks,6,"In the past 7 days, which of these work tasks (if any) did you use each of these services for?",Advising others on business or operational matters,race_ethnicity,"Black, Non-Hispanic",Advising on business or operational matters,4,71,5.71,2.82,2.59,12.12
q6a_work_tasks,6,"In the past 7 days, which of these work tasks (if any) did you use each of these services for?","Assessing student capabilities, needs, or performance",race_ethnicity,"Black, Non-Hispanic",Assessing student capabilities or needs,4,71,5.66,2.78,2.56,12.06
q6a_work_tasks,6,"In the past 7 days, which of these work tasks (if any) did you use each of these services for?",Another work task,race_ethnicity,"Black, Non-Hispanic",Other task,19,71,26.21,5.25,18.58,35.62
q6a_work_tasks,6,"In the past 7 days, which of these work tasks (if any) did you use each of these services for?",Did not use AI for any of these tasks (incl. “not sure” responses),race_ethnicity,"Black, Non-Hispanic",None of these tasks,22,71,31.55,5.61,23.25,41.22
q6a_work_tasks,6,"In the past 7 days, which of these work tasks (if any) did you use each of these services for?",Maintaining operational records,race_ethnicity,Hispanic,Maintaining operational records,5,68,7.6,3.3,3.78,14.68
q6a_work_tasks,6,"In the past 7 days, which of these work tasks (if any) did you use each of these services for?","Developing organizational policies, systems, or processes",race_ethnicity,Hispanic,"Developing policies, systems, or processes",8,68,11.7,3.93,6.7,19.65
q6a_work_tasks,6,"In the past 7 days, which of these work tasks (if any) did you use each of these services for?",Reading documents or materials to inform work processes,race_ethnicity,Hispanic,Reading documents to inform work,15,68,21.46,4.98,14.42,30.69
q6a_work_tasks,6,"In the past 7 days, which of these work tasks (if any) did you use each of these services for?",Determining values or prices of goods or services,race_ethnicity,Hispanic,Determining values or prices,5,68,7.3,3.18,3.58,14.31
q6a_work_tasks,6,"In the past 7 days, which of these work tasks (if any) did you use each of these services for?","Analyzing data, or evaluating the quality or accuracy of data",race_ethnicity,Hispanic,Analyzing or evaluating data,12,68,16.99,4.53,10.78,25.74
q6a_work_tasks,6,"In the past 7 days, which of these work tasks (if any) did you use each of these services for?",Designing computer or information systems or applications,race_ethnicity,Hispanic,Designing computer or information systems,4,68,5.69,2.79,2.54,12.26
q6a_work_tasks,6,"In the past 7 days, which of these work tasks (if any) did you use each of these services for?","Preparing documentation for contracts, applications, or permits",race_ethnicity,Hispanic,"Preparing contracts, applications, or permits",10,68,14.77,4.36,9.03,23.22
q6a_work_tasks,6,"In the past 7 days, which of these work tasks (if any) did you use each of these services for?",Explaining or providing information to clients or customers (incl. about products or services),race_ethnicity,Hispanic,Explaining or providing info to clients,13,68,19.2,4.84,12.57,28.21
q6a_work_tasks,6,"In the past 7 days, which of these work tasks (if any) did you use each of these services for?",Advising others on business or operational matters,race_ethnicity,Hispanic,Advising on business or operational matters,4,68,5.52,2.71,2.43,12.03
q6a_work_tasks,6,"In the past 7 days, which of these work tasks (if any) did you use each of these services for?","Assessing student capabilities, needs, or performance",race_ethnicity,Hispanic,Assessing student capabilities or needs,4,68,5.78,2.85,2.6,12.37
q6a_work_tasks,6,"In the past 7 days, which of these work tasks (if any) did you use each of these services for?",Another work task,race_ethnicity,Hispanic,Other task,11,68,16.11,4.5,10.09,24.75
q6a_work_tasks,6,"In the past 7 days, which of these work tasks (if any) did you use each of these services for?",Did not use AI for any of these tasks (incl. “not sure” responses),race_ethnicity,Hispanic,None of these tasks,27,68,40.55,6.04,31.27,50.55
q6a_work_tasks,6,"In the past 7 days, which of these work tasks (if any) did you use each of these services for?",Maintaining operational records,race_ethnicity,"Other/2+, Non-Hispanic",Maintaining operational records,7,56,12.23,4.41,6.7,21.29
q6a_work_tasks,6,"In the past 7 days, which of these work tasks (if any) did you use each of these services for?","Developing organizational policies, systems, or processes",race_ethnicity,"Other/2+, Non-Hispanic","Developing policies, systems, or processes",12,56,21.56,5.59,13.9,31.87
q6a_work_tasks,6,"In the past 7 days, which of these work tasks (if any) did you use each of these services for?",Reading documents or materials to inform work processes,race_ethnicity,"Other/2+, Non-Hispanic",Reading documents to inform work,15,56,28.18,6.2,19.43,38.97
q6a_work_tasks,6,"In the past 7 days, which of these work tasks (if any) did you use each of these services for?",Determining values or prices of goods or services,race_ethnicity,"Other/2+, Non-Hispanic",Determining values or prices,3,56,4.92,2.81,1.9,12.16
q6a_work_tasks,6,"In the past 7 days, which of these work tasks (if any) did you use each of these services for?","Analyzing data, or evaluating the quality or accuracy of data",race_ethnicity,"Other/2+, Non-Hispanic",Analyzing or evaluating data,20,56,35.88,6.51,26.16,46.93
q6a_work_tasks,6,"In the past 7 days, which of these work tasks (if any) did you use each of these services for?",Designing computer or information systems or applications,race_ethnicity,"Other/2+, Non-Hispanic",Designing computer or information systems,10,56,16.86,4.95,10.17,26.65
q6a_work_tasks,6,"In the past 7 days, which of these work tasks (if any) did you use each of these services for?","Preparing documentation for contracts, applications, or permits",race_ethnicity,"Other/2+, Non-Hispanic","Preparing contracts, applications, or permits",10,56,17.53,5.11,10.69,27.4
q6a_work_tasks,6,"In the past 7 days, which of these work tasks (if any) did you use each of these services for?",Explaining or providing information to clients or customers (incl. about products or services),race_ethnicity,"Other/2+, Non-Hispanic",Explaining or providing info to clients,15,56,26.38,5.95,17.9,37.07
q6a_work_tasks,6,"In the past 7 days, which of these work tasks (if any) did you use each of these services for?",Advising others on business or operational matters,race_ethnicity,"Other/2+, Non-Hispanic",Advising on business or operational matters,6,56,10.44,4.1,5.42,19.14
q6a_work_tasks,6,"In the past 7 days, which of these work tasks (if any) did you use each of these services for?","Assessing student capabilities, needs, or performance",race_ethnicity,"Other/2+, Non-Hispanic",Assessing student capabilities or needs,3,56,5.15,2.93,2.03,12.46
q6a_work_tasks,6,"In the past 7 days, which of these work tasks (if any) did you use each of these services for?",Another work task,race_ethnicity,"Other/2+, Non-Hispanic",Other task,11,56,19.99,5.45,12.64,30.15
q6a_work_tasks,6,"In the past 7 days, which of these work tasks (if any) did you use each of these services for?",Did not use AI for any of these tasks (incl. “not sure” responses),race_ethnicity,"Other/2+, Non-Hispanic",None of these tasks,13,56,24.16,5.9,16.04,34.69
q6a_work_tasks,6,"In the past 7 days, which of these work tasks (if any) did you use each of these services for?",Maintaining operational records,region,Northeast,Maintaining operational records,3,78,3.53,2.02,1.36,8.85
q6a_work_tasks,6,"In the past 7 days, which of these work tasks (if any) did you use each of these services for?","Developing organizational policies, systems, or processes",region,Northeast,"Developing policies, systems, or processes",9,78,11.42,3.62,6.72,18.73
q6a_work_tasks,6,"In the past 7 days, which of these work tasks (if any) did you use each of these services for?",Reading documents or materials to inform work processes,region,Northeast,Reading documents to inform work,25,78,32.36,5.38,24.32,41.6
q6a_work_tasks,6,"In the past 7 days, which of these work tasks (if any) did you use each of these services for?",Determining values or prices of goods or services,region,Northeast,Determining values or prices,5,78,6.17,2.7,2.98,12.33
q6a_work_tasks,6,"In the past 7 days, which of these work tasks (if any) did you use each of these services for?","Analyzing data, or evaluating the quality or accuracy of data",region,Northeast,Analyzing or evaluating data,23,78,29.16,5.19,21.46,38.27
q6a_work_tasks,6,"In the past 7 days, which of these work tasks (if any) did you use each of these services for?",Designing computer or information systems or applications,region,Northeast,Designing computer or information systems,2,78,2.68,1.89,0.9,7.66
q6a_work_tasks,6,"In the past 7 days, which of these work tasks (if any) did you use each of these services for?","Preparing documentation for contracts, applications, or permits",region,Northeast,"Preparing contracts, applications, or permits",14,78,17.4,4.28,11.44,25.58
q6a_work_tasks,6,"In the past 7 days, which of these work tasks (if any) did you use each of these services for?",Explaining or providing information to clients or customers (incl. about products or services),region,Northeast,Explaining or providing info to clients,13,78,16.97,4.34,11.09,25.1
q6a_work_tasks,6,"In the past 7 days, which of these work tasks (if any) did you use each of these services for?",Advising others on business or operational matters,region,Northeast,Advising on business or operational matters,11,78,13.02,3.72,7.95,20.6
q6a_work_tasks,6,"In the past 7 days, which of these work tasks (if any) did you use each of these services for?","Assessing student capabilities, needs, or performance",region,Northeast,Assessing student capabilities or needs,5,78,6.05,2.65,2.9,12.18
q6a_work_tasks,6,"In the past 7 days, which of these work tasks (if any) did you use each of these services for?",Another work task,region,Northeast,Other task,19,78,24.21,4.91,17.15,33.02
q6a_work_tasks,6,"In the past 7 days, which of these work tasks (if any) did you use each of these services for?",Did not use AI for any of these tasks (incl. “not sure” responses),region,Northeast,None of these tasks,22,78,28.36,5.17,20.76,37.43
q6a_work_tasks,6,"In the past 7 days, which of these work tasks (if any) did you use each of these services for?",Maintaining operational records,region,Midwest,Maintaining operational records,4,84,4.58,2.26,2.03,9.99
q6a_work_tasks,6,"In the past 7 days, which of these work tasks (if any) did you use each of these services for?","Developing organizational policies, systems, or processes",region,Midwest,"Developing policies, systems, or processes",10,84,11.86,3.56,7.2,18.93
q6a_work_tasks,6,"In the past 7 days, which of these work tasks (if any) did you use each of these services for?",Reading documents or materials to inform work processes,region,Midwest,Reading documents to inform work,19,84,22.18,4.55,15.63,30.49
q6a_work_tasks,6,"In the past 7 days, which of these work tasks (if any) did you use each of these services for?",Determining values or prices of goods or services,region,Midwest,Determining values or prices,4,84,4.79,2.35,2.17,10.27
q6a_work_tasks,6,"In the past 7 days, which of these work tasks (if any) did you use each of these services for?","Analyzing data, or evaluating the quality or accuracy of data",region,Midwest,Analyzing or evaluating data,16,84,18.53,4.24,12.55,26.49
q6a_work_tasks,6,"In the past 7 days, which of these work tasks (if any) did you use each of these services for?",Designing computer or information systems or applications,region,Midwest,Designing computer or information systems,7,84,8.28,3.04,4.53,14.66
q6a_work_tasks,6,"In the past 7 days, which of these work tasks (if any) did you use each of these services for?","Preparing documentation for contracts, applications, or permits",region,Midwest,"Preparing contracts, applications, or permits",6,84,7.2,2.87,3.77,13.34
q6a_work_tasks,6,"In the past 7 days, which of these work tasks (if any) did you use each of these services for?",Explaining or providing information to clients or customers (incl. about products or services),region,Midwest,Explaining or providing info to clients,12,84,14.76,3.96,9.48,22.27
q6a_work_tasks,6,"In the past 7 days, which of these work tasks (if any) did you use each of these services for?",Advising others on business or operational matters,region,Midwest,Advising on business or operational matters,5,84,6.31,2.76,3.16,12.22
q6a_work_tasks,6,"In the past 7 days, which of these work tasks (if any) did you use each of these services for?","Assessing student capabilities, needs, or performance",region,Midwest,Assessing student capabilities or needs,3,84,3.88,2.23,1.61,9.06
q6a_work_tasks,6,"In the past 7 days, which of these work tasks (if any) did you use each of these services for?",Another work task,region,Midwest,Other task,17,84,20.24,4.43,13.99,28.38
q6a_work_tasks,6,"In the past 7 days, which of these work tasks (if any) did you use each of these services for?",Did not use AI for any of these tasks (incl. “not sure” responses),region,Midwest,None of these tasks,29,84,35.39,5.31,27.35,44.35
q6a_work_tasks,6,"In the past 7 days, which of these work tasks (if any) did you use each of these services for?",Maintaining operational records,region,South,Maintaining operational records,19,158,12.14,2.64,8.47,17.1
q6a_work_tasks,6,"In the past 7 days, which of these work tasks (if any) did you use each of these services for?","Developing organizational policies, systems, or processes",region,South,"Developing policies, systems, or processes",20,158,12.67,2.68,8.91,17.7
q6a_work_tasks,6,"In the past 7 days, which of these work tasks (if any) did you use each of these services for?",Reading documents or materials to inform work processes,region,South,Reading documents to inform work,32,158,20.43,3.26,15.65,26.23
q6a_work_tasks,6,"In the past 7 days, which of these work tasks (if any) did you use each of these services for?",Determining values or prices of goods or services,region,South,Determining values or prices,16,158,10.28,2.45,6.94,14.99
q6a_work_tasks,6,"In the past 7 days, which of these work tasks (if any) did you use each of these services for?","Analyzing data, or evaluating the quality or accuracy of data",region,South,Analyzing or evaluating data,30,158,19.16,3.18,14.51,24.85
q6a_work_tasks,6,"In the past 7 days, which of these work tasks (if any) did you use each of these services for?",Designing computer or information systems or applications,region,South,Designing computer or information systems,14,158,8.31,2.15,5.35,12.7
q6a_work_tasks,6,"In the past 7 days, which of these work tasks (if any) did you use each of these services for?","Preparing documentation for contracts, applications, or permits",region,South,"Preparing contracts, applications, or permits",20,158,12.8,2.7,9.02,17.84
q6a_work_tasks,6,"In the past 7 days, which of these work tasks (if any) did you use each of these services for?",Explaining or providing information to clients or customers (incl. about products or services),region,South,Explaining or providing info to clients,27,158,17.01,3.02,12.63,22.52
q6a_work_tasks,6,"In the past 7 days, which of these work tasks (if any) did you use each of these services for?",Advising others on business or operational matters,region,South,Advising on business or operational matters,13,158,8.17,2.2,5.24,12.54
q6a_work_tasks,6,"In the past 7 days, which of these work tasks (if any) did you use each of these services for?","Assessing student capabilities, needs, or performance",region,South,Assessing student capabilities or needs,5,158,3.34,1.48,1.66,6.62
q6a_work_tasks,6,"In the past 7 days, which of these work tasks (if any) did you use each of these services for?",Another work task,region,South,Other task,40,158,24.33,3.4,19.14,30.39
q6a_work_tasks,6,"In the past 7 days, which of these work tasks (if any) did you use each of these services for?",Did not use AI for any of these tasks (incl. “not sure” responses),region,South,None of these tasks,45,158,29.49,3.7,23.87,35.81
q6a_work_tasks,6,"In the past 7 days, which of these work tasks (if any) did you use each of these services for?",Maintaining operational records,region,West,Maintaining operational records,13,112,11.68,3.07,7.54,17.65
q6a_work_tasks,6,"In the past 7 days, which of these work tasks (if any) did you use each of these services for?","Developing organizational policies, systems, or processes",region,West,"Developing policies, systems, or processes",15,112,13.31,3.24,8.86,19.51
q6a_work_tasks,6,"In the past 7 days, which of these work tasks (if any) did you use each of these services for?",Reading documents or materials to inform work processes,region,West,Reading documents to inform work,25,112,21.88,3.92,16.12,28.98
q6a_work_tasks,6,"In the past 7 days, which of these work tasks (if any) did you use each of these services for?",Determining values or prices of goods or services,region,West,Determining values or prices,6,112,5.44,2.18,2.84,10.17
q6a_work_tasks,6,"In the past 7 days, which of these work tasks (if any) did you use each of these services for?","Analyzing data, or evaluating the quality or accuracy of data",region,West,Analyzing or evaluating data,27,112,24.27,4.1,18.23,31.55
q6a_work_tasks,6,"In the past 7 days, which of these work tasks (if any) did you use each of these services for?",Designing computer or information systems or applications,region,West,Designing computer or information systems,15,112,12.93,3.15,8.55,19.08
q6a_work_tasks,6,"In the past 7 days, which of these work tasks (if any) did you use each of these services for?","Preparing documentation for contracts, applications, or permits",region,West,"Preparing contracts, applications, or permits",15,112,12.89,3.15,8.52,19.04
q6a_work_tasks,6,"In the past 7 days, which of these work tasks (if any) did you use each of these services for?",Explaining or providing information to clients or customers (incl. about products or services),region,West,Explaining or providing info to clients,25,112,22.49,4.0,16.66,29.64
q6a_work_tasks,6,"In the past 7 days, which of these work tasks (if any) did you use each of these services for?",Advising others on business or operational matters,region,West,Advising on business or operational matters,7,112,5.91,2.19,3.17,10.76
q6a_work_tasks,6,"In the past 7 days, which of these work tasks (if any) did you use each of these services for?","Assessing student capabilities, needs, or performance",region,West,Assessing student capabilities or needs,3,112,2.5,1.44,0.97,6.31
q6a_work_tasks,6,"In the past 7 days, which of these work tasks (if any) did you use each of these services for?",Another work task,region,West,Other task,27,112,23.09,3.97,17.19,30.29
q6a_work_tasks,6,"In the past 7 days, which of these work tasks (if any) did you use each of these services for?",Did not use AI for any of these tasks (incl. “not sure” responses),region,West,None of these tasks,33,112,30.31,4.44,23.66,37.91
q6a_work_tasks,6,"In the past 7 days, which of these work tasks (if any) did you use each of these services for?",Maintaining operational records,education,Less than HS,Maintaining operational records,1,23,3.99,4.01,0.84,16.9
q6a_work_tasks,6,"In the past 7 days, which of these work tasks (if any) did you use each of these services for?","Developing organizational policies, systems, or processes",education,Less than HS,"Developing policies, systems, or processes",1,23,4.83,4.81,1.15,18.09
q6a_work_tasks,6,"In the past 7 days, which of these work tasks (if any) did you use each of these services for?",Reading documents or materials to inform work processes,education,Less than HS,Reading documents to inform work,1,23,4.65,4.63,1.08,17.83
q6a_work_tasks,6,"In the past 7 days, which of these work tasks (if any) did you use each of these services for?",Determining values or prices of goods or services,education,Less than HS,Determining values or prices,1,23,4.56,4.55,1.05,17.7
q6a_work_tasks,6,"In the past 7 days, which of these work tasks (if any) did you use each of these services for?","Analyzing data, or evaluating the quality or accuracy of data",education,Less than HS,Analyzing or evaluating data,1,23,4.83,4.81,1.15,18.09
q6a_work_tasks,6,"In the past 7 days, which of these work tasks (if any) did you use each of these services for?",Designing computer or information systems or applications,education,Less than HS,Designing computer or information systems,2,23,9.37,6.43,3.26,24.1
q6a_work_tasks,6,"In the past 7 days, which of these work tasks (if any) did you use each of these services for?","Preparing documentation for contracts, applications, or permits",education,Less than HS,"Preparing contracts, applications, or permits",0,23,0.0,0.0,0.0,10.6
q6a_work_tasks,6,"In the past 7 days, which of these work tasks (if any) did you use each of these services for?",Explaining or providing information to clients or customers (incl. about products or services),education,Less than HS,Explaining or providing info to clients,4,23,17.77,8.24,8.28,34.09
q6a_work_tasks,6,"In the past 7 days, which of these work tasks (if any) did you use each of these services for?",Advising others on business or operational matters,education,Less than HS,Advising on business or operational matters,1,23,4.28,4.29,0.95,17.31
q6a_work_tasks,6,"In the past 7 days, which of these work tasks (if any) did you use each of these services for?","Assessing student capabilities, needs, or performance",education,Less than HS,Assessing student capabilities or needs,0,23,0.0,0.0,0.0,10.6
q6a_work_tasks,6,"In the past 7 days, which of these work tasks (if any) did you use each of these services for?",Another work task,education,Less than HS,Other task,3,23,12.78,7.08,5.16,28.29
q6a_work_tasks,6,"In the past 7 days, which of these work tasks (if any) did you use each of these services for?",Did not use AI for any of these tasks (incl. “not sure” responses),education,Less than HS,None of these tasks,12,23,52.07,10.69,35.59,68.12
q6a_work_tasks,6,"In the past 7 days, which of these work tasks (if any) did you use each of these services for?",Maintaining operational records,education,High school,Maintaining operational records,6,84,7.2,2.86,3.76,13.35
q6a_work_tasks,6,"In the past 7 days, which of these work tasks (if any) did you use each of these services for?","Developing organizational policies, systems, or processes",education,High school,"Developing policies, systems, or processes",7,84,8.44,3.08,4.64,14.88
q6a_work_tasks,6,"In the past 7 days, which of these work tasks (if any) did you use each of these services for?",Reading documents or materials to inform work processes,education,High school,Reading documents to inform work,15,84,18.45,4.35,12.48,26.43
q6a_work_tasks,6,"In the past 7 days, which of these work tasks (if any) did you use each of these services for?",Determining values or prices of goods or services,education,High school,Determining values or prices,9,84,10.43,3.33,6.1,17.27
q6a_work_tasks,6,"In the past 7 days, which of these work tasks (if any) did you use each of these services for?","Analyzing data, or evaluating the quality or accuracy of data",education,High school,Analyzing or evaluating data,9,84,11.13,3.53,6.63,18.09
q6a_work_tasks,6,"In the past 7 days, which of these work tasks (if any) did you use each of these services for?",Designing computer or information systems or applications,education,High school,Designing computer or information systems,1,84,1.24,1.24,0.28,5.28
q6a_work_tasks,6,"In the past 7 days, which of these work tasks (if any) did you use each of these services for?","Preparing documentation for contracts, applications, or permits",education,High school,"Preparing contracts, applications, or permits",6,84,7.09,2.82,3.68,13.21
q6a_work_tasks,6,"In the past 7 days, which of these work tasks (if any) did you use each of these services for?",Explaining or providing information to clients or customers (incl. about products or services),education,High school,Explaining or providing info to clients,9,84,11.41,3.61,6.84,18.42
q6a_work_tasks,6,"In the past 7 days, which of these work tasks (if any) did you use each of these services for?",Advising others on business or operational matters,education,High school,Advising on business or operational matters,3,84,3.54,2.04,1.41,8.62
q6a_work_tasks,6,"In the past 7 days, which of these work tasks (if any) did you use each of these services for?","Assessing student capabilities, needs, or performance",education,High school,Assessing student capabilities or needs,2,84,2.43,1.71,0.81,7.06
q6a_work_tasks,6,"In the past 7 days, which of these work tasks (if any) did you use each of these services for?",Another work task,education,High school,Other task,15,84,17.68,4.2,11.83,25.56
q6a_work_tasks,6,"In the past 7 days, which of these work tasks (if any) did you use each of these services for?",Did not use AI for any of these tasks (incl. “not sure” responses),education,High school,None of these tasks,41,84,48.55,5.53,39.7,57.49
q6a_work_tasks,6,"In the past 7 days, which of these work tasks (if any) did you use each of these services for?",Maintaining operational records,education,Some college,Maintaining operational records,8,96,8.9,3.03,5.16,14.92
q6a_work_tasks,6,"In the past 7 days, which of these work tasks (if any) did you use each of these services for?","Developing organizational policies, systems, or processes",education,Some college,"Developing policies, systems, or processes",8,96,8.6,2.94,4.94,14.56
q6a_work_tasks,6,"In the past 7 days, which of these work tasks (if any) did you use each of these services for?",Reading documents or materials to inform work processes,education,Some college,Reading documents to inform work,18,96,18.64,4.02,12.96,26.06
q6a_work_tasks,6,"In the past 7 days, which of these work tasks (if any) did you use each of these services for?",Determining values or prices of goods or services,education,Some college,Determining values or prices,8,96,8.38,2.86,4.78,14.3
q6a_work_tasks,6,"In the past 7 days, which of these work tasks (if any) did you use each of these services for?","Analyzing data, or evaluating the quality or accuracy of data",education,Some college,Analyzing or evaluating data,18,96,19.17,4.11,13.41,26.64
q6a_work_tasks,6,"In the past 7 days, which of these work tasks (if any) did you use each of these services for?",Designing computer or information systems or applications,education,Some college,Designing computer or information systems,4,96,4.13,2.05,1.85,8.96
q6a_work_tasks,6,"In the past 7 days, which of these work tasks (if any) did you use each of these services for?","Preparing documentation for contracts, applications, or permits",education,Some college,"Preparing contracts, applications, or permits",14,96,14.49,3.63,9.53,21.42
q6a_work_tasks,6,"In the past 7 days, which of these work tasks (if any) did you use each of these services for?",Explaining or providing information to clients or customers (incl. about products or services),education,Some college,Explaining or providing info to clients,16,96,16.78,3.87,11.41,24.0
q6a_work_tasks,6,"In the past 7 days, which of these work tasks (if any) did you use each of these services for?",Advising others on business or operational matters,education,Some college,Advising on business or operational matters,6,96,6.1,2.44,3.15,11.49
q6a_work_tasks,6,"In the past 7 days, which of these work tasks (if any) did you use each of these services for?","Assessing student capabilities, needs, or performance",education,Some college,Assessing student capabilities or needs,3,96,3.43,1.97,1.42,8.02
q6a_work_tasks,6,"In the past 7 days, which of these work tasks (if any) did you use each of these services for?",Another work task,education,Some college,Other task,20,96,20.21,4.09,14.3,27.78
q6a_work_tasks,6,"In the past 7 days, which of these work tasks (if any) did you use each of these services for?",Did not use AI for any of these tasks (incl. “not sure” responses),education,Some college,None of these tasks,33,96,35.34,4.97,27.77,43.72
q6a_work_tasks,6,"In the past 7 days, which of these work tasks (if any) did you use each of these services for?",Maintaining operational records,education,Bachelor+,Maintaining operational records,24,229,10.38,2.02,7.5,14.19
q6a_work_tasks,6,"In the past 7 days, which of these work tasks (if any) did you use each of these services for?","Developing organizational policies, systems, or processes",education,Bachelor+,"Developing policies, systems, or processes",38,229,16.67,2.49,13.0,21.13
q6a_work_tasks,6,"In the past 7 days, which of these work tasks (if any) did you use each of these services for?",Reading documents or materials to inform work processes,education,Bachelor+,Reading documents to inform work,67,229,29.48,3.04,24.77,34.68
q6a_work_tasks,6,"In the past 7 days, which of these work tasks (if any) did you use each of these services for?",Determining values or prices of goods or services,education,Bachelor+,Determining values or prices,13,229,5.74,1.55,3.69,8.84
q6a_work_tasks,6,"In the past 7 days, which of these work tasks (if any) did you use each of these services for?","Analyzing data, or evaluating the quality or accuracy of data",education,Bachelor+,Analyzing or evaluating data,68,229,29.93,3.05,25.19,35.14
q6a_work_tasks,6,"In the past 7 days, which of these work tasks (if any) did you use each of these services for?",Designing computer or information systems or applications,education,Bachelor+,Designing computer or information systems,31,229,13.26,2.23,9.99,17.4
q6a_work_tasks,6,"In the past 7 days, which of these work tasks (if any) did you use each of these services for?","Preparing documentation for contracts, applications, or permits",education,Bachelor+,"Preparing contracts, applications, or permits",35,229,15.36,2.4,11.83,19.7
q6a_work_tasks,6,"In the past 7 days, which of these work tasks (if any) did you use each of these services for?",Explaining or providing information to clients or customers (incl. about products or services),education,Bachelor+,Explaining or providing info to clients,48,229,21.23,2.74,17.11,26.02
q6a_work_tasks,6,"In the past 7 days, which of these work tasks (if any) did you use each of these services for?",Advising others on business or operational matters,education,Bachelor+,Advising on business or operational matters,26,229,11.3,2.1,8.29,15.22
q6a_work_tasks,6,"In the past 7 days, which of these work tasks (if any) did you use each of these services for?","Assessing student capabilities, needs, or performance",education,Bachelor+,Assessing student capabilities or needs,11,229,4.78,1.41,2.94,7.69
q6a_work_tasks,6,"In the past 7 days, which of these work tasks (if any) did you use each of these services for?",Another work task,education,Bachelor+,Other task,65,229,27.97,2.97,23.35,33.11
q6a_work_tasks,6,"In the past 7 days, which of these work tasks (if any) did you use each of these services for?",Did not use AI for any of these tasks (incl. “not sure” responses),education,Bachelor+,None of these tasks,43,229,18.89,2.61,14.99,23.52
q6a_work_tasks,6,"In the past 7 days, which of these work tasks (if any) did you use each of these services for?",Maintaining operational records,income,Under $25K,Maintaining operational records,4,35,11.24,5.38,5.1,22.98
q6a_work_tasks,6,"In the past 7 days, which of these work tasks (if any) did you use each of these services for?","Developing organizational policies, systems, or processes",income,Under $25K,"Developing policies, systems, or processes",1,35,2.9,2.9,0.65,11.96
q6a_work_tasks,6,"In the past 7 days, which of these work tasks (if any) did you use each of these services for?",Reading documents or materials to inform work processes,income,Under $25K,Reading documents to inform work,5,35,14.39,6.06,7.19,26.74
q6a_work_tasks,6,"In the past 7 days, which of these work tasks (if any) did you use each of these services for?",Determining values or prices of goods or services,income,Under $25K,Determining values or prices,4,35,11.34,5.43,5.17,23.1
q6a_work_tasks,6,"In the past 7 days, which of these work tasks (if any) did you use each of these services for?","Analyzing data, or evaluating the quality or accuracy of data",income,Under $25K,Analyzing or evaluating data,1,35,2.76,2.76,0.6,11.74
q6a_work_tasks,6,"In the past 7 days, which of these work tasks (if any) did you use each of these services for?",Designing computer or information systems or applications,income,Under $25K,Designing computer or information systems,2,35,6.08,4.23,2.09,16.42
q6a_work_tasks,6,"In the past 7 days, which of these work tasks (if any) did you use each of these services for?","Preparing documentation for contracts, applications, or permits",income,Under $25K,"Preparing contracts, applications, or permits",2,35,5.61,3.92,1.85,15.78
q6a_work_tasks,6,"In the past 7 days, which of these work tasks (if any) did you use each of these services for?",Explaining or providing information to clients or customers (incl. about products or services),income,Under $25K,Explaining or providing info to clients,9,35,26.22,7.61,15.99,39.88
q6a_work_tasks,6,"In the past 7 days, which of these work tasks (if any) did you use each of these services for?",Advising others on business or operational matters,income,Under $25K,Advising on business or operational matters,1,35,2.7,2.7,0.58,11.65
q6a_work_tasks,6,"In the past 7 days, which of these work tasks (if any) did you use each of these services for?","Assessing student capabilities, needs, or performance",income,Under $25K,Assessing student capabilities or needs,2,35,5.58,3.89,1.83,15.74
q6a_work_tasks,6,"In the past 7 days, which of these work tasks (if any) did you use each of these services for?",Another work task,income,Under $25K,Other task,4,35,11.45,5.48,5.24,23.24
q6a_work_tasks,6,"In the past 7 days, which of these work tasks (if any) did you use each of these services for?",Did not use AI for any of these tasks (incl. “not sure” responses),income,Under $25K,None of these tasks,18,35,50.76,8.61,37.27,64.15
q6a_work_tasks,6,"In the past 7 days, which of these work tasks (if any) did you use each of these services for?",Maintaining operational records,income,$25K–$50K,Maintaining operational records,4,38,10.13,4.89,4.54,21.07
q6a_work_tasks,6,"In the past 7 days, which of these work tasks (if any) did you use each of these services for?","Developing organizational policies, systems, or processes",income,$25K–$50K,"Developing policies, systems, or processes",4,38,10.61,5.09,4.85,21.67
q6a_work_tasks,6,"In the past 7 days, which of these work tasks (if any) did you use each of these services for?",Reading documents or materials to inform work processes,income,$25K–$50K,Reading documents to inform work,10,38,26.63,7.34,16.64,39.76
q6a_work_tasks,6,"In the past 7 days, which of these work tasks (if any) did you use each of these services for?",Determining values or prices of goods or services,income,$25K–$50K,Determining values or prices,2,38,5.44,3.79,1.84,15.03
q6a_work_tasks,6,"In the past 7 days, which of these work tasks (if any) did you use each of these services for?","Analyzing data, or evaluating the quality or accuracy of data",income,$25K–$50K,Analyzing or evaluating data,8,38,21.57,6.86,12.65,34.3
q6a_work_tasks,6,"In the past 7 days, which of these work tasks (if any) did you use each of these services for?",Designing computer or information systems or applications,income,$25K–$50K,Designing computer or information systems,1,38,2.4,2.4,0.5,10.69
q6a_work_tasks,6,"In the past 7 days, which of these work tasks (if any) did you use each of these services for?","Preparing documentation for contracts, applications, or permits",income,$25K–$50K,"Preparing contracts, applications, or permits",3,38,7.85,4.42,3.16,18.21
q6a_work_tasks,6,"In the past 7 days, which of these work tasks (if any) did you use each of these services for?",Explaining or providing information to clients or customers (incl. about products or services),income,$25K–$50K,Explaining or providing info to clients,8,38,20.78,6.67,12.05,33.44
q6a_work_tasks,6,"In the past 7 days, which of these work tasks (if any) did you use each of these services for?",Advising others on business or operational matters,income,$25K–$50K,Advising on business or operational matters,2,38,5.05,3.53,1.64,14.5
q6a_work_tasks,6,"In the past 7 days, which of these work tasks (if any) did you use each of these services for?","Assessing student capabilities, needs, or performance",income,$25K–$50K,Assessing student capabilities or needs,0,38,0.0,0.0,0.0,6.72
q6a_work_tasks,6,"In the past 7 days, which of these work tasks (if any) did you use each of these services for?",Another work task,income,$25K–$50K,Other task,7,38,17.68,6.21,9.73,29.97
q6a_work_tasks,6,"In the past 7 days, which of these work tasks (if any) did you use each of these services for?",Did not use AI for any of these tasks (incl. “not sure” responses),income,$25K–$50K,None of these tasks,17,38,44.71,8.22,32.17,57.95
q6a_work_tasks,6,"In the past 7 days, which of these work tasks (if any) did you use each of these services for?",Maintaining operational records,income,$50K–$75K,Maintaining operational records,4,35,12.71,6.01,6.05,24.78
q6a_work_tasks,6,"In the past 7 days, which of these work tasks (if any) did you use each of these services for?","Developing organizational policies, systems, or processes",income,$50K–$75K,"Developing policies, systems, or processes",3,35,8.77,4.95,3.58,19.94
q6a_work_tasks,6,"In the past 7 days, which of these work tasks (if any) did you use each of these services for?",Reading documents or materials to inform work processes,income,$50K–$75K,Reading documents to inform work,3,35,8.84,4.99,3.62,20.03
q6a_work_tasks,6,"In the past 7 days, which of these work tasks (if any) did you use each of these services for?",Determining values or prices of goods or services,income,$50K–$75K,Determining values or prices,3,35,8.24,4.66,3.27,19.27
q6a_work_tasks,6,"In the past 7 days, which of these work tasks (if any) did you use each of these services for?","Analyzing data, or evaluating the quality or accuracy of data",income,$50K–$75K,Analyzing or evaluating data,4,35,11.33,5.46,5.15,23.12
q6a_work_tasks,6,"In the past 7 days, which of these work tasks (if any) did you use each of these services for?",Designing computer or information systems or applications,income,$50K–$75K,Designing computer or information systems,3,35,8.89,5.0,3.65,20.09
q6a_work_tasks,6,"In the past 7 days, which of these work tasks (if any) did you use each of these services for?","Preparing documentation for contracts, applications, or permits",income,$50K–$75K,"Preparing contracts, applications, or permits",5,35,15.13,6.35,7.68,27.63
q6a_work_tasks,6,"In the past 7 days, which of these work tasks (if any) did you use each of these services for?",Explaining or providing information to clients or customers (incl. about products or services),income,$50K–$75K,Explaining or providing info to clients,6,35,18.58,6.92,10.14,31.58
q6a_work_tasks,6,"In the past 7 days, which of these work tasks (if any) did you use each of these services for?",Advising others on business or operational matters,income,$50K–$75K,Advising on business or operational matters,5,35,13.55,5.8,6.6,25.78
q6a_work_tasks,6,"In the past 7 days, which of these work tasks (if any) did you use each of these services for?","Assessing student capabilities, needs, or performance",income,$50K–$75K,Assessing student capabilities or needs,2,35,6.97,4.8,2.56,17.63
q6a_work_tasks,6,"In the past 7 days, which of these work tasks (if any) did you use each of these services for?",Another work task,income,$50K–$75K,Other task,10,35,27.29,7.56,16.83,41.05
q6a_work_tasks,6,"In the past 7 days, which of these work tasks (if any) did you use each of these services for?",Did not use AI for any of these tasks (incl. “not sure” responses),income,$50K–$75K,None of these tasks,12,35,34.84,8.24,23.06,48.81
q6a_work_tasks,6,"In the past 7 days, which of these work tasks (if any) did you use each of these services for?",Maintaining operational records,income,$75K–$100K,Maintaining operational records,2,52,3.44,2.43,1.08,10.47
q6a_work_tasks,6,"In the past 7 days, which of these work tasks (if any) did you use each of these services for?","Developing organizational policies, systems, or processes",income,$75K–$100K,"Developing policies, systems, or processes",5,52,8.9,3.87,4.26,17.65
q6a_work_tasks,6,"In the past 7 days, which of these work tasks (if any) did you use each of these services for?",Reading documents or materials to inform work processes,income,$75K–$100K,Reading documents to inform work,13,52,24.09,5.94,15.73,35.04
q6a_work_tasks,6,"In the past 7 days, which of these work tasks (if any) did you use each of these services for?",Determining values or prices of goods or services,income,$75K–$100K,Determining values or prices,1,52,1.99,1.99,0.45,8.34
q6a_work_tasks,6,"In the past 7 days, which of these work tasks (if any) did you use each of these services for?","Analyzing data, or evaluating the quality or accuracy of data",income,$75K–$100K,Analyzing or evaluating data,9,52,16.76,5.18,9.9,26.94
q6a_work_tasks,6,"In the past 7 days, which of these work tasks (if any) did you use each of these services for?",Designing computer or information systems or applications,income,$75K–$100K,Designing computer or information systems,4,52,6.87,3.37,2.97,15.09
q6a_work_tasks,6,"In the past 7 days, which of these work tasks (if any) did you use each of these services for?","Preparing documentation for contracts, applications, or permits",income,$75K–$100K,"Preparing contracts, applications, or permits",3,52,5.51,3.13,2.17,13.3
q6a_work_tasks,6,"In the past 7 days, which of these work tasks (if any) did you use each of these services for?",Explaining or providing information to clients or customers (incl. about products or services),income,$75K–$100K,Explaining or providing info to clients,6,52,11.14,4.36,5.78,20.39
q6a_work_tasks,6,"In the past 7 days, which of these work tasks (if any) did you use each of these services for?",Advising others on business or operational matters,income,$75K–$100K,Advising on business or operational matters,3,52,5.51,3.14,2.17,13.31
q6a_work_tasks,6,"In the past 7 days, which of these work tasks (if any) did you use each of these services for?","Assessing student capabilities, needs, or performance",income,$75K–$100K,Assessing student capabilities or needs,0,52,0.0,0.0,0.0,5.0
q6a_work_tasks,6,"In the past 7 days, which of these work tasks (if any) did you use each of these services for?",Another work task,income,$75K–$100K,Other task,13,52,23.5,5.85,15.25,34.4
q6a_work_tasks,6,"In the past 7 days, which of these work tasks (if any) did you use each of these services for?",Did not use AI for any of these tasks (incl. “not sure” responses),income,$75K–$100K,None of these tasks,20,52,40.19,6.96,29.7,51.66
q6a_work_tasks,6,"In the past 7 days, which of these work tasks (if any) did you use each of these services for?",Maintaining operational records,income,$100K+,Maintaining operational records,25,272,9.15,1.76,6.65,12.46
q6a_work_tasks,6,"In the past 7 days, which of these work tasks (if any) did you use each of these services for?","Developing organizational policies, systems, or processes",income,$100K+,"Developing policies, systems, or processes",41,272,15.24,2.2,11.98,19.18
q6a_work_tasks,6,"In the past 7 days, which of these work tasks (if any) did you use each of these services for?",Reading documents or materials to inform work processes,income,$100K+,Reading documents to inform work,70,272,25.75,2.67,21.62,30.36
q6a_work_tasks,6,"In the past 7 days, which of these work tasks (if any) did you use each of these services for?",Determining values or prices of goods or services,income,$100K+,Determining values or prices,21,272,7.9,1.66,5.6,11.04
q6a_work_tasks,6,"In the past 7 days, which of these work tasks (if any) did you use each of these services for?","Analyzing data, or evaluating the quality or accuracy of data",income,$100K+,Analyzing or evaluating data,74,272,27.43,2.73,23.2,32.11
q6a_work_tasks,6,"In the past 7 days, which of these work tasks (if any) did you use each of these services for?",Designing computer or information systems or applications,income,$100K+,Designing computer or information systems,28,272,10.1,1.82,7.46,13.52
q6a_work_tasks,6,"In the past 7 days, which of these work tasks (if any) did you use each of these services for?","Preparing documentation for contracts, applications, or permits",income,$100K+,"Preparing contracts, applications, or permits",42,272,15.41,2.2,12.13,19.37
q6a_work_tasks,6,"In the past 7 days, which of these work tasks (if any) did you use each of these services for?",Explaining or providing information to clients or customers (incl. about products or services),income,$100K+,Explaining or providing info to clients,48,272,17.73,2.34,14.22,21.87
q6a_work_tasks,6,"In the past 7 days, which of these work tasks (if any) did you use each of these services for?",Advising others on business or operational matters,income,$100K+,Advising on business or operational matters,25,272,9.14,1.75,6.64,12.45
q6a_work_tasks,6,"In the past 7 days, which of these work tasks (if any) did you use each of these services for?","Assessing student capabilities, needs, or performance",income,$100K+,Assessing student capabilities or needs,12,272,4.4,1.25,2.76,6.95
q6a_work_tasks,6,"In the past 7 days, which of these work tasks (if any) did you use each of these services for?",Another work task,income,$100K+,Other task,69,272,25.11,2.64,21.03,29.69
q6a_work_tasks,6,"In the past 7 days, which of these work tasks (if any) did you use each of these services for?",Did not use AI for any of these tasks (incl. “not sure” responses),income,$100K+,None of these tasks,62,272,23.07,2.58,19.13,27.54
q6a_work_tasks,6,"In the past 7 days, which of these work tasks (if any) did you use each of these services for?",Maintaining operational records,employment,Full-time,Maintaining operational records,33,349,9.39,1.57,7.11,12.3
q6a_work_tasks,6,"In the past 7 days, which of these work tasks (if any) did you use each of these services for?","Developing organizational policies, systems, or processes",employment,Full-time,"Developing policies, systems, or processes",47,349,13.41,1.83,10.67,16.71
q6a_work_tasks,6,"In the past 7 days, which of these work tasks (if any) did you use each of these services for?",Reading documents or materials to inform work processes,employment,Full-time,Reading documents to inform work,89,349,25.38,2.34,21.72,29.41
q6a_work_tasks,6,"In the past 7 days, which of these work tasks (if any) did you use each of these services for?",Determining values or prices of goods or services,employment,Full-time,Determining values or prices,25,349,7.27,1.41,5.29,9.92
q6a_work_tasks,6,"In the past 7 days, which of these work tasks (if any) did you use each of these services for?","Analyzing data, or evaluating the quality or accuracy of data",employment,Full-time,Analyzing or evaluating data,83,349,23.73,2.29,20.18,27.7
q6a_work_tasks,6,"In the past 7 days, which of these work tasks (if any) did you use each of these services for?",Designing computer or information systems or applications,employment,Full-time,Designing computer or information systems,33,349,9.08,1.52,6.84,11.95
q6a_work_tasks,6,"In the past 7 days, which of these work tasks (if any) did you use each of these services for?","Preparing documentation for contracts, applications, or permits",employment,Full-time,"Preparing contracts, applications, or permits",46,349,13.11,1.82,10.41,16.39
q6a_work_tasks,6,"In the past 7 days, which of these work tasks (if any) did you use each of these services for?",Explaining or providing information to clients or customers (incl. about products or services),employment,Full-time,Explaining or providing info to clients,65,349,19.03,2.13,15.8,22.74
q6a_work_tasks,6,"In the past 7 days, which of these work tasks (if any) did you use each of these services for?",Advising others on business or operational matters,employment,Full-time,Advising on business or operational matters,32,349,8.99,1.53,6.76,11.85
q6a_work_tasks,6,"In the past 7 days, which of these work tasks (if any) did you use each of these services for?","Assessing student capabilities, needs, or performance",employment,Full-time,Assessing student capabilities or needs,16,349,4.64,1.14,3.11,6.89
q6a_work_tasks,6,"In the past 7 days, which of these work tasks (if any) did you use each of these services for?",Another work task,employment,Full-time,Other task,85,349,23.69,2.27,20.14,27.66
q6a_work_tasks,6,"In the past 7 days, which of these work tasks (if any) did you use each of these services for?",Did not use AI for any of these tasks (incl. “not sure” responses),employment,Full-time,None of these tasks,89,349,26.14,2.39,22.45,30.21
q6a_work_tasks,6,"In the past 7 days, which of these work tasks (if any) did you use each of these services for?",Maintaining operational records,employment,Part-time,Maintaining operational records,6,83,7.58,3.0,4.0,13.87
q6a_work_tasks,6,"In the past 7 days, which of these work tasks (if any) did you use each of these services for?","Developing organizational policies, systems, or processes",employment,Part-time,"Developing policies, systems, or processes",7,83,8.62,3.15,4.75,15.15
q6a_work_tasks,6,"In the past 7 days, which of these work tasks (if any) did you use each of these services for?",Reading documents or materials to inform work processes,employment,Part-time,Reading documents to inform work,12,83,15.02,4.05,9.64,22.65
q6a_work_tasks,6,"In the past 7 days, which of these work tasks (if any) did you use each of these services for?",Determining values or prices of goods or services,employment,Part-time,Determining values or prices,6,83,7.12,2.82,3.68,13.3
q6a_work_tasks,6,"In the past 7 days, which of these work tasks (if any) did you use each of these services for?","Analyzing data, or evaluating the quality or accuracy of data",employment,Part-time,Analyzing or evaluating data,13,83,16.01,4.12,10.44,23.76
q6a_work_tasks,6,"In the past 7 days, which of these work tasks (if any) did you use each of these services for?",Designing computer or information systems or applications,employment,Part-time,Designing computer or information systems,5,83,6.08,2.66,2.98,12.01
q6a_work_tasks,6,"In the past 7 days, which of these work tasks (if any) did you use each of these services for?","Preparing documentation for contracts, applications, or permits",employment,Part-time,"Preparing contracts, applications, or permits",9,83,10.58,3.39,6.19,17.5
q6a_work_tasks,6,"In the past 7 days, which of these work tasks (if any) did you use each of these services for?",Explaining or providing information to clients or customers (incl. about products or services),employment,Part-time,Explaining or providing info to clients,12,83,13.91,3.81,8.76,21.38
q6a_work_tasks,6,"In the past 7 days, which of these work tasks (if any) did you use each of these services for?",Advising others on business or operational matters,employment,Part-time,Advising on business or operational matters,4,83,4.62,2.28,2.04,10.11
q6a_work_tasks,6,"In the past 7 days, which of these work tasks (if any) did you use each of these services for?","Assessing student capabilities, needs, or performance",employment,Part-time,Assessing student capabilities or needs,0,83,0.0,0.0,0.0,3.21
q6a_work_tasks,6,"In the past 7 days, which of these work tasks (if any) did you use each of these services for?",Another work task,employment,Part-time,Other task,18,83,21.3,4.53,14.82,29.61
q6a_work_tasks,6,"In the past 7 days, which of these work tasks (if any) did you use each of these services for?",Did not use AI for any of these tasks (incl. “not sure” responses),employment,Part-time,None of these tasks,40,83,48.59,5.57,39.68,57.59
q7a_task_frequency,7,How often have you used AI for the following work task or tasks over the past 7 days?,1 day,full_sample,All,1 day,46,243,18.5,2.49,14.74,22.97
q7a_task_frequency,7,How often have you used AI for the following work task or tasks over the past 7 days?,2 days,full_sample,All,2 days,35,243,14.21,2.24,10.9,18.31
q7a_task_frequency,7,How often have you used AI for the following work task or tasks over the past 7 days?,3 days,full_sample,All,3 days,53,243,21.11,2.6,17.11,25.75
q7a_task_frequency,7,How often have you used AI for the following work task or tasks over the past 7 days?,4 days,full_sample,All,4 days,28,243,11.88,2.13,8.86,15.75
q7a_task_frequency,7,How often have you used AI for the following work task or tasks over the past 7 days?,5 days,full_sample,All,5 days,50,243,20.98,2.65,17.0,25.62
q7a_task_frequency,7,How often have you used AI for the following work task or tasks over the past 7 days?,6 days,full_sample,All,6 days,9,243,3.67,1.21,2.13,6.23
q7a_task_frequency,7,How often have you used AI for the following work task or tasks over the past 7 days?,7 days,full_sample,All,7 days,22,243,9.65,1.97,6.95,13.25
q7a_task_frequency,7,How often have you used AI for the following work task or tasks over the past 7 days?,1 day,age_group,18–29,1 day,7,48,14.33,5.09,7.89,24.62
q7a_task_frequency,7,How often have you used AI for the following work task or tasks over the past 7 days?,2 days,age_group,18–29,2 days,6,48,12.47,4.85,6.56,22.44
q7a_task_frequency,7,How often have you used AI for the following work task or tasks over the past 7 days?,3 days,age_group,18–29,3 days,8,48,15.75,5.2,8.93,26.26
q7a_task_frequency,7,How often have you used AI for the following work task or tasks over the past 7 days?,4 days,age_group,18–29,4 days,6,48,13.92,5.29,7.59,24.15
q7a_task_frequency,7,How often have you used AI for the following work task or tasks over the past 7 days?,5 days,age_group,18–29,5 days,12,48,24.44,6.26,15.74,35.9
q7a_task_frequency,7,How often have you used AI for the following work task or tasks over the past 7 days?,6 days,age_group,18–29,6 days,3,48,5.95,3.39,2.34,14.31
q7a_task_frequency,7,How often have you used AI for the following work task or tasks over the past 7 days?,7 days,age_group,18–29,7 days,6,48,13.15,5.08,7.04,23.23
q7a_task_frequency,7,How often have you used AI for the following work task or tasks over the past 7 days?,1 day,age_group,30–44,1 day,15,95,15.42,3.7,10.28,22.49
q7a_task_frequency,7,How often have you used AI for the following work task or tasks over the past 7 days?,2 days,age_group,30–44,2 days,17,95,17.59,3.91,12.07,24.92
q7a_task_frequency,7,How often have you used AI for the following work task or tasks over the past 7 days?,3 days,age_group,30–44,3 days,21,95,21.78,4.25,15.63,29.5
q7a_task_frequency,7,How often have you used AI for the following work task or tasks over the past 7 days?,4 days,age_group,30–44,4 days,11,95,11.98,3.41,7.51,18.56
q7a_task_frequency,7,How often have you used AI for the following work task or tasks over the past 7 days?,5 days,age_group,30–44,5 days,19,95,20.27,4.19,14.34,27.87
q7a_task_frequency,7,How often have you used AI for the following work task or tasks over the past 7 days?,6 days,age_group,30–44,6 days,3,95,3.17,1.81,1.27,7.68
q7a_task_frequency,7,How often have you used AI for the following work task or tasks over the past 7 days?,7 days,age_group,30–44,7 days,9,95,9.79,3.11,5.82,16.0
q7a_task_frequency,7,How often have you used AI for the following work task or tasks over the past 7 days?,1 day,age_group,45–59,1 day,18,66,26.75,5.47,18.82,36.52
q7a_task_frequency,7,How often have you used AI for the following work task or tasks over the past 7 days?,2 days,age_group,45–59,2 days,5,66,7.62,3.3,3.76,14.83
q7a_task_frequency,7,How often have you used AI for the following work task or tasks over the past 7 days?,3 days,age_group,45–59,3 days,13,66,19.52,4.91,12.76,28.7
q7a_task_frequency,7,How often have you used AI for the following work task or tasks over the past 7 days?,4 days,age_group,45–59,4 days,5,66,7.62,3.31,3.76,14.83
q7a_task_frequency,7,How often have you used AI for the following work task or tasks over the past 7 days?,5 days,age_group,45–59,5 days,17,66,25.86,5.45,18.06,35.58
q7a_task_frequency,7,How often have you used AI for the following work task or tasks over the past 7 days?,6 days,age_group,45–59,6 days,2,66,2.94,2.07,0.96,8.64
q7a_task_frequency,7,How often have you used AI for the following work task or tasks over the past 7 days?,7 days,age_group,45–59,7 days,6,66,9.68,3.78,5.19,17.37
q7a_task_frequency,7,How often have you used AI for the following work task or tasks over the past 7 days?,1 day,age_group,60+,1 day,6,34,17.83,6.71,9.53,30.9
q7a_task_frequency,7,How often have you used AI for the following work task or tasks over the past 7 days?,2 days,age_group,60+,2 days,7,34,21.03,7.16,11.88,34.46
q7a_task_frequency,7,How often have you used AI for the following work task or tasks over the past 7 days?,3 days,age_group,60+,3 days,11,34,32.22,8.15,20.76,46.32
q7a_task_frequency,7,How often have you used AI for the following work task or tasks over the past 7 days?,4 days,age_group,60+,4 days,6,34,17.23,6.52,9.1,30.21
q7a_task_frequency,7,How often have you used AI for the following work task or tasks over the past 7 days?,5 days,age_group,60+,5 days,2,34,6.24,4.33,2.14,16.81
q7a_task_frequency,7,How often have you used AI for the following work task or tasks over the past 7 days?,6 days,age_group,60+,6 days,1,34,2.69,2.7,0.57,11.82
q7a_task_frequency,7,How often have you used AI for the following work task or tasks over the past 7 days?,7 days,age_group,60+,7 days,1,34,2.76,2.76,0.59,11.92
q7a_task_frequency,7,How often have you used AI for the following work task or tasks over the past 7 days?,1 day,gender,Male,1 day,22,141,15.23,3.02,10.89,20.88
q7a_task_frequency,7,How often have you used AI for the following work task or tasks over the past 7 days?,2 days,gender,Male,2 days,24,141,16.68,3.14,12.14,22.49
q7a_task_frequency,7,How often have you used AI for the following work task or tasks over the past 7 days?,3 days,gender,Male,3 days,37,141,25.77,3.69,20.18,32.27
q7a_task_frequency,7,How often have you used AI for the following work task or tasks over the past 7 days?,4 days,gender,Male,4 days,14,141,9.94,2.54,6.51,14.89
q7a_task_frequency,7,How often have you used AI for the following work task or tasks over the past 7 days?,5 days,gender,Male,5 days,27,141,19.43,3.38,14.53,25.49
q7a_task_frequency,7,How often have you used AI for the following work task or tasks over the past 7 days?,6 days,gender,Male,6 days,5,141,3.76,1.66,1.87,7.4
q7a_task_frequency,7,How often have you used AI for the following work task or tasks over the past 7 days?,7 days,gender,Male,7 days,12,141,9.2,2.54,5.91,14.03
q7a_task_frequency,7,How often have you used AI for the following work task or tasks over the past 7 days?,1 day,gender,Female,1 day,24,102,22.7,4.14,16.59,30.23
q7a_task_frequency,7,How often have you used AI for the following work task or tasks over the past 7 days?,2 days,gender,Female,2 days,11,102,11.03,3.17,6.88,17.23
q7a_task_frequency,7,How often have you used AI for the following work task or tasks over the past 7 days?,3 days,gender,Female,3 days,16,102,15.14,3.53,10.18,21.93
q7a_task_frequency,7,How often have you used AI for the following work task or tasks over the past 7 days?,4 days,gender,Female,4 days,14,102,14.37,3.6,9.55,21.06
q7a_task_frequency,7,How often have you used AI for the following work task or tasks over the past 7 days?,5 days,gender,Female,5 days,23,102,22.97,4.24,16.83,30.53
q7a_task_frequency,7,How often have you used AI for the following work task or tasks over the past 7 days?,6 days,gender,Female,6 days,4,102,3.55,1.76,1.54,8.01
q7a_task_frequency,7,How often have you used AI for the following work task or tasks over the past 7 days?,7 days,gender,Female,7 days,10,102,10.23,3.1,6.26,16.29
q7a_task_frequency,7,How often have you used AI for the following work task or tasks over the past 7 days?,1 day,race_ethnicity,"White, Non-Hispanic",1 day,32,138,23.27,3.63,17.88,29.69
q7a_task_frequency,7,How often have you used AI for the following work task or tasks over the past 7 days?,2 days,race_ethnicity,"White, Non-Hispanic",2 days,24,138,17.4,3.25,12.72,23.35
q7a_task_frequency,7,How often have you used AI for the following work task or tasks over the past 7 days?,3 days,race_ethnicity,"White, Non-Hispanic",3 days,35,138,25.18,3.71,19.6,31.73
q7a_task_frequency,7,How often have you used AI for the following work task or tasks over the past 7 days?,4 days,race_ethnicity,"White, Non-Hispanic",4 days,12,138,8.41,2.35,5.27,13.16
q7a_task_frequency,7,How often have you used AI for the following work task or tasks over the past 7 days?,5 days,race_ethnicity,"White, Non-Hispanic",5 days,25,138,18.58,3.37,13.74,24.63
q7a_task_frequency,7,How often have you used AI for the following work task or tasks over the past 7 days?,6 days,race_ethnicity,"White, Non-Hispanic",6 days,6,138,4.32,1.74,2.24,8.18
q7a_task_frequency,7,How often have you used AI for the following work task or tasks over the past 7 days?,7 days,race_ethnicity,"White, Non-Hispanic",7 days,4,138,2.84,1.41,1.27,6.23
q7a_task_frequency,7,How often have you used AI for the following work task or tasks over the past 7 days?,1 day,race_ethnicity,"Black, Non-Hispanic",1 day,6,34,17.2,6.54,9.05,30.23
q7a_task_frequency,7,How often have you used AI for the following work task or tasks over the past 7 days?,2 days,race_ethnicity,"Black, Non-Hispanic",2 days,5,34,14.04,5.95,6.86,26.58
q7a_task_frequency,7,How often have you used AI for the following work task or tasks over the past 7 days?,3 days,race_ethnicity,"Black, Non-Hispanic",3 days,4,34,10.9,5.25,4.82,22.81
q7a_task_frequency,7,How often have you used AI for the following work task or tasks over the past 7 days?,4 days,race_ethnicity,"Black, Non-Hispanic",4 days,4,34,12.63,5.99,5.93,24.9
q7a_task_frequency,7,How often have you used AI for the following work task or tasks over the past 7 days?,5 days,race_ethnicity,"Black, Non-Hispanic",5 days,8,34,22.35,7.15,12.85,35.98
q7a_task_frequency,7,How often have you used AI for the following work task or tasks over the past 7 days?,6 days,race_ethnicity,"Black, Non-Hispanic",6 days,2,34,6.28,4.36,2.16,16.93
q7a_task_frequency,7,How often have you used AI for the following work task or tasks over the past 7 days?,7 days,race_ethnicity,"Black, Non-Hispanic",7 days,5,34,16.6,6.84,8.63,29.55
q7a_task_frequency,7,How often have you used AI for the following work task or tasks over the past 7 days?,1 day,race_ethnicity,Hispanic,1 day,5,32,15.51,6.5,7.72,28.71
q7a_task_frequency,7,How often have you used AI for the following work task or tasks over the past 7 days?,2 days,race_ethnicity,Hispanic,2 days,3,32,9.77,5.44,4.03,21.83
q7a_task_frequency,7,How often have you used AI for the following work task or tasks over the past 7 days?,3 days,race_ethnicity,Hispanic,3 days,6,32,17.96,6.8,9.43,31.53
q7a_task_frequency,7,How often have you used AI for the following work task or tasks over the past 7 days?,4 days,race_ethnicity,Hispanic,4 days,7,32,22.92,7.72,13.08,37.01
q7a_task_frequency,7,How often have you used AI for the following work task or tasks over the past 7 days?,5 days,race_ethnicity,Hispanic,5 days,5,32,15.36,6.46,7.62,28.54
q7a_task_frequency,7,How often have you used AI for the following work task or tasks over the past 7 days?,6 days,race_ethnicity,Hispanic,6 days,1,32,2.87,2.88,0.61,12.54
q7a_task_frequency,7,How often have you used AI for the following work task or tasks over the past 7 days?,7 days,race_ethnicity,Hispanic,7 days,5,32,15.6,6.52,7.78,28.82
q7a_task_frequency,7,How often have you used AI for the following work task or tasks over the past 7 days?,1 day,race_ethnicity,"Other/2+, Non-Hispanic",1 day,3,39,7.21,4.09,2.83,17.21
q7a_task_frequency,7,How often have you used AI for the following work task or tasks over the past 7 days?,2 days,race_ethnicity,"Other/2+, Non-Hispanic",2 days,3,39,8.0,4.54,3.28,18.23
q7a_task_frequency,7,How often have you used AI for the following work task or tasks over the past 7 days?,3 days,race_ethnicity,"Other/2+, Non-Hispanic",3 days,8,39,19.81,6.39,11.39,32.18
q7a_task_frequency,7,How often have you used AI for the following work task or tasks over the past 7 days?,4 days,race_ethnicity,"Other/2+, Non-Hispanic",4 days,5,39,13.1,5.57,6.55,24.49
q7a_task_frequency,7,How often have you used AI for the following work task or tasks over the past 7 days?,5 days,race_ethnicity,"Other/2+, Non-Hispanic",5 days,12,39,31.85,7.67,21.05,45.03
q7a_task_frequency,7,How often have you used AI for the following work task or tasks over the past 7 days?,6 days,race_ethnicity,"Other/2+, Non-Hispanic",6 days,0,39,0.0,0.0,0.0,6.56
q7a_task_frequency,7,How often have you used AI for the following work task or tasks over the past 7 days?,7 days,race_ethnicity,"Other/2+, Non-Hispanic",7 days,8,39,20.02,6.45,11.56,32.42
q7a_task_frequency,7,How often have you used AI for the following work task or tasks over the past 7 days?,1 day,region,Northeast,1 day,3,45,6.9,3.89,2.82,15.93
q7a_task_frequency,7,How often have you used AI for the following work task or tasks over the past 7 days?,2 days,region,Northeast,2 days,6,45,13.74,5.32,7.31,24.33
q7a_task_frequency,7,How often have you used AI for the following work task or tasks over the past 7 days?,3 days,region,Northeast,3 days,12,45,24.9,6.39,15.88,36.8
q7a_task_frequency,7,How often have you used AI for the following work task or tasks over the past 7 days?,4 days,region,Northeast,4 days,7,45,15.78,5.56,8.79,26.7
q7a_task_frequency,7,How often have you used AI for the following work task or tasks over the past 7 days?,5 days,region,Northeast,5 days,9,45,20.02,6.08,12.0,31.48
q7a_task_frequency,7,How often have you used AI for the following work task or tasks over the past 7 days?,6 days,region,Northeast,6 days,3,45,6.74,3.81,2.72,15.72
q7a_task_frequency,7,How often have you used AI for the following work task or tasks over the past 7 days?,7 days,region,Northeast,7 days,5,45,11.93,5.05,6.05,22.18
q7a_task_frequency,7,How often have you used AI for the following work task or tasks over the past 7 days?,1 day,region,Midwest,1 day,10,40,24.44,6.84,15.1,37.04
q7a_task_frequency,7,How often have you used AI for the following work task or tasks over the past 7 days?,2 days,region,Midwest,2 days,8,40,20.16,6.46,11.76,32.37
q7a_task_frequency,7,How often have you used AI for the following work task or tasks over the past 7 days?,3 days,region,Midwest,3 days,7,40,17.88,6.2,10.04,29.81
q7a_task_frequency,7,How often have you used AI for the following work task or tasks over the past 7 days?,4 days,region,Midwest,4 days,2,40,4.46,3.13,1.4,13.32
q7a_task_frequency,7,How often have you used AI for the following work task or tasks over the past 7 days?,5 days,region,Midwest,5 days,8,40,19.67,6.34,11.38,31.82
q7a_task_frequency,7,How often have you used AI for the following work task or tasks over the past 7 days?,6 days,region,Midwest,6 days,2,40,4.99,3.48,1.66,14.05
q7a_task_frequency,7,How often have you used AI for the following work task or tasks over the past 7 days?,7 days,region,Midwest,7 days,3,40,8.42,4.72,3.57,18.56
q7a_task_frequency,7,How often have you used AI for the following work task or tasks over the past 7 days?,1 day,region,South,1 day,21,90,22.14,4.34,15.78,30.16
q7a_task_frequency,7,How often have you used AI for the following work task or tasks over the past 7 days?,2 days,region,South,2 days,8,90,8.68,2.96,4.91,14.91
q7a_task_frequency,7,How often have you used AI for the following work task or tasks over the past 7 days?,3 days,region,South,3 days,16,90,17.18,3.96,11.59,24.71
q7a_task_frequency,7,How often have you used AI for the following work task or tasks over the past 7 days?,4 days,region,South,4 days,15,90,17.54,4.16,11.88,25.11
q7a_task_frequency,7,How often have you used AI for the following work task or tasks over the past 7 days?,5 days,region,South,5 days,22,90,25.06,4.66,18.31,33.29
q7a_task_frequency,7,How often have you used AI for the following work task or tasks over the past 7 days?,6 days,region,South,6 days,2,90,1.95,1.38,0.6,6.15
q7a_task_frequency,7,How often have you used AI for the following work task or tasks over the past 7 days?,7 days,region,South,7 days,6,90,7.44,2.95,4.01,13.39
q7a_task_frequency,7,How often have you used AI for the following work task or tasks over the past 7 days?,1 day,region,West,1 day,12,68,18.05,4.78,11.62,26.96
q7a_task_frequency,7,How often have you used AI for the following work task or tasks over the past 7 days?,2 days,region,West,2 days,13,68,18.53,4.71,12.01,27.49
q7a_task_frequency,7,How often have you used AI for the following work task or tasks over the past 7 days?,3 days,region,West,3 days,18,68,25.63,5.31,17.93,35.21
q7a_task_frequency,7,How often have you used AI for the following work task or tasks over the past 7 days?,4 days,region,West,4 days,4,68,5.93,2.92,2.68,12.58
q7a_task_frequency,7,How often have you used AI for the following work task or tasks over the past 7 days?,5 days,region,West,5 days,11,68,16.94,4.69,10.73,25.71
q7a_task_frequency,7,How often have you used AI for the following work task or tasks over the past 7 days?,6 days,region,West,6 days,2,68,3.17,2.22,1.09,8.87
q7a_task_frequency,7,How often have you used AI for the following work task or tasks over the past 7 days?,7 days,region,West,7 days,8,68,11.76,3.95,6.73,19.74
q7a_task_frequency,7,How often have you used AI for the following work task or tasks over the past 7 days?,1 day,education,Less than HS,1 day,0,8,0.0,0.0,0.0,25.35
q7a_task_frequency,7,How often have you used AI for the following work task or tasks over the past 7 days?,2 days,education,Less than HS,2 days,3,8,38.39,18.49,16.67,65.99
q7a_task_frequency,7,How often have you used AI for the following work task or tasks over the past 7 days?,3 days,education,Less than HS,3 days,2,8,23.58,15.73,7.88,52.67
q7a_task_frequency,7,How often have you used AI for the following work task or tasks over the past 7 days?,4 days,education,Less than HS,4 days,1,8,12.92,12.86,2.99,41.64
q7a_task_frequency,7,How often have you used AI for the following work task or tasks over the past 7 days?,5 days,education,Less than HS,5 days,0,8,0.0,0.0,0.0,25.35
q7a_task_frequency,7,How often have you used AI for the following work task or tasks over the past 7 days?,6 days,education,Less than HS,6 days,1,8,11.36,11.51,2.42,39.9
q7a_task_frequency,7,How often have you used AI for the following work task or tasks over the past 7 days?,7 days,education,Less than HS,7 days,1,8,13.75,13.56,3.32,42.56
q7a_task_frequency,7,How often have you used AI for the following work task or tasks over the past 7 days?,1 day,education,High school,1 day,4,31,11.73,5.65,5.16,24.52
q7a_task_frequency,7,How often have you used AI for the following work task or tasks over the past 7 days?,2 days,education,High school,2 days,4,31,13.64,6.47,6.37,26.81
q7a_task_frequency,7,How often have you used AI for the following work task or tasks over the past 7 days?,3 days,education,High school,3 days,4,31,12.52,5.97,5.65,25.48
q7a_task_frequency,7,How often have you used AI for the following work task or tasks over the past 7 days?,4 days,education,High school,4 days,7,31,23.69,7.96,13.52,38.13
q7a_task_frequency,7,How often have you used AI for the following work task or tasks over the past 7 days?,5 days,education,High school,5 days,6,31,18.9,7.12,9.98,32.86
q7a_task_frequency,7,How often have you used AI for the following work task or tasks over the past 7 days?,6 days,education,High school,6 days,1,31,3.12,3.12,0.68,13.17
q7a_task_frequency,7,How often have you used AI for the following work task or tasks over the past 7 days?,7 days,education,High school,7 days,5,31,16.41,6.83,8.23,30.04
q7a_task_frequency,7,How often have you used AI for the following work task or tasks over the past 7 days?,1 day,education,Some college,1 day,7,47,14.17,5.05,7.72,24.57
q7a_task_frequency,7,How often have you used AI for the following work task or tasks over the past 7 days?,2 days,education,Some college,2 days,6,47,11.69,4.57,5.96,21.64
q7a_task_frequency,7,How often have you used AI for the following work task or tasks over the past 7 days?,3 days,education,Some college,3 days,13,47,26.32,6.42,17.2,38.06
q7a_task_frequency,7,How often have you used AI for the following work task or tasks over the past 7 days?,4 days,education,Some college,4 days,5,47,11.68,4.95,5.96,21.63
q7a_task_frequency,7,How often have you used AI for the following work task or tasks over the past 7 days?,5 days,education,Some college,5 days,8,47,17.84,5.8,10.45,28.78
q7a_task_frequency,7,How often have you used AI for the following work task or tasks over the past 7 days?,6 days,education,Some college,6 days,1,47,2.38,2.38,0.57,9.46
q7a_task_frequency,7,How often have you used AI for the following work task or tasks over the past 7 days?,7 days,education,Some college,7 days,7,47,15.92,5.59,9.0,26.6
q7a_task_frequency,7,How often have you used AI for the following work task or tasks over the past 7 days?,1 day,education,Bachelor+,1 day,35,157,22.43,3.36,17.42,28.38
q7a_task_frequency,7,How often have you used AI for the following work task or tasks over the past 7 days?,2 days,education,Bachelor+,2 days,22,157,13.76,2.75,9.84,18.93
q7a_task_frequency,7,How often have you used AI for the following work task or tasks over the past 7 days?,3 days,education,Bachelor+,3 days,34,157,21.14,3.25,16.27,27.0
q7a_task_frequency,7,How often have you used AI for the following work task or tasks over the past 7 days?,4 days,education,Bachelor+,4 days,15,157,9.33,2.32,6.16,13.9
q7a_task_frequency,7,How often have you used AI for the following work task or tasks over the past 7 days?,5 days,education,Bachelor+,5 days,36,157,23.66,3.46,18.53,29.68
q7a_task_frequency,7,How often have you used AI for the following work task or tasks over the past 7 days?,6 days,education,Bachelor+,6 days,6,157,3.76,1.52,1.94,7.16
q7a_task_frequency,7,How often have you used AI for the following work task or tasks over the past 7 days?,7 days,education,Bachelor+,7 days,9,157,5.92,1.93,3.5,9.85
q7a_task_frequency,7,How often have you used AI for the following work task or tasks over the past 7 days?,1 day,income,Under $25K,1 day,0,13,0.0,0.0,0.0,17.27
q7a_task_frequency,7,How often have you used AI for the following work task or tasks over the past 7 days?,2 days,income,Under $25K,2 days,2,13,16.49,11.03,5.81,38.75
q7a_task_frequency,7,How often have you used AI for the following work task or tasks over the past 7 days?,3 days,income,Under $25K,3 days,5,13,37.75,13.96,19.61,60.12
q7a_task_frequency,7,How often have you used AI for the following work task or tasks over the past 7 days?,4 days,income,Under $25K,4 days,1,13,8.42,8.35,2.01,29.19
q7a_task_frequency,7,How often have you used AI for the following work task or tasks over the past 7 days?,5 days,income,Under $25K,5 days,2,13,14.79,10.09,4.92,36.83
q7a_task_frequency,7,How often have you used AI for the following work task or tasks over the past 7 days?,6 days,income,Under $25K,6 days,1,13,7.4,7.43,1.63,27.89
q7a_task_frequency,7,How often have you used AI for the following work task or tasks over the past 7 days?,7 days,income,Under $25K,7 days,2,13,15.14,10.29,5.09,37.22
q7a_task_frequency,7,How often have you used AI for the following work task or tasks over the past 7 days?,1 day,income,$25K–$50K,1 day,3,18,15.21,8.44,5.96,33.65
q7a_task_frequency,7,How often have you used AI for the following work task or tasks over the past 7 days?,2 days,income,$25K–$50K,2 days,2,18,10.98,7.66,3.66,28.62
q7a_task_frequency,7,How often have you used AI for the following work task or tasks over the past 7 days?,3 days,income,$25K–$50K,3 days,2,18,10.13,7.03,3.23,27.56
q7a_task_frequency,7,How often have you used AI for the following work task or tasks over the past 7 days?,4 days,income,$25K–$50K,4 days,4,18,22.74,10.3,10.68,42.0
q7a_task_frequency,7,How often have you used AI for the following work task or tasks over the past 7 days?,5 days,income,$25K–$50K,5 days,4,18,23.6,10.54,11.26,42.92
q7a_task_frequency,7,How often have you used AI for the following work task or tasks over the past 7 days?,6 days,income,$25K–$50K,6 days,0,18,0.0,0.0,0.0,13.22
q7a_task_frequency,7,How often have you used AI for the following work task or tasks over the past 7 days?,7 days,income,$25K–$50K,7 days,3,18,17.35,9.39,7.24,36.09
q7a_task_frequency,7,How often have you used AI for the following work task or tasks over the past 7 days?,1 day,income,$50K–$75K,1 day,1,15,5.69,5.75,1.14,23.97
q7a_task_frequency,7,How often have you used AI for the following work task or tasks over the past 7 days?,2 days,income,$50K–$75K,2 days,3,15,19.43,10.51,7.89,40.45
q7a_task_frequency,7,How often have you used AI for the following work task or tasks over the past 7 days?,3 days,income,$50K–$75K,3 days,5,15,31.79,12.36,16.06,53.15
q7a_task_frequency,7,How often have you used AI for the following work task or tasks over the past 7 days?,4 days,income,$50K–$75K,4 days,3,15,21.64,11.46,9.24,42.83
q7a_task_frequency,7,How often have you used AI for the following work task or tasks over the past 7 days?,5 days,income,$50K–$75K,5 days,0,15,0.0,0.0,0.0,15.49
q7a_task_frequency,7,How often have you used AI for the following work task or tasks over the past 7 days?,6 days,income,$50K–$75K,6 days,0,15,0.0,0.0,0.0,15.49
q7a_task_frequency,7,How often have you used AI for the following work task or tasks over the past 7 days?,7 days,income,$50K–$75K,7 days,3,15,21.45,11.32,9.12,42.62
q7a_task_frequency,7,How often have you used AI for the following work task or tasks over the past 7 days?,1 day,income,$75K–$100K,1 day,5,24,21.34,8.64,10.86,37.66
q7a_task_frequency,7,How often have you used AI for the following work task or tasks over the past 7 days?,2 days,income,$75K–$100K,2 days,5,24,20.48,8.39,10.26,36.71
q7a_task_frequency,7,How often have you used AI for the following work task or tasks over the past 7 days?,3 days,income,$75K–$100K,3 days,6,24,25.18,9.1,13.63,41.79
q7a_task_frequency,7,How often have you used AI for the following work task or tasks over the past 7 days?,4 days,income,$75K–$100K,4 days,2,24,7.9,5.53,2.57,21.8
q7a_task_frequency,7,How often have you used AI for the following work task or tasks over the past 7 days?,5 days,income,$75K–$100K,5 days,5,24,20.86,8.49,10.53,37.13
q7a_task_frequency,7,How often have you used AI for the following work task or tasks over the past 7 days?,6 days,income,$75K–$100K,6 days,0,24,0.0,0.0,0.0,10.19
q7a_task_frequency,7,How often have you used AI for the following work task or tasks over the past 7 days?,7 days,income,$75K–$100K,7 days,1,24,4.24,4.24,0.96,16.85
q7a_task_frequency,7,How often have you used AI for the following work task or tasks over the past 7 days?,1 day,income,$100K+,1 day,37,173,21.16,3.12,16.5,26.72
q7a_task_frequency,7,How often have you used AI for the following work task or tasks over the past 7 days?,2 days,income,$100K+,2 days,23,173,13.08,2.56,9.41,17.9
q7a_task_frequency,7,How often have you used AI for the following work task or tasks over the past 7 days?,3 days,income,$100K+,3 days,35,173,19.63,3.01,15.13,25.08
q7a_task_frequency,7,How often have you used AI for the following work task or tasks over the past 7 days?,4 days,income,$100K+,4 days,18,173,10.44,2.35,7.19,14.92
q7a_task_frequency,7,How often have you used AI for the following work task or tasks over the past 7 days?,5 days,income,$100K+,5 days,39,173,23.09,3.26,18.24,28.78
q7a_task_frequency,7,How often have you used AI for the following work task or tasks over the past 7 days?,6 days,income,$100K+,6 days,8,173,4.68,1.63,2.66,8.12
q7a_task_frequency,7,How often have you used AI for the following work task or tasks over the past 7 days?,7 days,income,$100K+,7 days,13,173,7.91,2.12,5.13,11.99
q7a_task_frequency,7,How often have you used AI for the following work task or tasks over the past 7 days?,1 day,employment,Full-time,1 day,41,213,18.83,2.68,14.8,23.64
q7a_task_frequency,7,How often have you used AI for the following work task or tasks over the past 7 days?,2 days,employment,Full-time,2 days,29,213,13.36,2.33,9.96,17.68
q7a_task_frequency,7,How often have you used AI for the following work task or tasks over the past 7 days?,3 days,employment,Full-time,3 days,49,213,22.41,2.85,18.05,27.47
q7a_task_frequency,7,How often have you used AI for the following work task or tasks over the past 7 days?,4 days,employment,Full-time,4 days,25,213,12.01,2.27,8.8,16.19
q7a_task_frequency,7,How often have you used AI for the following work task or tasks over the past 7 days?,5 days,employment,Full-time,5 days,43,213,20.65,2.82,16.44,25.59
q7a_task_frequency,7,How often have you used AI for the following work task or tasks over the past 7 days?,6 days,employment,Full-time,6 days,8,213,3.74,1.31,2.11,6.54
q7a_task_frequency,7,How often have you used AI for the following work task or tasks over the past 7 days?,7 days,employment,Full-time,7 days,18,213,9.01,2.04,6.26,12.79
q7a_task_frequency,7,How often have you used AI for the following work task or tasks over the past 7 days?,1 day,employment,Part-time,1 day,5,30,16.28,6.82,8.03,30.21
q7a_task_frequency,7,How often have you used AI for the following work task or tasks over the past 7 days?,2 days,employment,Part-time,2 days,6,30,20.01,7.54,10.65,34.42
q7a_task_frequency,7,How often have you used AI for the following work task or tasks over the past 7 days?,3 days,employment,Part-time,3 days,4,30,12.19,5.89,5.36,25.39
q7a_task_frequency,7,How often have you used AI for the following work task or tasks over the past 7 days?,4 days,employment,Part-time,4 days,3,30,11.0,6.18,4.62,23.94
q7a_task_frequency,7,How often have you used AI for the following work task or tasks over the past 7 days?,5 days,employment,Part-time,5 days,7,30,23.29,7.9,13.07,38.02
q7a_task_frequency,7,How often have you used AI for the following work task or tasks over the past 7 days?,6 days,employment,Part-time,6 days,1,30,3.19,3.2,0.69,13.59
q7a_task_frequency,7,How often have you used AI for the following work task or tasks over the past 7 days?,7 days,employment,Part-time,7 days,4,30,14.04,6.62,6.54,27.6
q8_employer_ai,8,"When you used this service or services for work over the past 7 days, what type of subscription did you use most of the time?",Free plan (no paid subscription),full_sample,All,Free plan,217,466,46.69,2.33,42.89,50.53
q8_employer_ai,8,"When you used this service or services for work over the past 7 days, what type of subscription did you use most of the time?",Employer-provided subscription,full_sample,All,Employer-provided,137,466,28.8,2.1,25.46,32.4
q8_employer_ai,8,"When you used this service or services for work over the past 7 days, what type of subscription did you use most of the time?",Personal paid subscription,full_sample,All,Personal paid,59,466,12.78,1.57,10.43,15.56
q8_employer_ai,8,"When you used this service or services for work over the past 7 days, what type of subscription did you use most of the time?",Both employer-provided and personal paid subscription,full_sample,All,Both employer and personal,37,466,8.37,1.33,6.48,10.74
q8_employer_ai,8,"When you used this service or services for work over the past 7 days, what type of subscription did you use most of the time?",Not sure,full_sample,All,Not sure,16,466,3.36,0.83,2.22,5.03
q8_employer_ai,8,"When you used this service or services for work over the past 7 days, what type of subscription did you use most of the time?",Free plan (no paid subscription),age_group,18–29,Free plan,45,95,47.52,5.19,39.22,55.95
q8_employer_ai,8,"When you used this service or services for work over the past 7 days, what type of subscription did you use most of the time?",Employer-provided subscription,age_group,18–29,Employer-provided,21,95,21.68,4.25,15.52,29.42
q8_employer_ai,8,"When you used this service or services for work over the past 7 days, what type of subscription did you use most of the time?",Personal paid subscription,age_group,18–29,Personal paid,12,95,12.84,3.5,8.19,19.59
q8_employer_ai,8,"When you used this service or services for work over the past 7 days, what type of subscription did you use most of the time?",Both employer-provided and personal paid subscription,age_group,18–29,Both employer and personal,13,95,14.09,3.66,9.19,21.01
q8_employer_ai,8,"When you used this service or services for work over the past 7 days, what type of subscription did you use most of the time?",Not sure,age_group,18–29,Not sure,4,95,3.87,1.92,1.68,8.65
q8_employer_ai,8,"When you used this service or services for work over the past 7 days, what type of subscription did you use most of the time?",Free plan (no paid subscription),age_group,30–44,Free plan,83,186,44.94,3.67,39.04,51.0
q8_employer_ai,8,"When you used this service or services for work over the past 7 days, what type of subscription did you use most of the time?",Employer-provided subscription,age_group,30–44,Employer-provided,54,186,28.61,3.32,23.48,34.37
q8_employer_ai,8,"When you used this service or services for work over the past 7 days, what type of subscription did you use most of the time?",Personal paid subscription,age_group,30–44,Personal paid,28,186,14.97,2.63,11.16,19.8
q8_employer_ai,8,"When you used this service or services for work over the past 7 days, what type of subscription did you use most of the time?",Both employer-provided and personal paid subscription,age_group,30–44,Both employer and personal,16,186,8.74,2.1,5.89,12.78
q8_employer_ai,8,"When you used this service or services for work over the past 7 days, what type of subscription did you use most of the time?",Not sure,age_group,30–44,Not sure,5,186,2.73,1.22,1.34,5.49
q8_employer_ai,8,"When you used this service or services for work over the past 7 days, what type of subscription did you use most of the time?",Free plan (no paid subscription),age_group,45–59,Free plan,57,128,44.67,4.42,37.61,51.95
q8_employer_ai,8,"When you used this service or services for work over the past 7 days, what type of subscription did you use most of the time?",Employer-provided subscription,age_group,45–59,Employer-provided,46,128,35.64,4.25,29.02,42.85
q8_employer_ai,8,"When you used this service or services for work over the past 7 days, what type of subscription did you use most of the time?",Personal paid subscription,age_group,45–59,Personal paid,15,128,11.73,2.86,7.82,17.24
q8_employer_ai,8,"When you used this service or services for work over the past 7 days, what type of subscription did you use most of the time?",Both employer-provided and personal paid subscription,age_group,45–59,Both employer and personal,6,128,4.9,1.97,2.59,9.09
q8_employer_ai,8,"When you used this service or services for work over the past 7 days, what type of subscription did you use most of the time?",Not sure,age_group,45–59,Not sure,4,128,3.06,1.51,1.36,6.7
q8_employer_ai,8,"When you used this service or services for work over the past 7 days, what type of subscription did you use most of the time?",Free plan (no paid subscription),age_group,60+,Free plan,32,57,56.58,6.64,45.69,66.87
q8_employer_ai,8,"When you used this service or services for work over the past 7 days, what type of subscription did you use most of the time?",Employer-provided subscription,age_group,60+,Employer-provided,16,57,27.72,5.97,19.13,38.35
q8_employer_ai,8,"When you used this service or services for work over the past 7 days, what type of subscription did you use most of the time?",Personal paid subscription,age_group,60+,Personal paid,4,57,7.06,3.44,3.21,14.82
q8_employer_ai,8,"When you used this service or services for work over the past 7 days, what type of subscription did you use most of the time?",Both employer-provided and personal paid subscription,age_group,60+,Both employer and personal,2,57,3.32,2.33,1.07,9.82
q8_employer_ai,8,"When you used this service or services for work over the past 7 days, what type of subscription did you use most of the time?",Not sure,age_group,60+,Not sure,3,57,5.33,3.03,2.15,12.57
q8_employer_ai,8,"When you used this service or services for work over the past 7 days, what type of subscription did you use most of the time?",Free plan (no paid subscription),gender,Male,Free plan,107,248,43.2,3.17,38.11,48.45
q8_employer_ai,8,"When you used this service or services for work over the past 7 days, what type of subscription did you use most of the time?",Employer-provided subscription,gender,Male,Employer-provided,78,248,30.97,2.94,26.34,36.01
q8_employer_ai,8,"When you used this service or services for work over the past 7 days, what type of subscription did you use most of the time?",Personal paid subscription,gender,Male,Personal paid,34,248,13.99,2.24,10.74,18.02
q8_employer_ai,8,"When you used this service or services for work over the past 7 days, what type of subscription did you use most of the time?",Both employer-provided and personal paid subscription,gender,Male,Both employer and personal,20,248,8.21,1.77,5.76,11.56
q8_employer_ai,8,"When you used this service or services for work over the past 7 days, what type of subscription did you use most of the time?",Not sure,gender,Male,Not sure,9,248,3.64,1.2,2.12,6.16
q8_employer_ai,8,"When you used this service or services for work over the past 7 days, what type of subscription did you use most of the time?",Free plan (no paid subscription),gender,Female,Free plan,110,218,50.36,3.42,44.78,55.94
q8_employer_ai,8,"When you used this service or services for work over the past 7 days, what type of subscription did you use most of the time?",Employer-provided subscription,gender,Female,Employer-provided,59,218,26.53,3.0,21.89,31.76
q8_employer_ai,8,"When you used this service or services for work over the past 7 days, what type of subscription did you use most of the time?",Personal paid subscription,gender,Female,Personal paid,25,218,11.51,2.19,8.4,15.58
q8_employer_ai,8,"When you used this service or services for work over the past 7 days, what type of subscription did you use most of the time?",Both employer-provided and personal paid subscription,gender,Female,Both employer and personal,17,218,8.54,1.98,5.89,12.21
q8_employer_ai,8,"When you used this service or services for work over the past 7 days, what type of subscription did you use most of the time?",Not sure,gender,Female,Not sure,7,218,3.06,1.15,1.64,5.65
q8_employer_ai,8,"When you used this service or services for work over the past 7 days, what type of subscription did you use most of the time?",Free plan (no paid subscription),race_ethnicity,"White, Non-Hispanic",Free plan,117,256,45.75,3.13,40.68,50.91
q8_employer_ai,8,"When you used this service or services for work over the past 7 days, what type of subscription did you use most of the time?",Employer-provided subscription,race_ethnicity,"White, Non-Hispanic",Employer-provided,82,256,31.73,2.92,27.14,36.71
q8_employer_ai,8,"When you used this service or services for work over the past 7 days, what type of subscription did you use most of the time?",Personal paid subscription,race_ethnicity,"White, Non-Hispanic",Personal paid,32,256,12.51,2.08,9.49,16.33
q8_employer_ai,8,"When you used this service or services for work over the past 7 days, what type of subscription did you use most of the time?",Both employer-provided and personal paid subscription,race_ethnicity,"White, Non-Hispanic",Both employer and personal,17,256,6.95,1.64,4.76,10.06
q8_employer_ai,8,"When you used this service or services for work over the past 7 days, what type of subscription did you use most of the time?",Not sure,race_ethnicity,"White, Non-Hispanic",Not sure,8,256,3.05,1.06,1.71,5.37
q8_employer_ai,8,"When you used this service or services for work over the past 7 days, what type of subscription did you use most of the time?",Free plan (no paid subscription),race_ethnicity,"Black, Non-Hispanic",Free plan,36,74,48.64,5.89,39.25,58.13
q8_employer_ai,8,"When you used this service or services for work over the past 7 days, what type of subscription did you use most of the time?",Employer-provided subscription,race_ethnicity,"Black, Non-Hispanic",Employer-provided,16,74,20.48,4.65,13.84,29.23
q8_employer_ai,8,"When you used this service or services for work over the past 7 days, what type of subscription did you use most of the time?",Personal paid subscription,race_ethnicity,"Black, Non-Hispanic",Personal paid,13,74,18.05,4.57,11.83,26.54
q8_employer_ai,8,"When you used this service or services for work over the past 7 days, what type of subscription did you use most of the time?",Both employer-provided and personal paid subscription,race_ethnicity,"Black, Non-Hispanic",Both employer and personal,6,74,8.76,3.44,4.69,15.77
q8_employer_ai,8,"When you used this service or services for work over the past 7 days, what type of subscription did you use most of the time?",Not sure,race_ethnicity,"Black, Non-Hispanic",Not sure,3,74,4.08,2.33,1.64,9.8
q8_employer_ai,8,"When you used this service or services for work over the past 7 days, what type of subscription did you use most of the time?",Free plan (no paid subscription),race_ethnicity,Hispanic,Free plan,45,77,58.97,5.65,49.56,67.76
q8_employer_ai,8,"When you used this service or services for work over the past 7 days, what type of subscription did you use most of the time?",Employer-provided subscription,race_ethnicity,Hispanic,Employer-provided,20,77,25.75,5.02,18.45,34.71
q8_employer_ai,8,"When you used this service or services for work over the past 7 days, what type of subscription did you use most of the time?",Personal paid subscription,race_ethnicity,Hispanic,Personal paid,7,77,8.75,3.2,4.75,15.57
q8_employer_ai,8,"When you used this service or services for work over the past 7 days, what type of subscription did you use most of the time?",Both employer-provided and personal paid subscription,race_ethnicity,Hispanic,Both employer and personal,2,77,2.7,1.91,0.91,7.73
q8_employer_ai,8,"When you used this service or services for work over the past 7 days, what type of subscription did you use most of the time?",Not sure,race_ethnicity,Hispanic,Not sure,3,77,3.83,2.19,1.52,9.29
q8_employer_ai,8,"When you used this service or services for work over the past 7 days, what type of subscription did you use most of the time?",Free plan (no paid subscription),race_ethnicity,"Other/2+, Non-Hispanic",Free plan,19,59,32.0,6.15,22.94,42.67
q8_employer_ai,8,"When you used this service or services for work over the past 7 days, what type of subscription did you use most of the time?",Employer-provided subscription,race_ethnicity,"Other/2+, Non-Hispanic",Employer-provided,19,59,31.97,6.15,22.91,42.64
q8_employer_ai,8,"When you used this service or services for work over the past 7 days, what type of subscription did you use most of the time?",Personal paid subscription,race_ethnicity,"Other/2+, Non-Hispanic",Personal paid,7,59,12.53,4.5,7.02,21.37
q8_employer_ai,8,"When you used this service or services for work over the past 7 days, what type of subscription did you use most of the time?",Both employer-provided and personal paid subscription,race_ethnicity,"Other/2+, Non-Hispanic",Both employer and personal,12,59,20.48,5.35,13.18,30.4
q8_employer_ai,8,"When you used this service or services for work over the past 7 days, what type of subscription did you use most of the time?",Not sure,race_ethnicity,"Other/2+, Non-Hispanic",Not sure,2,59,3.02,2.13,0.94,9.27
q8_employer_ai,8,"When you used this service or services for work over the past 7 days, what type of subscription did you use most of the time?",Free plan (no paid subscription),region,Northeast,Free plan,33,84,39.4,5.4,31.04,48.42
q8_employer_ai,8,"When you used this service or services for work over the past 7 days, what type of subscription did you use most of the time?",Employer-provided subscription,region,Northeast,Employer-provided,29,84,34.06,5.22,26.13,43.01
q8_employer_ai,8,"When you used this service or services for work over the past 7 days, what type of subscription did you use most of the time?",Personal paid subscription,region,Northeast,Personal paid,13,84,15.22,3.94,9.84,22.8
q8_employer_ai,8,"When you used this service or services for work over the past 7 days, what type of subscription did you use most of the time?",Both employer-provided and personal paid subscription,region,Northeast,Both employer and personal,7,84,8.96,3.26,5.01,15.49
q8_employer_ai,8,"When you used this service or services for work over the past 7 days, what type of subscription did you use most of the time?",Not sure,region,Northeast,Not sure,2,84,2.36,1.67,0.78,6.96
q8_employer_ai,8,"When you used this service or services for work over the past 7 days, what type of subscription did you use most of the time?",Free plan (no paid subscription),region,Midwest,Free plan,39,86,45.37,5.43,36.78,54.26
q8_employer_ai,8,"When you used this service or services for work over the past 7 days, what type of subscription did you use most of the time?",Employer-provided subscription,region,Midwest,Employer-provided,27,86,30.52,4.98,23.02,39.23
q8_employer_ai,8,"When you used this service or services for work over the past 7 days, what type of subscription did you use most of the time?",Personal paid subscription,region,Midwest,Personal paid,10,86,11.88,3.56,7.25,18.85
q8_employer_ai,8,"When you used this service or services for work over the past 7 days, what type of subscription did you use most of the time?",Both employer-provided and personal paid subscription,region,Midwest,Both employer and personal,6,86,7.93,3.14,4.31,14.14
q8_employer_ai,8,"When you used this service or services for work over the past 7 days, what type of subscription did you use most of the time?",Not sure,region,Midwest,Not sure,4,86,4.3,2.12,1.88,9.54
q8_employer_ai,8,"When you used this service or services for work over the past 7 days, what type of subscription did you use most of the time?",Free plan (no paid subscription),region,South,Free plan,85,177,48.57,3.8,42.42,54.77
q8_employer_ai,8,"When you used this service or services for work over the past 7 days, what type of subscription did you use most of the time?",Employer-provided subscription,region,South,Employer-provided,51,177,27.61,3.35,22.42,33.49
q8_employer_ai,8,"When you used this service or services for work over the past 7 days, what type of subscription did you use most of the time?",Personal paid subscription,region,South,Personal paid,20,177,11.43,2.43,8.04,15.99
q8_employer_ai,8,"When you used this service or services for work over the past 7 days, what type of subscription did you use most of the time?",Both employer-provided and personal paid subscription,region,South,Both employer and personal,13,177,7.84,2.11,5.1,11.87
q8_employer_ai,8,"When you used this service or services for work over the past 7 days, what type of subscription did you use most of the time?",Not sure,region,South,Not sure,8,177,4.55,1.58,2.58,7.91
q8_employer_ai,8,"When you used this service or services for work over the past 7 days, what type of subscription did you use most of the time?",Free plan (no paid subscription),region,West,Free plan,60,119,49.94,4.64,42.43,57.45
q8_employer_ai,8,"When you used this service or services for work over the past 7 days, what type of subscription did you use most of the time?",Employer-provided subscription,region,West,Employer-provided,30,119,25.68,4.08,19.65,32.82
q8_employer_ai,8,"When you used this service or services for work over the past 7 days, what type of subscription did you use most of the time?",Personal paid subscription,region,West,Personal paid,16,119,13.71,3.23,9.3,19.76
q8_employer_ai,8,"When you used this service or services for work over the past 7 days, what type of subscription did you use most of the time?",Both employer-provided and personal paid subscription,region,West,Both employer and personal,11,119,9.05,2.62,5.57,14.38
q8_employer_ai,8,"When you used this service or services for work over the past 7 days, what type of subscription did you use most of the time?",Not sure,region,West,Not sure,2,119,1.61,1.14,0.52,4.89
q8_employer_ai,8,"When you used this service or services for work over the past 7 days, what type of subscription did you use most of the time?",Free plan (no paid subscription),education,Less than HS,Free plan,16,24,66.91,9.83,50.05,80.32
q8_employer_ai,8,"When you used this service or services for work over the past 7 days, what type of subscription did you use most of the time?",Employer-provided subscription,education,Less than HS,Employer-provided,3,24,13.07,7.17,5.43,28.25
q8_employer_ai,8,"When you used this service or services for work over the past 7 days, what type of subscription did you use most of the time?",Personal paid subscription,education,Less than HS,Personal paid,4,24,16.05,7.58,7.28,31.74
q8_employer_ai,8,"When you used this service or services for work over the past 7 days, what type of subscription did you use most of the time?",Both employer-provided and personal paid subscription,education,Less than HS,Both employer and personal,1,24,3.97,3.98,0.86,16.48
q8_employer_ai,8,"When you used this service or services for work over the past 7 days, what type of subscription did you use most of the time?",Not sure,education,Less than HS,Not sure,0,24,0.0,0.0,0.0,10.21
q8_employer_ai,8,"When you used this service or services for work over the past 7 days, what type of subscription did you use most of the time?",Free plan (no paid subscription),education,High school,Free plan,48,89,54.2,5.36,45.44,62.7
q8_employer_ai,8,"When you used this service or services for work over the past 7 days, what type of subscription did you use most of the time?",Employer-provided subscription,education,High school,Employer-provided,13,89,14.96,3.88,9.74,22.28
q8_employer_ai,8,"When you used this service or services for work over the past 7 days, what type of subscription did you use most of the time?",Personal paid subscription,education,High school,Personal paid,14,89,15.41,3.85,10.1,22.78
q8_employer_ai,8,"When you used this service or services for work over the past 7 days, what type of subscription did you use most of the time?",Both employer-provided and personal paid subscription,education,High school,Both employer and personal,6,89,7.15,2.85,3.79,13.08
q8_employer_ai,8,"When you used this service or services for work over the past 7 days, what type of subscription did you use most of the time?",Not sure,education,High school,Not sure,8,89,8.29,2.84,4.6,14.47
q8_employer_ai,8,"When you used this service or services for work over the past 7 days, what type of subscription did you use most of the time?",Free plan (no paid subscription),education,Some college,Free plan,56,108,50.79,4.87,42.91,58.64
q8_employer_ai,8,"When you used this service or services for work over the past 7 days, what type of subscription did you use most of the time?",Employer-provided subscription,education,Some college,Employer-provided,25,108,22.84,4.06,16.88,30.16
q8_employer_ai,8,"When you used this service or services for work over the past 7 days, what type of subscription did you use most of the time?",Personal paid subscription,education,Some college,Personal paid,14,108,13.55,3.4,8.99,19.92
q8_employer_ai,8,"When you used this service or services for work over the past 7 days, what type of subscription did you use most of the time?",Both employer-provided and personal paid subscription,education,Some college,Both employer and personal,9,108,9.07,2.9,5.45,14.71
q8_employer_ai,8,"When you used this service or services for work over the past 7 days, what type of subscription did you use most of the time?",Not sure,education,Some college,Not sure,4,108,3.74,1.86,1.69,8.09
q8_employer_ai,8,"When you used this service or services for work over the past 7 days, what type of subscription did you use most of the time?",Free plan (no paid subscription),education,Bachelor+,Free plan,97,245,39.51,3.14,34.49,44.76
q8_employer_ai,8,"When you used this service or services for work over the past 7 days, what type of subscription did you use most of the time?",Employer-provided subscription,education,Bachelor+,Employer-provided,96,245,38.93,3.13,33.93,44.17
q8_employer_ai,8,"When you used this service or services for work over the past 7 days, what type of subscription did you use most of the time?",Personal paid subscription,education,Bachelor+,Personal paid,27,245,11.0,2.01,8.12,14.74
q8_employer_ai,8,"When you used this service or services for work over the past 7 days, what type of subscription did you use most of the time?",Both employer-provided and personal paid subscription,education,Bachelor+,Both employer and personal,21,245,8.99,1.88,6.41,12.48
q8_employer_ai,8,"When you used this service or services for work over the past 7 days, what type of subscription did you use most of the time?",Not sure,education,Bachelor+,Not sure,4,245,1.57,0.78,0.69,3.51
q8_employer_ai,8,"When you used this service or services for work over the past 7 days, what type of subscription did you use most of the time?",Free plan (no paid subscription),income,Under $25K,Free plan,20,39,52.72,8.12,39.78,65.31
q8_employer_ai,8,"When you used this service or services for work over the past 7 days, what type of subscription did you use most of the time?",Employer-provided subscription,income,Under $25K,Employer-provided,5,39,12.42,5.29,6.09,23.66
q8_employer_ai,8,"When you used this service or services for work over the past 7 days, what type of subscription did you use most of the time?",Personal paid subscription,income,Under $25K,Personal paid,8,39,19.54,6.34,11.2,31.85
q8_employer_ai,8,"When you used this service or services for work over the past 7 days, what type of subscription did you use most of the time?",Both employer-provided and personal paid subscription,income,Under $25K,Both employer and personal,3,39,8.13,4.56,3.36,18.37
q8_employer_ai,8,"When you used this service or services for work over the past 7 days, what type of subscription did you use most of the time?",Not sure,income,Under $25K,Not sure,3,39,7.19,4.09,2.82,17.16
q8_employer_ai,8,"When you used this service or services for work over the past 7 days, what type of subscription did you use most of the time?",Free plan (no paid subscription),income,$25K–$50K,Free plan,22,39,55.37,8.13,42.28,67.75
q8_employer_ai,8,"When you used this service or services for work over the past 7 days, what type of subscription did you use most of the time?",Employer-provided subscription,income,$25K–$50K,Employer-provided,5,39,13.47,5.69,6.8,24.93
q8_employer_ai,8,"When you used this service or services for work over the past 7 days, what type of subscription did you use most of the time?",Personal paid subscription,income,$25K–$50K,Personal paid,6,39,15.56,5.93,8.27,27.37
q8_employer_ai,8,"When you used this service or services for work over the past 7 days, what type of subscription did you use most of the time?",Both employer-provided and personal paid subscription,income,$25K–$50K,Both employer and personal,5,39,12.99,5.52,6.47,24.35
q8_employer_ai,8,"When you used this service or services for work over the past 7 days, what type of subscription did you use most of the time?",Not sure,income,$25K–$50K,Not sure,1,39,2.62,2.62,0.59,10.86
q8_employer_ai,8,"When you used this service or services for work over the past 7 days, what type of subscription did you use most of the time?",Free plan (no paid subscription),income,$50K–$75K,Free plan,20,40,49.04,8.04,36.45,61.74
q8_employer_ai,8,"When you used this service or services for work over the past 7 days, what type of subscription did you use most of the time?",Employer-provided subscription,income,$50K–$75K,Employer-provided,8,40,20.39,6.54,11.92,32.64
q8_employer_ai,8,"When you used this service or services for work over the past 7 days, what type of subscription did you use most of the time?",Personal paid subscription,income,$50K–$75K,Personal paid,5,40,12.5,5.33,6.2,23.61
q8_employer_ai,8,"When you used this service or services for work over the past 7 days, what type of subscription did you use most of the time?",Both employer-provided and personal paid subscription,income,$50K–$75K,Both employer and personal,4,40,11.37,5.4,5.44,22.24
q8_employer_ai,8,"When you used this service or services for work over the past 7 days, what type of subscription did you use most of the time?",Not sure,income,$50K–$75K,Not sure,3,40,6.71,3.81,2.57,16.38
q8_employer_ai,8,"When you used this service or services for work over the past 7 days, what type of subscription did you use most of the time?",Free plan (no paid subscription),income,$75K–$100K,Free plan,30,57,53.21,6.7,42.38,63.75
q8_employer_ai,8,"When you used this service or services for work over the past 7 days, what type of subscription did you use most of the time?",Employer-provided subscription,income,$75K–$100K,Employer-provided,14,57,23.53,5.61,15.58,33.91
q8_employer_ai,8,"When you used this service or services for work over the past 7 days, what type of subscription did you use most of the time?",Personal paid subscription,income,$75K–$100K,Personal paid,5,57,9.27,4.05,4.65,17.62
q8_employer_ai,8,"When you used this service or services for work over the past 7 days, what type of subscription did you use most of the time?",Both employer-provided and personal paid subscription,income,$75K–$100K,Both employer and personal,4,57,7.07,3.44,3.21,14.87
q8_employer_ai,8,"When you used this service or services for work over the past 7 days, what type of subscription did you use most of the time?",Not sure,income,$75K–$100K,Not sure,4,57,6.91,3.38,3.11,14.67
q8_employer_ai,8,"When you used this service or services for work over the past 7 days, what type of subscription did you use most of the time?",Free plan (no paid subscription),income,$100K+,Free plan,125,291,42.78,2.92,38.07,47.62
q8_employer_ai,8,"When you used this service or services for work over the past 7 days, what type of subscription did you use most of the time?",Employer-provided subscription,income,$100K+,Employer-provided,105,291,35.88,2.83,31.38,40.64
q8_employer_ai,8,"When you used this service or services for work over the past 7 days, what type of subscription did you use most of the time?",Personal paid subscription,income,$100K+,Personal paid,35,291,12.13,1.93,9.31,15.65
q8_employer_ai,8,"When you used this service or services for work over the past 7 days, what type of subscription did you use most of the time?",Both employer-provided and personal paid subscription,income,$100K+,Both employer and personal,21,291,7.47,1.58,5.3,10.43
q8_employer_ai,8,"When you used this service or services for work over the past 7 days, what type of subscription did you use most of the time?",Not sure,income,$100K+,Not sure,5,291,1.74,0.78,0.85,3.53
q8_employer_ai,8,"When you used this service or services for work over the past 7 days, what type of subscription did you use most of the time?",Free plan (no paid subscription),employment,Full-time,Free plan,165,377,43.87,2.58,39.7,48.13
q8_employer_ai,8,"When you used this service or services for work over the past 7 days, what type of subscription did you use most of the time?",Employer-provided subscription,employment,Full-time,Employer-provided,125,377,32.49,2.42,28.64,36.6
q8_employer_ai,8,"When you used this service or services for work over the past 7 days, what type of subscription did you use most of the time?",Personal paid subscription,employment,Full-time,Personal paid,43,377,11.54,1.67,9.09,14.54
q8_employer_ai,8,"When you used this service or services for work over the past 7 days, what type of subscription did you use most of the time?",Both employer-provided and personal paid subscription,employment,Full-time,Both employer and personal,33,377,9.2,1.54,7.02,11.96
q8_employer_ai,8,"When you used this service or services for work over the past 7 days, what type of subscription did you use most of the time?",Not sure,employment,Full-time,Not sure,11,377,2.9,0.87,1.78,4.71
q8_employer_ai,8,"When you used this service or services for work over the past 7 days, what type of subscription did you use most of the time?",Free plan (no paid subscription),employment,Part-time,Free plan,52,89,58.19,5.32,49.38,66.5
q8_employer_ai,8,"When you used this service or services for work over the past 7 days, what type of subscription did you use most of the time?",Employer-provided subscription,employment,Part-time,Employer-provided,12,89,13.79,3.74,8.8,20.96
q8_employer_ai,8,"When you used this service or services for work over the past 7 days, what type of subscription did you use most of the time?",Personal paid subscription,employment,Part-time,Personal paid,16,89,17.83,4.11,12.09,25.5
q8_employer_ai,8,"When you used this service or services for work over the past 7 days, what type of subscription did you use most of the time?",Both employer-provided and personal paid subscription,employment,Part-time,Both employer and personal,4,89,5.0,2.47,2.34,10.37
q8_employer_ai,8,"When you used this service or services for work over the past 7 days, what type of subscription did you use most of the time?",Not sure,employment,Part-time,Not sure,5,89,5.2,2.3,2.47,10.62
q9_task_approach,9,Which best describes how you do this task or tasks in your job currently?,"“I do this task myself, without using AI” or “I haven’t tried using AI for this task”",full_sample,All,No AI use,1341,2272,58.52,1.86,54.84,62.1
q9_task_approach,9,Which best describes how you do this task or tasks in your job currently?,"I use AI for some part of this task, but still do some of it myself",full_sample,All,Use AI for part of the task,759,2272,33.6,1.74,30.21,37.16
q9_task_approach,9,Which best describes how you do this task or tasks in your job currently?,AI now does most or all of this task instead of me,full_sample,All,AI does most or all of it,100,2272,4.68,0.76,3.35,6.51
q9_task_approach,9,Which best describes how you do this task or tasks in your job currently?,I tried using AI for this task but stopped using it,full_sample,All,Tried AI but stopped,72,2272,3.2,0.52,2.13,4.78
q9_task_approach,9,Which best describes how you do this task or tasks in your job currently?,"“I do this task myself, without using AI” or “I haven’t tried using AI for this task”",age_group,18–29,No AI use,203,386,52.09,4.29,43.31,60.74
q9_task_approach,9,Which best describes how you do this task or tasks in your job currently?,"I use AI for some part of this task, but still do some of it myself",age_group,18–29,Use AI for part of the task,131,386,34.4,3.77,26.58,43.17
q9_task_approach,9,Which best describes how you do this task or tasks in your job currently?,AI now does most or all of this task instead of me,age_group,18–29,AI does most or all of it,36,386,9.38,2.63,5.38,15.85
q9_task_approach,9,Which best describes how you do this task or tasks in your job currently?,I tried using AI for this task but stopped using it,age_group,18–29,Tried AI but stopped,16,386,4.13,1.16,1.78,9.27
q9_task_approach,9,Which best describes how you do this task or tasks in your job currently?,"“I do this task myself, without using AI” or “I haven’t tried using AI for this task”",age_group,30–44,No AI use,534,895,59.64,3.01,53.73,65.28
q9_task_approach,9,Which best describes how you do this task or tasks in your job currently?,"I use AI for some part of this task, but still do some of it myself",age_group,30–44,Use AI for part of the task,299,895,33.32,2.89,28.0,39.1
q9_task_approach,9,Which best describes how you do this task or tasks in your job currently?,AI now does most or all of this task instead of me,age_group,30–44,AI does most or all of it,39,895,4.44,0.93,2.56,7.57
q9_task_approach,9,Which best describes how you do this task or tasks in your job currently?,I tried using AI for this task but stopped using it,age_group,30–44,Tried AI but stopped,23,895,2.61,0.71,1.28,5.25
q9_task_approach,9,Which best describes how you do this task or tasks in your job currently?,"“I do this task myself, without using AI” or “I haven’t tried using AI for this task”",age_group,45–59,No AI use,420,686,60.61,3.46,53.9,66.95
q9_task_approach,9,Which best describes how you do this task or tasks in your job currently?,"I use AI for some part of this task, but still do some of it myself",age_group,45–59,Use AI for part of the task,221,686,32.68,3.22,26.72,39.26
q9_task_approach,9,Which best describes how you do this task or tasks in your job currently?,AI now does most or all of this task instead of me,age_group,45–59,AI does most or all of it,23,686,3.51,1.35,1.74,6.93
q9_task_approach,9,Which best describes how you do this task or tasks in your job currently?,I tried using AI for this task but stopped using it,age_group,45–59,Tried AI but stopped,22,686,3.2,1.08,1.54,6.53
q9_task_approach,9,Which best describes how you do this task or tasks in your job currently?,"“I do this task myself, without using AI” or “I haven’t tried using AI for this task”",age_group,60+,No AI use,184,305,60.1,4.65,50.49,69.0
q9_task_approach,9,Which best describes how you do this task or tasks in your job currently?,"I use AI for some part of this task, but still do some of it myself",age_group,60+,Use AI for part of the task,108,305,35.53,4.7,26.99,45.1
q9_task_approach,9,Which best describes how you do this task or tasks in your job currently?,AI now does most or all of this task instead of me,age_group,60+,AI does most or all of it,2,305,0.67,0.47,0.09,4.77
q9_task_approach,9,Which best describes how you do this task or tasks in your job currently?,I tried using AI for this task but stopped using it,age_group,60+,Tried AI but stopped,11,305,3.69,1.66,1.42,9.27
q9_task_approach,9,Which best describes how you do this task or tasks in your job currently?,"“I do this task myself, without using AI” or “I haven’t tried using AI for this task”",gender,Male,No AI use,734,1281,56.77,2.53,51.8,61.61
q9_task_approach,9,Which best describes how you do this task or tasks in your job currently?,"I use AI for some part of this task, but still do some of it myself",gender,Male,Use AI for part of the task,441,1281,34.53,2.38,29.97,39.39
q9_task_approach,9,Which best describes how you do this task or tasks in your job currently?,AI now does most or all of this task instead of me,gender,Male,AI does most or all of it,63,1281,5.3,1.13,3.48,8.0
q9_task_approach,9,Which best describes how you do this task or tasks in your job currently?,I tried using AI for this task but stopped using it,gender,Male,Tried AI but stopped,43,1281,3.41,0.72,2.01,5.72
q9_task_approach,9,Which best describes how you do this task or tasks in your job currently?,"“I do this task myself, without using AI” or “I haven’t tried using AI for this task”",gender,Female,No AI use,607,991,60.63,2.77,55.16,65.85
q9_task_approach,9,Which best describes how you do this task or tasks in your job currently?,"I use AI for some part of this task, but still do some of it myself",gender,Female,Use AI for part of the task,318,991,32.47,2.55,27.56,37.81
q9_task_approach,9,Which best describes how you do this task or tasks in your job currently?,AI now does most or all of this task instead of me,gender,Female,AI does most or all of it,37,991,3.94,0.96,2.29,6.69
q9_task_approach,9,Which best describes how you do this task or tasks in your job currently?,I tried using AI for this task but stopped using it,gender,Female,Tried AI but stopped,29,991,2.95,0.75,1.58,5.45
q9_task_approach,9,Which best describes how you do this task or tasks in your job currently?,"“I do this task myself, without using AI” or “I haven’t tried using AI for this task”",race_ethnicity,"White, Non-Hispanic",No AI use,972,1504,64.75,2.15,60.31,68.95
q9_task_approach,9,Which best describes how you do this task or tasks in your job currently?,"I use AI for some part of this task, but still do some of it myself",race_ethnicity,"White, Non-Hispanic",Use AI for part of the task,457,1504,30.26,2.07,26.27,34.57
q9_task_approach,9,Which best describes how you do this task or tasks in your job currently?,AI now does most or all of this task instead of me,race_ethnicity,"White, Non-Hispanic",AI does most or all of it,33,1504,2.21,0.51,1.22,3.98
q9_task_approach,9,Which best describes how you do this task or tasks in your job currently?,I tried using AI for this task but stopped using it,race_ethnicity,"White, Non-Hispanic",Tried AI but stopped,42,1504,2.78,0.62,1.63,4.7
q9_task_approach,9,Which best describes how you do this task or tasks in your job currently?,"“I do this task myself, without using AI” or “I haven’t tried using AI for this task”",race_ethnicity,"Black, Non-Hispanic",No AI use,89,209,42.72,5.79,31.48,54.78
q9_task_approach,9,Which best describes how you do this task or tasks in your job currently?,"I use AI for some part of this task, but still do some of it myself",race_ethnicity,"Black, Non-Hispanic",Use AI for part of the task,91,209,42.94,5.17,31.68,54.99
q9_task_approach,9,Which best describes how you do this task or tasks in your job currently?,AI now does most or all of this task instead of me,race_ethnicity,"Black, Non-Hispanic",AI does most or all of it,17,209,8.58,3.1,3.9,17.86
q9_task_approach,9,Which best describes how you do this task or tasks in your job currently?,I tried using AI for this task but stopped using it,race_ethnicity,"Black, Non-Hispanic",Tried AI but stopped,12,209,5.75,1.68,2.2,14.2
q9_task_approach,9,Which best describes how you do this task or tasks in your job currently?,"“I do this task myself, without using AI” or “I haven’t tried using AI for this task”",race_ethnicity,Hispanic,No AI use,166,315,52.21,5.1,42.29,61.96
q9_task_approach,9,Which best describes how you do this task or tasks in your job currently?,"I use AI for some part of this task, but still do some of it myself",race_ethnicity,Hispanic,Use AI for part of the task,119,315,38.14,5.13,29.02,48.17
q9_task_approach,9,Which best describes how you do this task or tasks in your job currently?,AI now does most or all of this task instead of me,race_ethnicity,Hispanic,AI does most or all of it,20,315,6.6,2.17,3.11,13.45
q9_task_approach,9,Which best describes how you do this task or tasks in your job currently?,I tried using AI for this task but stopped using it,race_ethnicity,Hispanic,Tried AI but stopped,10,315,3.05,1.45,1.03,8.72
q9_task_approach,9,Which best describes how you do this task or tasks in your job currently?,"“I do this task myself, without using AI” or “I haven’t tried using AI for this task”",race_ethnicity,"Other/2+, Non-Hispanic",No AI use,114,244,46.85,6.14,36.33,57.66
q9_task_approach,9,Which best describes how you do this task or tasks in your job currently?,"I use AI for some part of this task, but still do some of it myself",race_ethnicity,"Other/2+, Non-Hispanic",Use AI for part of the task,92,244,37.64,5.47,27.83,48.58
q9_task_approach,9,Which best describes how you do this task or tasks in your job currently?,AI now does most or all of this task instead of me,race_ethnicity,"Other/2+, Non-Hispanic",AI does most or all of it,30,244,12.03,4.0,6.6,20.93
q9_task_approach,9,Which best describes how you do this task or tasks in your job currently?,I tried using AI for this task but stopped using it,race_ethnicity,"Other/2+, Non-Hispanic",Tried AI but stopped,8,244,3.48,1.66,1.15,10.06
q9_task_approach,9,Which best describes how you do this task or tasks in your job currently?,"“I do this task myself, without using AI” or “I haven’t tried using AI for this task”",region,Northeast,No AI use,226,399,56.21,4.69,47.7,64.36
q9_task_approach,9,Which best describes how you do this task or tasks in your job currently?,"I use AI for some part of this task, but still do some of it myself",region,Northeast,Use AI for part of the task,142,399,35.9,4.49,28.24,44.36
q9_task_approach,9,Which best describes how you do this task or tasks in your job currently?,AI now does most or all of this task instead of me,region,Northeast,AI does most or all of it,13,399,3.38,1.37,1.39,8.0
q9_task_approach,9,Which best describes how you do this task or tasks in your job currently?,I tried using AI for this task but stopped using it,region,Northeast,Tried AI but stopped,18,399,4.52,1.49,2.08,9.51
q9_task_approach,9,Which best describes how you do this task or tasks in your job currently?,"“I do this task myself, without using AI” or “I haven’t tried using AI for this task”",region,Midwest,No AI use,290,441,65.66,4.19,57.74,72.79
q9_task_approach,9,Which best describes how you do this task or tasks in your job currently?,"I use AI for some part of this task, but still do some of it myself",region,Midwest,Use AI for part of the task,125,441,28.11,3.67,21.52,35.8
q9_task_approach,9,Which best describes how you do this task or tasks in your job currently?,AI now does most or all of this task instead of me,region,Midwest,AI does most or all of it,13,441,3.32,1.62,1.42,7.55
q9_task_approach,9,Which best describes how you do this task or tasks in your job currently?,I tried using AI for this task but stopped using it,region,Midwest,Tried AI but stopped,13,441,2.92,1.27,1.18,7.01
q9_task_approach,9,Which best describes how you do this task or tasks in your job currently?,"“I do this task myself, without using AI” or “I haven’t tried using AI for this task”",region,South,No AI use,456,810,55.57,2.93,49.36,61.62
q9_task_approach,9,Which best describes how you do this task or tasks in your job currently?,"I use AI for some part of this task, but still do some of it myself",region,South,Use AI for part of the task,285,810,35.43,2.71,29.75,41.55
q9_task_approach,9,Which best describes how you do this task or tasks in your job currently?,AI now does most or all of this task instead of me,region,South,AI does most or all of it,51,810,6.71,1.59,4.21,10.52
q9_task_approach,9,Which best describes how you do this task or tasks in your job currently?,I tried using AI for this task but stopped using it,region,South,Tried AI but stopped,18,810,2.29,0.62,1.03,5.0
q9_task_approach,9,Which best describes how you do this task or tasks in your job currently?,"“I do this task myself, without using AI” or “I haven’t tried using AI for this task”",region,West,No AI use,369,622,58.95,3.73,51.61,65.91
q9_task_approach,9,Which best describes how you do this task or tasks in your job currently?,"I use AI for some part of this task, but still do some of it myself",region,West,Use AI for part of the task,207,622,33.49,3.6,26.98,40.71
q9_task_approach,9,Which best describes how you do this task or tasks in your job currently?,AI now does most or all of this task instead of me,region,West,AI does most or all of it,23,622,3.8,1.09,1.83,7.72
q9_task_approach,9,Which best describes how you do this task or tasks in your job currently?,I tried using AI for this task but stopped using it,region,West,Tried AI but stopped,23,622,3.76,1.12,1.8,7.67
q9_task_approach,9,Which best describes how you do this task or tasks in your job currently?,"“I do this task myself, without using AI” or “I haven’t tried using AI for this task”",education,Less than HS,No AI use,28,46,59.29,11.12,40.1,76.02
q9_task_approach,9,Which best describes how you do this task or tasks in your job currently?,"I use AI for some part of this task, but still do some of it myself",education,Less than HS,Use AI for part of the task,11,46,25.72,10.92,12.69,45.22
q9_task_approach,9,Which best describes how you do this task or tasks in your job currently?,AI now does most or all of this task instead of me,education,Less than HS,AI does most or all of it,6,46,12.82,5.36,4.61,30.92
q9_task_approach,9,Which best describes how you do this task or tasks in your job currently?,I tried using AI for this task but stopped using it,education,Less than HS,Tried AI but stopped,1,46,2.17,2.03,0.24,16.81
q9_task_approach,9,Which best describes how you do this task or tasks in your job currently?,"“I do this task myself, without using AI” or “I haven’t tried using AI for this task”",education,High school,No AI use,213,337,61.07,5.08,51.82,69.58
q9_task_approach,9,Which best describes how you do this task or tasks in your job currently?,"I use AI for some part of this task, but still do some of it myself",education,High school,Use AI for part of the task,99,337,31.32,4.88,23.48,40.4
q9_task_approach,9,Which best describes how you do this task or tasks in your job currently?,AI now does most or all of this task instead of me,education,High school,AI does most or all of it,13,337,3.9,1.37,1.59,9.27
q9_task_approach,9,Which best describes how you do this task or tasks in your job currently?,I tried using AI for this task but stopped using it,education,High school,Tried AI but stopped,12,337,3.72,1.24,1.48,9.01
q9_task_approach,9,Which best describes how you do this task or tasks in your job currently?,"“I do this task myself, without using AI” or “I haven’t tried using AI for this task”",education,Some college,No AI use,332,525,62.66,3.9,55.25,69.51
q9_task_approach,9,Which best describes how you do this task or tasks in your job currently?,"I use AI for some part of this task, but still do some of it myself",education,Some college,Use AI for part of the task,155,525,29.37,3.33,23.1,36.55
q9_task_approach,9,Which best describes how you do this task or tasks in your job currently?,AI now does most or all of this task instead of me,education,Some college,AI does most or all of it,25,525,5.4,1.95,2.9,9.83
q9_task_approach,9,Which best describes how you do this task or tasks in your job currently?,I tried using AI for this task but stopped using it,education,Some college,Tried AI but stopped,13,525,2.57,0.74,1.05,6.15
q9_task_approach,9,Which best describes how you do this task or tasks in your job currently?,"“I do this task myself, without using AI” or “I haven’t tried using AI for this task”",education,Bachelor+,No AI use,768,1364,56.11,2.39,51.21,60.9
q9_task_approach,9,Which best describes how you do this task or tasks in your job currently?,"I use AI for some part of this task, but still do some of it myself",education,Bachelor+,Use AI for part of the task,494,1364,36.23,2.28,31.66,41.06
q9_task_approach,9,Which best describes how you do this task or tasks in your job currently?,AI now does most or all of this task instead of me,education,Bachelor+,AI does most or all of it,56,1364,4.29,0.93,2.7,6.75
q9_task_approach,9,Which best describes how you do this task or tasks in your job currently?,I tried using AI for this task but stopped using it,education,Bachelor+,Tried AI but stopped,46,1364,3.37,0.76,1.99,5.63
q9_task_approach,9,Which best describes how you do this task or tasks in your job currently?,"“I do this task myself, without using AI” or “I haven’t tried using AI for this task”",income,Under $25K,No AI use,46,104,43.79,8.47,28.42,60.45
q9_task_approach,9,Which best describes how you do this task or tasks in your job currently?,"I use AI for some part of this task, but still do some of it myself",income,Under $25K,Use AI for part of the task,43,104,41.8,7.85,26.72,58.58
q9_task_approach,9,Which best describes how you do this task or tasks in your job currently?,AI now does most or all of this task instead of me,income,Under $25K,AI does most or all of it,12,104,11.35,3.74,4.38,26.37
q9_task_approach,9,Which best describes how you do this task or tasks in your job currently?,I tried using AI for this task but stopped using it,income,Under $25K,Tried AI but stopped,3,104,3.06,2.15,0.55,15.33
q9_task_approach,9,Which best describes how you do this task or tasks in your job currently?,"“I do this task myself, without using AI” or “I haven’t tried using AI for this task”",income,$25K–$50K,No AI use,71,139,50.56,7.19,36.26,64.77
q9_task_approach,9,Which best describes how you do this task or tasks in your job currently?,"I use AI for some part of this task, but still do some of it myself",income,$25K–$50K,Use AI for part of the task,45,139,33.04,7.07,20.94,47.9
q9_task_approach,9,Which best describes how you do this task or tasks in your job currently?,AI now does most or all of this task instead of me,income,$25K–$50K,AI does most or all of it,18,139,12.77,6.31,5.81,25.78
q9_task_approach,9,Which best describes how you do this task or tasks in your job currently?,I tried using AI for this task but stopped using it,income,$25K–$50K,Tried AI but stopped,5,139,3.63,1.54,0.87,13.92
q9_task_approach,9,Which best describes how you do this task or tasks in your job currently?,"“I do this task myself, without using AI” or “I haven’t tried using AI for this task”",income,$50K–$75K,No AI use,145,198,72.1,6.6,60.45,81.38
q9_task_approach,9,Which best describes how you do this task or tasks in your job currently?,"I use AI for some part of this task, but still do some of it myself",income,$50K–$75K,Use AI for part of the task,36,198,18.24,4.2,10.83,29.06
q9_task_approach,9,Which best describes how you do this task or tasks in your job currently?,AI now does most or all of this task instead of me,income,$50K–$75K,AI does most or all of it,14,198,8.03,3.68,3.59,16.98
q9_task_approach,9,Which best describes how you do this task or tasks in your job currently?,I tried using AI for this task but stopped using it,income,$50K–$75K,Tried AI but stopped,3,198,1.63,0.88,0.31,8.15
q9_task_approach,9,Which best describes how you do this task or tasks in your job currently?,"“I do this task myself, without using AI” or “I haven’t tried using AI for this task”",income,$75K–$100K,No AI use,185,269,68.67,4.46,58.23,77.51
q9_task_approach,9,Which best describes how you do this task or tasks in your job currently?,"I use AI for some part of this task, but still do some of it myself",income,$75K–$100K,Use AI for part of the task,68,269,25.12,4.15,17.14,35.23
q9_task_approach,9,Which best describes how you do this task or tasks in your job currently?,AI now does most or all of this task instead of me,income,$75K–$100K,AI does most or all of it,7,269,2.7,1.14,0.81,8.65
q9_task_approach,9,Which best describes how you do this task or tasks in your job currently?,I tried using AI for this task but stopped using it,income,$75K–$100K,Tried AI but stopped,9,269,3.51,1.63,1.2,9.81
q9_task_approach,9,Which best describes how you do this task or tasks in your job currently?,"“I do this task myself, without using AI” or “I haven’t tried using AI for this task”",income,$100K+,No AI use,894,1562,56.88,2.28,52.4,61.25
q9_task_approach,9,Which best describes how you do this task or tasks in your job currently?,"I use AI for some part of this task, but still do some of it myself",income,$100K+,Use AI for part of the task,567,1562,36.58,2.19,32.38,40.99
q9_task_approach,9,Which best describes how you do this task or tasks in your job currently?,AI now does most or all of this task instead of me,income,$100K+,AI does most or all of it,49,1562,3.22,0.63,1.97,5.22
q9_task_approach,9,Which best describes how you do this task or tasks in your job currently?,I tried using AI for this task but stopped using it,income,$100K+,Tried AI but stopped,52,1562,3.32,0.67,2.05,5.34
q9_task_approach,9,Which best describes how you do this task or tasks in your job currently?,"“I do this task myself, without using AI” or “I haven’t tried using AI for this task”",employment,Full-time,No AI use,1105,1924,56.99,2.05,52.94,60.94
q9_task_approach,9,Which best describes how you do this task or tasks in your job currently?,"I use AI for some part of this task, but still do some of it myself",employment,Full-time,Use AI for part of the task,679,1924,35.45,1.96,31.68,39.41
q9_task_approach,9,Which best describes how you do this task or tasks in your job currently?,AI now does most or all of this task instead of me,employment,Full-time,AI does most or all of it,78,1924,4.28,0.72,2.92,6.25
q9_task_approach,9,Which best describes how you do this task or tasks in your job currently?,I tried using AI for this task but stopped using it,employment,Full-time,Tried AI but stopped,62,1924,3.27,0.59,2.11,5.05
q9_task_approach,9,Which best describes how you do this task or tasks in your job currently?,"“I do this task myself, without using AI” or “I haven’t tried using AI for this task”",employment,Part-time,No AI use,236,348,66.75,4.34,57.97,74.5
q9_task_approach,9,Which best describes how you do this task or tasks in your job currently?,"I use AI for some part of this task, but still do some of it myself",employment,Part-time,Use AI for part of the task,80,348,23.61,3.29,16.94,31.9
q9_task_approach,9,Which best describes how you do this task or tasks in your job currently?,AI now does most or all of this task instead of me,employment,Part-time,AI does most or all of it,22,348,6.84,2.88,3.55,12.77
q9_task_approach,9,Which best describes how you do this task or tasks in your job currently?,I tried using AI for this task but stopped using it,employment,Part-time,Tried AI but stopped,10,348,2.81,0.99,1.02,7.49
q9_task_approach,9,Which best describes how you do this task or tasks in your job currently?,"“I do this task myself, without using AI” or “I haven’t tried using AI for this task”",task,Maintaining operational records,No AI use,237,321,73.56,2.49,69.29,77.42
q9_task_approach,9,Which best describes how you do this task or tasks in your job currently?,"I use AI for some part of this task, but still do some of it myself",task,Maintaining operational records,Use AI for part of the task,68,321,21.37,2.32,17.84,25.4
q9_task_approach,9,Which best describes how you do this task or tasks in your job currently?,AI now does most or all of this task instead of me,task,Maintaining operational records,AI does most or all of it,10,321,3.26,1.02,1.97,5.34
q9_task_approach,9,Which best describes how you do this task or tasks in your job currently?,I tried using AI for this task but stopped using it,task,Maintaining operational records,Tried AI but stopped,6,321,1.81,0.74,0.92,3.51
q9_task_approach,9,Which best describes how you do this task or tasks in your job currently?,"“I do this task myself, without using AI” or “I haven’t tried using AI for this task”",task,"Developing policies, systems, or processes",No AI use,99,216,45.69,3.42,40.16,51.32
q9_task_approach,9,Which best describes how you do this task or tasks in your job currently?,"I use AI for some part of this task, but still do some of it myself",task,"Developing policies, systems, or processes",Use AI for part of the task,100,216,46.18,3.42,40.64,51.81
q9_task_approach,9,Which best describes how you do this task or tasks in your job currently?,AI now does most or all of this task instead of me,task,"Developing policies, systems, or processes",AI does most or all of it,9,216,4.29,1.41,2.52,7.2
q9_task_approach,9,Which best describes how you do this task or tasks in your job currently?,I tried using AI for this task but stopped using it,task,"Developing policies, systems, or processes",Tried AI but stopped,8,216,3.85,1.34,2.2,6.66
q9_task_approach,9,Which best describes how you do this task or tasks in your job currently?,"“I do this task myself, without using AI” or “I haven’t tried using AI for this task”",task,Reading documents to inform work,No AI use,199,347,56.95,2.68,52.52,61.28
q9_task_approach,9,Which best describes how you do this task or tasks in your job currently?,"I use AI for some part of this task, but still do some of it myself",task,Reading documents to inform work,Use AI for part of the task,118,347,34.07,2.57,30.0,38.39
q9_task_approach,9,Which best describes how you do this task or tasks in your job currently?,AI now does most or all of this task instead of me,task,Reading documents to inform work,AI does most or all of it,15,347,4.53,1.15,3.01,6.77
q9_task_approach,9,Which best describes how you do this task or tasks in your job currently?,I tried using AI for this task but stopped using it,task,Reading documents to inform work,Tried AI but stopped,15,347,4.44,1.13,2.94,6.66
q9_task_approach,9,Which best describes how you do this task or tasks in your job currently?,"“I do this task myself, without using AI” or “I haven’t tried using AI for this task”",task,Determining values or prices,No AI use,94,146,63.67,4.04,56.88,69.95
q9_task_approach,9,Which best describes how you do this task or tasks in your job currently?,"I use AI for some part of this task, but still do some of it myself",task,Determining values or prices,Use AI for part of the task,42,146,29.21,3.82,23.4,35.78
q9_task_approach,9,Which best describes how you do this task or tasks in your job currently?,AI now does most or all of this task instead of me,task,Determining values or prices,AI does most or all of it,6,146,4.02,1.62,2.07,7.67
q9_task_approach,9,Which best describes how you do this task or tasks in your job currently?,I tried using AI for this task but stopped using it,task,Determining values or prices,Tried AI but stopped,4,146,3.11,1.56,1.46,6.48
q9_task_approach,9,Which best describes how you do this task or tasks in your job currently?,"“I do this task myself, without using AI” or “I haven’t tried using AI for this task”",task,Analyzing or evaluating data,No AI use,168,330,50.51,2.77,45.96,55.04
q9_task_approach,9,Which best describes how you do this task or tasks in your job currently?,"I use AI for some part of this task, but still do some of it myself",task,Analyzing or evaluating data,Use AI for part of the task,130,330,39.68,2.72,35.32,44.2
q9_task_approach,9,Which best describes how you do this task or tasks in your job currently?,AI now does most or all of this task instead of me,task,Analyzing or evaluating data,AI does most or all of it,18,330,5.82,1.34,4.03,8.34
q9_task_approach,9,Which best describes how you do this task or tasks in your job currently?,I tried using AI for this task but stopped using it,task,Analyzing or evaluating data,Tried AI but stopped,14,330,3.99,1.05,2.55,6.19
q9_task_approach,9,Which best describes how you do this task or tasks in your job currently?,"“I do this task myself, without using AI” or “I haven’t tried using AI for this task”",task,Designing computer or information systems,No AI use,38,97,38.51,4.98,30.76,46.9
q9_task_approach,9,Which best describes how you do this task or tasks in your job currently?,"I use AI for some part of this task, but still do some of it myself",task,Designing computer or information systems,Use AI for part of the task,45,97,46.44,5.12,38.27,54.81
q9_task_approach,9,Which best describes how you do this task or tasks in your job currently?,AI now does most or all of this task instead of me,task,Designing computer or information systems,AI does most or all of it,10,97,10.29,3.11,6.22,16.53
q9_task_approach,9,Which best describes how you do this task or tasks in your job currently?,I tried using AI for this task but stopped using it,task,Designing computer or information systems,Tried AI but stopped,4,97,4.76,2.35,2.26,9.74
q9_task_approach,9,Which best describes how you do this task or tasks in your job currently?,"“I do this task myself, without using AI” or “I haven’t tried using AI for this task”",task,"Preparing contracts, applications, or permits",No AI use,94,177,52.19,3.79,45.99,58.32
q9_task_approach,9,Which best describes how you do this task or tasks in your job currently?,"I use AI for some part of this task, but still do some of it myself",task,"Preparing contracts, applications, or permits",Use AI for part of the task,65,177,36.67,3.65,30.92,42.82
q9_task_approach,9,Which best describes how you do this task or tasks in your job currently?,AI now does most or all of this task instead of me,task,"Preparing contracts, applications, or permits",AI does most or all of it,10,177,6.52,2.0,4.07,10.31
q9_task_approach,9,Which best describes how you do this task or tasks in your job currently?,I tried using AI for this task but stopped using it,task,"Preparing contracts, applications, or permits",Tried AI but stopped,8,177,4.62,1.6,2.63,8.0
q9_task_approach,9,Which best describes how you do this task or tasks in your job currently?,"“I do this task myself, without using AI” or “I haven’t tried using AI for this task”",task,Explaining or providing info to clients,No AI use,216,345,61.9,2.65,57.49,66.12
q9_task_approach,9,Which best describes how you do this task or tasks in your job currently?,"I use AI for some part of this task, but still do some of it myself",task,Explaining or providing info to clients,Use AI for part of the task,113,345,33.26,2.57,29.2,37.58
q9_task_approach,9,Which best describes how you do this task or tasks in your job currently?,AI now does most or all of this task instead of me,task,Explaining or providing info to clients,AI does most or all of it,11,345,3.47,1.04,2.17,5.51
q9_task_approach,9,Which best describes how you do this task or tasks in your job currently?,I tried using AI for this task but stopped using it,task,Explaining or providing info to clients,Tried AI but stopped,5,345,1.37,0.61,0.65,2.85
q9_task_approach,9,Which best describes how you do this task or tasks in your job currently?,"“I do this task myself, without using AI” or “I haven’t tried using AI for this task”",task,Advising on business or operational matters,No AI use,133,199,66.01,3.41,60.27,71.32
q9_task_approach,9,Which best describes how you do this task or tasks in your job currently?,"I use AI for some part of this task, but still do some of it myself",task,Advising on business or operational matters,Use AI for part of the task,57,199,29.03,3.26,24.02,34.62
q9_task_approach,9,Which best describes how you do this task or tasks in your job currently?,AI now does most or all of this task instead of me,task,Advising on business or operational matters,AI does most or all of it,6,199,3.42,1.38,1.84,6.26
q9_task_approach,9,Which best describes how you do this task or tasks in your job currently?,I tried using AI for this task but stopped using it,task,Advising on business or operational matters,Tried AI but stopped,3,199,1.53,0.88,0.61,3.77
q9_task_approach,9,Which best describes how you do this task or tasks in your job currently?,"“I do this task myself, without using AI” or “I haven’t tried using AI for this task”",task,Assessing student capabilities or needs,No AI use,63,94,66.88,4.92,58.45,74.34
q9_task_approach,9,Which best describes how you do this task or tasks in your job currently?,"I use AI for some part of this task, but still do some of it myself",task,Assessing student capabilities or needs,Use AI for part of the task,21,94,22.0,4.3,15.77,29.82
q9_task_approach,9,Which best describes how you do this task or tasks in your job currently?,AI now does most or all of this task instead of me,task,Assessing student capabilities or needs,AI does most or all of it,5,94,5.87,2.57,2.97,11.28
q9_task_approach,9,Which best describes how you do this task or tasks in your job currently?,I tried using AI for this task but stopped using it,task,Assessing student capabilities or needs,Tried AI but stopped,5,94,5.25,2.31,2.55,10.49
q10_ai_tenure,10,What best describes how long you have been using AI for this task or tasks?,A month or less,full_sample,All,A month or less,101,797,13.02,1.86,9.81,17.09
q10_ai_tenure,10,What best describes how long you have been using AI for this task or tasks?,More than a month but less than 6 months,full_sample,All,1–6 months,221,797,27.3,2.4,22.77,32.36
q10_ai_tenure,10,What best describes how long you have been using AI for this task or tasks?,More than 6 months but less than 2 years,full_sample,All,6 months–2 years,362,797,44.93,2.89,39.64,50.33
q10_ai_tenure,10,What best describes how long you have been using AI for this task or tasks?,2 years or more,full_sample,All,2+ years,99,797,12.9,2.16,9.7,16.96
q10_ai_tenure,10,What best describes how long you have been using AI for this task or tasks?,Not sure,full_sample,All,Not sure,14,797,1.85,0.6,0.85,3.96
q10_ai_tenure,10,What best describes how long you have been using AI for this task or tasks?,A month or less,age_group,18–29,A month or less,20,157,12.83,3.09,6.76,23.02
q10_ai_tenure,10,What best describes how long you have been using AI for this task or tasks?,More than a month but less than 6 months,age_group,18–29,1–6 months,35,157,21.55,4.24,13.33,32.92
q10_ai_tenure,10,What best describes how long you have been using AI for this task or tasks?,More than 6 months but less than 2 years,age_group,18–29,6 months–2 years,71,157,44.85,6.32,33.44,56.83
q10_ai_tenure,10,What best describes how long you have been using AI for this task or tasks?,2 years or more,age_group,18–29,2+ years,28,157,18.41,5.29,10.88,29.43
q10_ai_tenure,10,What best describes how long you have been using AI for this task or tasks?,Not sure,age_group,18–29,Not sure,3,157,2.35,1.77,0.55,9.42
q10_ai_tenure,10,What best describes how long you have been using AI for this task or tasks?,A month or less,age_group,30–44,A month or less,42,313,13.71,3.22,8.78,20.79
q10_ai_tenure,10,What best describes how long you have been using AI for this task or tasks?,More than a month but less than 6 months,age_group,30–44,1–6 months,91,313,29.22,4.05,22.0,37.66
q10_ai_tenure,10,What best describes how long you have been using AI for this task or tasks?,More than 6 months but less than 2 years,age_group,30–44,6 months–2 years,152,313,47.92,4.63,39.4,56.56
q10_ai_tenure,10,What best describes how long you have been using AI for this task or tasks?,2 years or more,age_group,30–44,2+ years,24,313,7.76,2.41,4.25,13.77
q10_ai_tenure,10,What best describes how long you have been using AI for this task or tasks?,Not sure,age_group,30–44,Not sure,4,313,1.38,0.69,0.35,5.28
q10_ai_tenure,10,What best describes how long you have been using AI for this task or tasks?,A month or less,age_group,45–59,A month or less,30,223,13.79,3.96,8.22,22.22
q10_ai_tenure,10,What best describes how long you have been using AI for this task or tasks?,More than a month but less than 6 months,age_group,45–59,1–6 months,65,223,28.65,4.8,20.47,38.53
q10_ai_tenure,10,What best describes how long you have been using AI for this task or tasks?,More than 6 months but less than 2 years,age_group,45–59,6 months–2 years,91,223,40.41,5.48,31.03,50.55
q10_ai_tenure,10,What best describes how long you have been using AI for this task or tasks?,2 years or more,age_group,45–59,2+ years,33,223,15.45,4.84,9.5,24.13
q10_ai_tenure,10,What best describes how long you have been using AI for this task or tasks?,Not sure,age_group,45–59,Not sure,4,223,1.7,1.04,0.41,6.81
q10_ai_tenure,10,What best describes how long you have been using AI for this task or tasks?,A month or less,age_group,60+,A month or less,9,104,9.11,4.58,3.69,20.74
q10_ai_tenure,10,What best describes how long you have been using AI for this task or tasks?,More than a month but less than 6 months,age_group,60+,1–6 months,30,104,28.81,6.96,17.83,43.02
q10_ai_tenure,10,What best describes how long you have been using AI for this task or tasks?,More than 6 months but less than 2 years,age_group,60+,6 months–2 years,48,104,45.71,8.1,32.29,59.78
q10_ai_tenure,10,What best describes how long you have been using AI for this task or tasks?,2 years or more,age_group,60+,2+ years,14,104,13.55,6.33,6.48,26.16
q10_ai_tenure,10,What best describes how long you have been using AI for this task or tasks?,Not sure,age_group,60+,Not sure,3,104,2.82,2.11,0.6,12.22
q10_ai_tenure,10,What best describes how long you have been using AI for this task or tasks?,A month or less,gender,Male,A month or less,57,469,12.42,2.4,8.48,17.82
q10_ai_tenure,10,What best describes how long you have been using AI for this task or tasks?,More than a month but less than 6 months,gender,Male,1–6 months,120,469,25.09,3.04,19.5,31.66
q10_ai_tenure,10,What best describes how long you have been using AI for this task or tasks?,More than 6 months but less than 2 years,gender,Male,6 months–2 years,222,469,46.95,3.83,40.04,53.99
q10_ai_tenure,10,What best describes how long you have been using AI for this task or tasks?,2 years or more,gender,Male,2+ years,63,469,14.02,2.99,9.82,19.63
q10_ai_tenure,10,What best describes how long you have been using AI for this task or tasks?,Not sure,gender,Male,Not sure,7,469,1.52,0.64,0.51,4.42
q10_ai_tenure,10,What best describes how long you have been using AI for this task or tasks?,A month or less,gender,Female,A month or less,44,328,13.82,2.95,9.02,20.61
q10_ai_tenure,10,What best describes how long you have been using AI for this task or tasks?,More than a month but less than 6 months,gender,Female,1–6 months,101,328,30.24,3.85,23.16,38.39
q10_ai_tenure,10,What best describes how long you have been using AI for this task or tasks?,More than 6 months but less than 2 years,gender,Female,6 months–2 years,140,328,42.24,4.39,34.28,50.62
q10_ai_tenure,10,What best describes how long you have been using AI for this task or tasks?,2 years or more,gender,Female,2+ years,36,328,11.41,3.08,7.1,17.83
q10_ai_tenure,10,What best describes how long you have been using AI for this task or tasks?,Not sure,gender,Female,Not sure,7,328,2.29,1.13,0.8,6.4
q10_ai_tenure,10,What best describes how long you have been using AI for this task or tasks?,A month or less,race_ethnicity,"White, Non-Hispanic",A month or less,50,460,11.21,2.46,7.54,16.35
q10_ai_tenure,10,What best describes how long you have been using AI for this task or tasks?,More than a month but less than 6 months,race_ethnicity,"White, Non-Hispanic",1–6 months,143,460,31.3,3.37,25.26,38.04
q10_ai_tenure,10,What best describes how long you have been using AI for this task or tasks?,More than 6 months but less than 2 years,race_ethnicity,"White, Non-Hispanic",6 months–2 years,222,460,47.79,3.8,40.96,54.71
q10_ai_tenure,10,What best describes how long you have been using AI for this task or tasks?,2 years or more,race_ethnicity,"White, Non-Hispanic",2+ years,39,460,8.44,2.31,5.32,13.14
q10_ai_tenure,10,What best describes how long you have been using AI for this task or tasks?,Not sure,race_ethnicity,"White, Non-Hispanic",Not sure,6,460,1.26,0.66,0.39,3.97
q10_ai_tenure,10,What best describes how long you have been using AI for this task or tasks?,A month or less,race_ethnicity,"Black, Non-Hispanic",A month or less,17,98,16.95,6.61,8.41,31.22
q10_ai_tenure,10,What best describes how long you have been using AI for this task or tasks?,More than a month but less than 6 months,race_ethnicity,"Black, Non-Hispanic",1–6 months,25,98,24.58,6.56,13.92,39.65
q10_ai_tenure,10,What best describes how long you have been using AI for this task or tasks?,More than 6 months but less than 2 years,race_ethnicity,"Black, Non-Hispanic",6 months–2 years,31,98,32.21,7.38,19.91,47.59
q10_ai_tenure,10,What best describes how long you have been using AI for this task or tasks?,2 years or more,race_ethnicity,"Black, Non-Hispanic",2+ years,25,98,26.25,7.48,15.2,41.42
q10_ai_tenure,10,What best describes how long you have been using AI for this task or tasks?,Not sure,race_ethnicity,"Black, Non-Hispanic",Not sure,0,98,0.0,0.0,0.0,8.66
q10_ai_tenure,10,What best describes how long you have been using AI for this task or tasks?,A month or less,race_ethnicity,Hispanic,A month or less,23,126,18.25,4.85,9.82,31.4
q10_ai_tenure,10,What best describes how long you have been using AI for this task or tasks?,More than a month but less than 6 months,race_ethnicity,Hispanic,1–6 months,18,126,13.82,3.97,6.72,26.29
q10_ai_tenure,10,What best describes how long you have been using AI for this task or tasks?,More than 6 months but less than 2 years,race_ethnicity,Hispanic,6 months–2 years,57,126,45.04,7.83,31.84,58.98
q10_ai_tenure,10,What best describes how long you have been using AI for this task or tasks?,2 years or more,race_ethnicity,Hispanic,2+ years,25,126,20.5,7.51,11.47,33.92
q10_ai_tenure,10,What best describes how long you have been using AI for this task or tasks?,Not sure,race_ethnicity,Hispanic,Not sure,3,126,2.38,1.4,0.46,11.38
q10_ai_tenure,10,What best describes how long you have been using AI for this task or tasks?,A month or less,race_ethnicity,"Other/2+, Non-Hispanic",A month or less,11,113,10.22,3.47,4.34,22.24
q10_ai_tenure,10,What best describes how long you have been using AI for this task or tasks?,More than a month but less than 6 months,race_ethnicity,"Other/2+, Non-Hispanic",1–6 months,35,113,30.56,6.53,19.18,44.92
q10_ai_tenure,10,What best describes how long you have been using AI for this task or tasks?,More than 6 months but less than 2 years,race_ethnicity,"Other/2+, Non-Hispanic",6 months–2 years,52,113,45.59,7.41,32.1,59.75
q10_ai_tenure,10,What best describes how long you have been using AI for this task or tasks?,2 years or more,race_ethnicity,"Other/2+, Non-Hispanic",2+ years,10,113,8.75,2.9,3.47,20.39
q10_ai_tenure,10,What best describes how long you have been using AI for this task or tasks?,Not sure,race_ethnicity,"Other/2+, Non-Hispanic",Not sure,5,113,4.88,2.71,1.44,15.27
q10_ai_tenure,10,What best describes how long you have been using AI for this task or tasks?,A month or less,region,Northeast,A month or less,22,141,16.02,5.61,8.73,27.56
q10_ai_tenure,10,What best describes how long you have been using AI for this task or tasks?,More than a month but less than 6 months,region,Northeast,1–6 months,40,141,28.26,5.54,18.28,40.96
q10_ai_tenure,10,What best describes how long you have been using AI for this task or tasks?,More than 6 months but less than 2 years,region,Northeast,6 months–2 years,67,141,47.19,6.85,34.89,59.85
q10_ai_tenure,10,What best describes how long you have been using AI for this task or tasks?,2 years or more,region,Northeast,2+ years,12,141,8.52,2.88,3.67,18.56
q10_ai_tenure,10,What best describes how long you have been using AI for this task or tasks?,Not sure,region,Northeast,Not sure,0,141,0.0,0.0,0.0,6.25
q10_ai_tenure,10,What best describes how long you have been using AI for this task or tasks?,A month or less,region,Midwest,A month or less,20,128,15.93,4.73,8.62,27.56
q10_ai_tenure,10,What best describes how long you have been using AI for this task or tasks?,More than a month but less than 6 months,region,Midwest,1–6 months,27,128,21.29,5.16,12.63,33.59
q10_ai_tenure,10,What best describes how long you have been using AI for this task or tasks?,More than 6 months but less than 2 years,region,Midwest,6 months–2 years,55,128,41.87,6.93,29.94,54.83
q10_ai_tenure,10,What best describes how long you have been using AI for this task or tasks?,2 years or more,region,Midwest,2+ years,20,128,16.5,5.91,9.04,28.22
q10_ai_tenure,10,What best describes how long you have been using AI for this task or tasks?,Not sure,region,Midwest,Not sure,6,128,4.41,2.28,1.38,13.24
q10_ai_tenure,10,What best describes how long you have been using AI for this task or tasks?,A month or less,region,South,A month or less,36,319,11.44,2.51,7.09,17.94
q10_ai_tenure,10,What best describes how long you have been using AI for this task or tasks?,More than a month but less than 6 months,region,South,1–6 months,112,319,34.03,4.15,26.55,42.4
q10_ai_tenure,10,What best describes how long you have been using AI for this task or tasks?,More than 6 months but less than 2 years,region,South,6 months–2 years,128,319,39.63,4.37,31.74,48.09
q10_ai_tenure,10,What best describes how long you have been using AI for this task or tasks?,2 years or more,region,South,2+ years,38,319,12.96,3.56,8.29,19.7
q10_ai_tenure,10,What best describes how long you have been using AI for this task or tasks?,Not sure,region,South,Not sure,5,319,1.94,1.08,0.62,5.95
q10_ai_tenure,10,What best describes how long you have been using AI for this task or tasks?,A month or less,region,West,A month or less,23,209,11.74,3.66,6.42,20.5
q10_ai_tenure,10,What best describes how long you have been using AI for this task or tasks?,More than a month but less than 6 months,region,West,1–6 months,42,209,19.78,4.19,12.59,29.69
q10_ai_tenure,10,What best describes how long you have been using AI for this task or tasks?,More than 6 months but less than 2 years,region,West,6 months–2 years,112,209,53.41,5.94,42.68,63.83
q10_ai_tenure,10,What best describes how long you have been using AI for this task or tasks?,2 years or more,region,West,2+ years,29,209,13.63,4.61,7.81,22.72
q10_ai_tenure,10,What best describes how long you have been using AI for this task or tasks?,Not sure,region,West,Not sure,3,209,1.44,0.83,0.28,6.96
q10_ai_tenure,10,What best describes how long you have been using AI for this task or tasks?,A month or less,education,Less than HS,A month or less,6,17,34.45,14.18,12.51,65.9
q10_ai_tenure,10,What best describes how long you have been using AI for this task or tasks?,More than a month but less than 6 months,education,Less than HS,1–6 months,0,17,0.0,0.0,0.0,30.56
q10_ai_tenure,10,What best describes how long you have been using AI for this task or tasks?,More than 6 months but less than 2 years,education,Less than HS,6 months–2 years,9,17,54.21,18.36,25.35,80.5
q10_ai_tenure,10,What best describes how long you have been using AI for this task or tasks?,2 years or more,education,Less than HS,2+ years,1,17,5.24,5.76,0.51,37.33
q10_ai_tenure,10,What best describes how long you have been using AI for this task or tasks?,Not sure,education,Less than HS,Not sure,1,17,6.1,5.82,0.67,38.36
q10_ai_tenure,10,What best describes how long you have been using AI for this task or tasks?,A month or less,education,High school,A month or less,10,101,10.39,3.38,4.25,23.22
q10_ai_tenure,10,What best describes how long you have been using AI for this task or tasks?,More than a month but less than 6 months,education,High school,1–6 months,26,101,24.94,5.89,14.3,39.82
q10_ai_tenure,10,What best describes how long you have been using AI for this task or tasks?,More than 6 months but less than 2 years,education,High school,6 months–2 years,41,101,40.09,7.61,26.65,55.21
q10_ai_tenure,10,What best describes how long you have been using AI for this task or tasks?,2 years or more,education,High school,2+ years,22,101,21.89,7.96,12.01,36.52
q10_ai_tenure,10,What best describes how long you have been using AI for this task or tasks?,Not sure,education,High school,Not sure,2,101,2.69,2.7,0.52,12.87
q10_ai_tenure,10,What best describes how long you have been using AI for this task or tasks?,A month or less,education,Some college,A month or less,21,167,12.68,3.82,6.77,22.5
q10_ai_tenure,10,What best describes how long you have been using AI for this task or tasks?,More than a month but less than 6 months,education,Some college,1–6 months,42,167,25.23,4.95,16.5,36.57
q10_ai_tenure,10,What best describes how long you have been using AI for this task or tasks?,More than 6 months but less than 2 years,education,Some college,6 months–2 years,64,167,38.0,6.49,27.5,49.76
q10_ai_tenure,10,What best describes how long you have been using AI for this task or tasks?,2 years or more,education,Some college,2+ years,35,167,21.18,5.77,13.21,32.17
q10_ai_tenure,10,What best describes how long you have been using AI for this task or tasks?,Not sure,education,Some college,Not sure,5,167,2.91,1.49,0.81,9.96
q10_ai_tenure,10,What best describes how long you have been using AI for this task or tasks?,A month or less,education,Bachelor+,A month or less,64,512,12.9,2.51,9.02,18.11
q10_ai_tenure,10,What best describes how long you have been using AI for this task or tasks?,More than a month but less than 6 months,education,Bachelor+,1–6 months,153,512,29.59,3.17,23.83,36.09
q10_ai_tenure,10,What best describes how long you have been using AI for this task or tasks?,More than 6 months but less than 2 years,education,Bachelor+,6 months–2 years,248,512,48.09,3.61,41.42,54.82
q10_ai_tenure,10,What best describes how long you have been using AI for this task or tasks?,2 years or more,education,Bachelor+,2+ years,41,512,8.29,2.05,5.27,12.81
q10_ai_tenure,10,What best describes how long you have been using AI for this task or tasks?,Not sure,education,Bachelor+,Not sure,6,512,1.13,0.52,0.34,3.67
q10_ai_tenure,10,What best describes how long you have been using AI for this task or tasks?,A month or less,income,Under $25K,A month or less,9,52,17.65,6.88,6.9,38.27
q10_ai_tenure,10,What best describes how long you have been using AI for this task or tasks?,More than a month but less than 6 months,income,Under $25K,1–6 months,6,52,11.38,6.29,3.54,31.0
q10_ai_tenure,10,What best describes how long you have been using AI for this task or tasks?,More than 6 months but less than 2 years,income,Under $25K,6 months–2 years,24,52,46.43,10.98,27.49,66.46
q10_ai_tenure,10,What best describes how long you have been using AI for this task or tasks?,2 years or more,income,Under $25K,2+ years,12,52,22.4,9.94,9.79,43.42
q10_ai_tenure,10,What best describes how long you have been using AI for this task or tasks?,Not sure,income,Under $25K,Not sure,1,52,2.14,2.12,0.21,18.67
q10_ai_tenure,10,What best describes how long you have been using AI for this task or tasks?,A month or less,income,$25K–$50K,A month or less,10,57,17.92,7.18,7.23,37.95
q10_ai_tenure,10,What best describes how long you have been using AI for this task or tasks?,More than a month but less than 6 months,income,$25K–$50K,1–6 months,12,57,21.35,6.13,9.34,41.71
q10_ai_tenure,10,What best describes how long you have been using AI for this task or tasks?,More than 6 months but less than 2 years,income,$25K–$50K,6 months–2 years,16,57,26.85,9.38,12.98,47.47
q10_ai_tenure,10,What best describes how long you have been using AI for this task or tasks?,2 years or more,income,$25K–$50K,2+ years,18,57,32.05,10.96,16.67,52.66
q10_ai_tenure,10,What best describes how long you have been using AI for this task or tasks?,Not sure,income,$25K–$50K,Not sure,1,57,1.83,1.76,0.16,17.52
q10_ai_tenure,10,What best describes how long you have been using AI for this task or tasks?,A month or less,income,$50K–$75K,A month or less,4,47,8.52,4.1,2.0,29.88
q10_ai_tenure,10,What best describes how long you have been using AI for this task or tasks?,More than a month but less than 6 months,income,$50K–$75K,1–6 months,9,47,17.79,7.87,6.39,40.71
q10_ai_tenure,10,What best describes how long you have been using AI for this task or tasks?,More than 6 months but less than 2 years,income,$50K–$75K,6 months–2 years,27,47,58.41,10.93,36.02,77.8
q10_ai_tenure,10,What best describes how long you have been using AI for this task or tasks?,2 years or more,income,$50K–$75K,2+ years,7,47,15.27,6.42,5.05,37.91
q10_ai_tenure,10,What best describes how long you have been using AI for this task or tasks?,Not sure,income,$50K–$75K,Not sure,0,47,0.0,0.0,0.0,17.87
q10_ai_tenure,10,What best describes how long you have been using AI for this task or tasks?,A month or less,income,$75K–$100K,A month or less,6,72,9.23,4.23,3.39,22.78
q10_ai_tenure,10,What best describes how long you have been using AI for this task or tasks?,More than a month but less than 6 months,income,$75K–$100K,1–6 months,28,72,38.24,9.34,24.37,54.33
q10_ai_tenure,10,What best describes how long you have been using AI for this task or tasks?,More than 6 months but less than 2 years,income,$75K–$100K,6 months–2 years,28,72,38.74,9.07,24.79,54.81
q10_ai_tenure,10,What best describes how long you have been using AI for this task or tasks?,2 years or more,income,$75K–$100K,2+ years,7,72,9.8,6.69,3.7,23.49
q10_ai_tenure,10,What best describes how long you have been using AI for this task or tasks?,Not sure,income,$75K–$100K,Not sure,3,72,4.0,2.99,0.92,15.77
q10_ai_tenure,10,What best describes how long you have been using AI for this task or tasks?,A month or less,income,$100K+,A month or less,72,569,12.83,2.36,9.14,17.72
q10_ai_tenure,10,What best describes how long you have been using AI for this task or tasks?,More than a month but less than 6 months,income,$100K+,1–6 months,166,569,29.04,2.95,23.6,35.15
q10_ai_tenure,10,What best describes how long you have been using AI for this task or tasks?,More than 6 months but less than 2 years,income,$100K+,6 months–2 years,267,569,46.63,3.49,40.35,53.02
q10_ai_tenure,10,What best describes how long you have been using AI for this task or tasks?,2 years or more,income,$100K+,2+ years,55,569,9.78,2.34,6.6,14.26
q10_ai_tenure,10,What best describes how long you have been using AI for this task or tasks?,Not sure,income,$100K+,Not sure,9,569,1.72,0.72,0.67,4.32
q10_ai_tenure,10,What best describes how long you have been using AI for this task or tasks?,A month or less,employment,Full-time,A month or less,89,701,12.96,2.04,9.55,17.36
q10_ai_tenure,10,What best describes how long you have been using AI for this task or tasks?,More than a month but less than 6 months,employment,Full-time,1–6 months,194,701,27.2,2.63,22.36,32.65
q10_ai_tenure,10,What best describes how long you have been using AI for this task or tasks?,More than 6 months but less than 2 years,employment,Full-time,6 months–2 years,322,701,45.54,3.13,39.85,51.34
q10_ai_tenure,10,What best describes how long you have been using AI for this task or tasks?,2 years or more,employment,Full-time,2+ years,85,701,12.78,2.36,9.4,17.16
q10_ai_tenure,10,What best describes how long you have been using AI for this task or tasks?,Not sure,employment,Full-time,Not sure,11,701,1.51,0.52,0.61,3.71
q10_ai_tenure,10,What best describes how long you have been using AI for this task or tasks?,A month or less,employment,Part-time,A month or less,12,96,13.41,4.28,6.27,26.41
q10_ai_tenure,10,What best describes how long you have been using AI for this task or tasks?,More than a month but less than 6 months,employment,Part-time,1–6 months,27,96,27.99,5.47,16.93,42.56
q10_ai_tenure,10,What best describes how long you have been using AI for this task or tasks?,More than 6 months but less than 2 years,employment,Part-time,6 months–2 years,40,96,40.73,7.31,27.56,55.39
q10_ai_tenure,10,What best describes how long you have been using AI for this task or tasks?,2 years or more,employment,Part-time,2+ years,14,96,13.71,5.11,6.46,26.75
q10_ai_tenure,10,What best describes how long you have been using AI for this task or tasks?,Not sure,employment,Part-time,Not sure,3,96,4.16,3.07,1.09,14.56
q10_ai_tenure,10,What best describes how long you have been using AI for this task or tasks?,A month or less,task,Maintaining operational records,A month or less,12,71,17.55,4.64,11.32,26.2
q10_ai_tenure,10,What best describes how long you have been using AI for this task or tasks?,More than a month but less than 6 months,task,Maintaining operational records,1–6 months,17,71,23.25,5.03,16.03,32.46
q10_ai_tenure,10,What best describes how long you have been using AI for this task or tasks?,More than 6 months but less than 2 years,task,Maintaining operational records,6 months–2 years,28,71,37.98,5.8,29.05,47.8
q10_ai_tenure,10,What best describes how long you have been using AI for this task or tasks?,2 years or more,task,Maintaining operational records,2+ years,11,71,16.38,4.55,10.38,24.89
q10_ai_tenure,10,What best describes how long you have been using AI for this task or tasks?,Not sure,task,Maintaining operational records,Not sure,3,71,4.84,2.79,2.05,10.99
q10_ai_tenure,10,What best describes how long you have been using AI for this task or tasks?,A month or less,task,"Developing policies, systems, or processes",A month or less,17,101,17.44,3.87,12.07,24.53
q10_ai_tenure,10,What best describes how long you have been using AI for this task or tasks?,More than a month but less than 6 months,task,"Developing policies, systems, or processes",1–6 months,30,101,29.13,4.55,22.27,37.09
q10_ai_tenure,10,What best describes how long you have been using AI for this task or tasks?,More than 6 months but less than 2 years,task,"Developing policies, systems, or processes",6 months–2 years,43,101,41.58,4.94,33.79,49.82
q10_ai_tenure,10,What best describes how long you have been using AI for this task or tasks?,2 years or more,task,"Developing policies, systems, or processes",2+ years,9,101,9.4,3.02,5.6,15.33
q10_ai_tenure,10,What best describes how long you have been using AI for this task or tasks?,Not sure,task,"Developing policies, systems, or processes",Not sure,2,101,2.45,1.75,0.89,6.51
q10_ai_tenure,10,What best describes how long you have been using AI for this task or tasks?,A month or less,task,Reading documents to inform work,A month or less,17,125,13.87,3.15,9.52,19.77
q10_ai_tenure,10,What best describes how long you have been using AI for this task or tasks?,More than a month but less than 6 months,task,Reading documents to inform work,1–6 months,39,125,32.13,4.27,25.65,39.37
q10_ai_tenure,10,What best describes how long you have been using AI for this task or tasks?,More than 6 months but less than 2 years,task,Reading documents to inform work,6 months–2 years,57,125,43.91,4.47,36.76,51.32
q10_ai_tenure,10,What best describes how long you have been using AI for this task or tasks?,2 years or more,task,Reading documents to inform work,2+ years,11,125,9.26,2.68,5.8,14.48
q10_ai_tenure,10,What best describes how long you have been using AI for this task or tasks?,Not sure,task,Reading documents to inform work,Not sure,1,125,0.84,0.84,0.19,3.6
q10_ai_tenure,10,What best describes how long you have been using AI for this task or tasks?,A month or less,task,Determining values or prices,A month or less,5,45,11.01,4.71,5.43,21.05
q10_ai_tenure,10,What best describes how long you have been using AI for this task or tasks?,More than a month but less than 6 months,task,Determining values or prices,1–6 months,10,45,21.91,6.24,13.49,33.53
q10_ai_tenure,10,What best describes how long you have been using AI for this task or tasks?,More than 6 months but less than 2 years,task,Determining values or prices,6 months–2 years,17,45,38.38,7.38,27.39,50.7
q10_ai_tenure,10,What best describes how long you have been using AI for this task or tasks?,2 years or more,task,Determining values or prices,2+ years,11,45,24.83,6.58,15.84,36.7
q10_ai_tenure,10,What best describes how long you have been using AI for this task or tasks?,Not sure,task,Determining values or prices,Not sure,2,45,3.87,2.73,1.2,11.83
q10_ai_tenure,10,What best describes how long you have been using AI for this task or tasks?,A month or less,task,Analyzing or evaluating data,A month or less,18,140,12.86,2.85,8.88,18.27
q10_ai_tenure,10,What best describes how long you have been using AI for this task or tasks?,More than a month but less than 6 months,task,Analyzing or evaluating data,1–6 months,34,140,23.89,3.62,18.46,30.33
q10_ai_tenure,10,What best describes how long you have been using AI for this task or tasks?,More than 6 months but less than 2 years,task,Analyzing or evaluating data,6 months–2 years,69,140,48.94,4.27,42.03,55.89
q10_ai_tenure,10,What best describes how long you have been using AI for this task or tasks?,2 years or more,task,Analyzing or evaluating data,2+ years,17,140,12.88,2.94,8.89,18.29
q10_ai_tenure,10,What best describes how long you have been using AI for this task or tasks?,Not sure,task,Analyzing or evaluating data,Not sure,2,140,1.43,1.01,0.47,4.26
q10_ai_tenure,10,What best describes how long you have been using AI for this task or tasks?,A month or less,task,Designing computer or information systems,A month or less,0,53,0.0,0.0,0.0,4.91
q10_ai_tenure,10,What best describes how long you have been using AI for this task or tasks?,More than a month but less than 6 months,task,Designing computer or information systems,1–6 months,17,53,30.92,6.38,21.58,42.14
q10_ai_tenure,10,What best describes how long you have been using AI for this task or tasks?,More than 6 months but less than 2 years,task,Designing computer or information systems,6 months–2 years,30,53,57.22,6.88,45.9,67.84
q10_ai_tenure,10,What best describes how long you have been using AI for this task or tasks?,2 years or more,task,Designing computer or information systems,2+ years,6,53,11.85,4.59,6.32,21.13
q10_ai_tenure,10,What best describes how long you have been using AI for this task or tasks?,Not sure,task,Designing computer or information systems,Not sure,0,53,0.0,0.0,0.0,4.91
q10_ai_tenure,10,What best describes how long you have been using AI for this task or tasks?,A month or less,task,"Preparing contracts, applications, or permits",A month or less,10,70,14.74,4.35,9.05,23.08
q10_ai_tenure,10,What best describes how long you have been using AI for this task or tasks?,More than a month but less than 6 months,task,"Preparing contracts, applications, or permits",1–6 months,18,70,24.97,5.19,17.45,34.38
q10_ai_tenure,10,What best describes how long you have been using AI for this task or tasks?,More than 6 months but less than 2 years,task,"Preparing contracts, applications, or permits",6 months–2 years,28,70,39.87,5.94,30.73,49.77
q10_ai_tenure,10,What best describes how long you have been using AI for this task or tasks?,2 years or more,task,"Preparing contracts, applications, or permits",2+ years,12,70,17.18,4.59,10.98,25.85
q10_ai_tenure,10,What best describes how long you have been using AI for this task or tasks?,Not sure,task,"Preparing contracts, applications, or permits",Not sure,2,70,3.25,2.28,1.14,8.88
q10_ai_tenure,10,What best describes how long you have been using AI for this task or tasks?,A month or less,task,Explaining or providing info to clients,A month or less,12,117,11.09,3.04,7.14,16.82
q10_ai_tenure,10,What best describes how long you have been using AI for this task or tasks?,More than a month but less than 6 months,task,Explaining or providing info to clients,1–6 months,33,117,27.12,4.1,20.89,34.4
q10_ai_tenure,10,What best describes how long you have been using AI for this task or tasks?,More than 6 months but less than 2 years,task,Explaining or providing info to clients,6 months–2 years,56,117,48.08,4.68,40.55,55.69
q10_ai_tenure,10,What best describes how long you have been using AI for this task or tasks?,2 years or more,task,Explaining or providing info to clients,2+ years,14,117,12.23,3.1,8.06,18.13
q10_ai_tenure,10,What best describes how long you have been using AI for this task or tasks?,Not sure,task,Explaining or providing info to clients,Not sure,2,117,1.49,1.05,0.46,4.76
q10_ai_tenure,10,What best describes how long you have been using AI for this task or tasks?,A month or less,task,Advising on business or operational matters,A month or less,9,52,17.52,5.38,10.49,27.8
q10_ai_tenure,10,What best describes how long you have been using AI for this task or tasks?,More than a month but less than 6 months,task,Advising on business or operational matters,1–6 months,19,52,36.18,6.74,26.1,47.64
q10_ai_tenure,10,What best describes how long you have been using AI for this task or tasks?,More than 6 months but less than 2 years,task,Advising on business or operational matters,6 months–2 years,20,52,38.34,6.85,28.04,49.81
q10_ai_tenure,10,What best describes how long you have been using AI for this task or tasks?,2 years or more,task,Advising on business or operational matters,2+ years,4,52,7.96,3.87,3.65,16.47
q10_ai_tenure,10,What best describes how long you have been using AI for this task or tasks?,Not sure,task,Advising on business or operational matters,Not sure,0,52,0.0,0.0,0.0,5.0
q10_ai_tenure,10,What best describes how long you have been using AI for this task or tasks?,A month or less,task,Assessing student capabilities or needs,A month or less,1,23,4.45,4.44,1.0,17.64
q10_ai_tenure,10,What best describes how long you have been using AI for this task or tasks?,More than a month but less than 6 months,task,Assessing student capabilities or needs,1–6 months,4,23,17.03,7.98,7.77,33.34
q10_ai_tenure,10,What best describes how long you have been using AI for this task or tasks?,More than 6 months but less than 2 years,task,Assessing student capabilities or needs,6 months–2 years,14,23,60.81,10.5,43.65,75.66
q10_ai_tenure,10,What best describes how long you have been using AI for this task or tasks?,2 years or more,task,Assessing student capabilities or needs,2+ years,4,23,17.71,8.29,8.21,34.12
q10_ai_tenure,10,What best describes how long you have been using AI for this task or tasks?,Not sure,task,Assessing student capabilities or needs,Not sure,0,23,0.0,0.0,0.0,10.69
q11_time_now,11,"What best describes how much time you currently spend on this task or tasks per week, including time spent interacting with AI? Select the closest answer.",1 hour or less,full_sample,All,1 hour or less,166,797,20.89,2.21,16.84,25.6
q11_time_now,11,"What best describes how much time you currently spend on this task or tasks per week, including time spent interacting with AI? Select the closest answer.",More than 1 hour but less than 5 hours,full_sample,All,1–5 hours,277,797,34.6,2.42,29.66,39.89
q11_time_now,11,"What best describes how much time you currently spend on this task or tasks per week, including time spent interacting with AI? Select the closest answer.",More than 5 hours but less than 10 hours,full_sample,All,5–10 hours,205,797,25.47,2.11,21.06,30.44
q11_time_now,11,"What best describes how much time you currently spend on this task or tasks per week, including time spent interacting with AI? Select the closest answer.",More than 10 hours but less than 20 hours,full_sample,All,10–20 hours,89,797,11.3,1.44,8.32,15.18
q11_time_now,11,"What best describes how much time you currently spend on this task or tasks per week, including time spent interacting with AI? Select the closest answer.",20 hours or more,full_sample,All,20+ hours,45,797,5.8,1.11,3.75,8.87
q11_time_now,11,"What best describes how much time you currently spend on this task or tasks per week, including time spent interacting with AI? Select the closest answer.",Not sure,full_sample,All,Not sure,15,797,1.94,0.62,0.92,4.08
q11_time_now,11,"What best describes how much time you currently spend on this task or tasks per week, including time spent interacting with AI? Select the closest answer.",1 hour or less,age_group,18–29,1 hour or less,26,157,16.79,4.53,9.65,27.6
q11_time_now,11,"What best describes how much time you currently spend on this task or tasks per week, including time spent interacting with AI? Select the closest answer.",More than 1 hour but less than 5 hours,age_group,18–29,1–5 hours,51,157,32.39,4.99,22.32,44.41
q11_time_now,11,"What best describes how much time you currently spend on this task or tasks per week, including time spent interacting with AI? Select the closest answer.",More than 5 hours but less than 10 hours,age_group,18–29,5–10 hours,42,157,26.67,3.59,17.48,38.44
q11_time_now,11,"What best describes how much time you currently spend on this task or tasks per week, including time spent interacting with AI? Select the closest answer.",More than 10 hours but less than 20 hours,age_group,18–29,10–20 hours,25,157,15.83,3.76,8.93,26.51
q11_time_now,11,"What best describes how much time you currently spend on this task or tasks per week, including time spent interacting with AI? Select the closest answer.",20 hours or more,age_group,18–29,20+ hours,8,157,4.9,1.82,1.74,13.05
q11_time_now,11,"What best describes how much time you currently spend on this task or tasks per week, including time spent interacting with AI? Select the closest answer.",Not sure,age_group,18–29,Not sure,5,157,3.42,1.93,1.01,10.99
q11_time_now,11,"What best describes how much time you currently spend on this task or tasks per week, including time spent interacting with AI? Select the closest answer.",1 hour or less,age_group,30–44,1 hour or less,78,313,24.78,3.8,18.07,32.98
q11_time_now,11,"What best describes how much time you currently spend on this task or tasks per week, including time spent interacting with AI? Select the closest answer.",More than 1 hour but less than 5 hours,age_group,30–44,1–5 hours,104,313,33.25,3.89,25.63,41.84
q11_time_now,11,"What best describes how much time you currently spend on this task or tasks per week, including time spent interacting with AI? Select the closest answer.",More than 5 hours but less than 10 hours,age_group,30–44,5–10 hours,81,313,25.75,3.77,18.92,34.0
q11_time_now,11,"What best describes how much time you currently spend on this task or tasks per week, including time spent interacting with AI? Select the closest answer.",More than 10 hours but less than 20 hours,age_group,30–44,10–20 hours,29,313,9.33,2.06,5.39,15.67
q11_time_now,11,"What best describes how much time you currently spend on this task or tasks per week, including time spent interacting with AI? Select the closest answer.",20 hours or more,age_group,30–44,20+ hours,17,313,5.55,1.34,2.71,11.0
q11_time_now,11,"What best describes how much time you currently spend on this task or tasks per week, including time spent interacting with AI? Select the closest answer.",Not sure,age_group,30–44,Not sure,4,313,1.35,0.68,0.34,5.23
q11_time_now,11,"What best describes how much time you currently spend on this task or tasks per week, including time spent interacting with AI? Select the closest answer.",1 hour or less,age_group,45–59,1 hour or less,44,224,19.93,4.07,13.09,29.14
q11_time_now,11,"What best describes how much time you currently spend on this task or tasks per week, including time spent interacting with AI? Select the closest answer.",More than 1 hour but less than 5 hours,age_group,45–59,1–5 hours,81,224,35.88,4.83,26.89,45.98
q11_time_now,11,"What best describes how much time you currently spend on this task or tasks per week, including time spent interacting with AI? Select the closest answer.",More than 5 hours but less than 10 hours,age_group,45–59,5–10 hours,55,224,24.11,3.96,16.58,33.69
q11_time_now,11,"What best describes how much time you currently spend on this task or tasks per week, including time spent interacting with AI? Select the closest answer.",More than 10 hours but less than 20 hours,age_group,45–59,10–20 hours,25,224,11.09,2.78,6.2,19.05
q11_time_now,11,"What best describes how much time you currently spend on this task or tasks per week, including time spent interacting with AI? Select the closest answer.",20 hours or more,age_group,45–59,20+ hours,17,224,8.11,3.11,4.09,15.43
q11_time_now,11,"What best describes how much time you currently spend on this task or tasks per week, including time spent interacting with AI? Select the closest answer.",Not sure,age_group,45–59,Not sure,2,224,0.88,0.63,0.14,5.5
q11_time_now,11,"What best describes how much time you currently spend on this task or tasks per week, including time spent interacting with AI? Select the closest answer.",1 hour or less,age_group,60+,1 hour or less,18,103,17.85,5.24,9.47,31.1
q11_time_now,11,"What best describes how much time you currently spend on this task or tasks per week, including time spent interacting with AI? Select the closest answer.",More than 1 hour but less than 5 hours,age_group,60+,1–5 hours,41,103,40.6,6.94,27.78,54.85
q11_time_now,11,"What best describes how much time you currently spend on this task or tasks per week, including time spent interacting with AI? Select the closest answer.",More than 5 hours but less than 10 hours,age_group,60+,5–10 hours,27,103,25.44,6.41,15.17,39.43
q11_time_now,11,"What best describes how much time you currently spend on this task or tasks per week, including time spent interacting with AI? Select the closest answer.",More than 10 hours but less than 20 hours,age_group,60+,10–20 hours,10,103,9.64,3.09,4.02,21.37
q11_time_now,11,"What best describes how much time you currently spend on this task or tasks per week, including time spent interacting with AI? Select the closest answer.",20 hours or more,age_group,60+,20+ hours,3,103,2.79,2.03,0.59,12.13
q11_time_now,11,"What best describes how much time you currently spend on this task or tasks per week, including time spent interacting with AI? Select the closest answer.",Not sure,age_group,60+,Not sure,4,103,3.68,2.84,0.93,13.45
q11_time_now,11,"What best describes how much time you currently spend on this task or tasks per week, including time spent interacting with AI? Select the closest answer.",1 hour or less,gender,Male,1 hour or less,104,469,22.33,2.89,17.02,28.72
q11_time_now,11,"What best describes how much time you currently spend on this task or tasks per week, including time spent interacting with AI? Select the closest answer.",More than 1 hour but less than 5 hours,gender,Male,1–5 hours,157,469,33.1,3.12,26.84,40.02
q11_time_now,11,"What best describes how much time you currently spend on this task or tasks per week, including time spent interacting with AI? Select the closest answer.",More than 5 hours but less than 10 hours,gender,Male,5–10 hours,124,469,26.46,2.83,20.73,33.11
q11_time_now,11,"What best describes how much time you currently spend on this task or tasks per week, including time spent interacting with AI? Select the closest answer.",More than 10 hours but less than 20 hours,gender,Male,10–20 hours,54,469,11.6,1.9,7.81,16.89
q11_time_now,11,"What best describes how much time you currently spend on this task or tasks per week, including time spent interacting with AI? Select the closest answer.",20 hours or more,gender,Male,20+ hours,25,469,5.42,1.49,3.01,9.58
q11_time_now,11,"What best describes how much time you currently spend on this task or tasks per week, including time spent interacting with AI? Select the closest answer.",Not sure,gender,Male,Not sure,5,469,1.09,0.49,0.31,3.79
q11_time_now,11,"What best describes how much time you currently spend on this task or tasks per week, including time spent interacting with AI? Select the closest answer.",1 hour or less,gender,Female,1 hour or less,62,328,18.97,3.41,13.29,26.36
q11_time_now,11,"What best describes how much time you currently spend on this task or tasks per week, including time spent interacting with AI? Select the closest answer.",More than 1 hour but less than 5 hours,gender,Female,1–5 hours,120,328,36.58,3.8,28.98,44.92
q11_time_now,11,"What best describes how much time you currently spend on this task or tasks per week, including time spent interacting with AI? Select the closest answer.",More than 5 hours but less than 10 hours,gender,Female,5–10 hours,81,328,24.15,3.18,17.75,31.97
q11_time_now,11,"What best describes how much time you currently spend on this task or tasks per week, including time spent interacting with AI? Select the closest answer.",More than 10 hours but less than 20 hours,gender,Female,10–20 hours,35,328,10.92,2.23,6.72,17.25
q11_time_now,11,"What best describes how much time you currently spend on this task or tasks per week, including time spent interacting with AI? Select the closest answer.",20 hours or more,gender,Female,20+ hours,20,328,6.3,1.66,3.3,11.68
q11_time_now,11,"What best describes how much time you currently spend on this task or tasks per week, including time spent interacting with AI? Select the closest answer.",Not sure,gender,Female,Not sure,10,328,3.08,1.29,1.23,7.49
q11_time_now,11,"What best describes how much time you currently spend on this task or tasks per week, including time spent interacting with AI? Select the closest answer.",1 hour or less,race_ethnicity,"White, Non-Hispanic",1 hour or less,92,460,20.26,2.7,15.26,26.38
q11_time_now,11,"What best describes how much time you currently spend on this task or tasks per week, including time spent interacting with AI? Select the closest answer.",More than 1 hour but less than 5 hours,race_ethnicity,"White, Non-Hispanic",1–5 hours,161,460,34.91,3.04,28.63,41.76
q11_time_now,11,"What best describes how much time you currently spend on this task or tasks per week, including time spent interacting with AI? Select the closest answer.",More than 5 hours but less than 10 hours,race_ethnicity,"White, Non-Hispanic",5–10 hours,132,460,28.64,2.9,22.81,35.28
q11_time_now,11,"What best describes how much time you currently spend on this task or tasks per week, including time spent interacting with AI? Select the closest answer.",More than 10 hours but less than 20 hours,race_ethnicity,"White, Non-Hispanic",10–20 hours,45,460,9.68,1.68,6.31,14.59
q11_time_now,11,"What best describes how much time you currently spend on this task or tasks per week, including time spent interacting with AI? Select the closest answer.",20 hours or more,race_ethnicity,"White, Non-Hispanic",20+ hours,22,460,4.79,1.11,2.59,8.71
q11_time_now,11,"What best describes how much time you currently spend on this task or tasks per week, including time spent interacting with AI? Select the closest answer.",Not sure,race_ethnicity,"White, Non-Hispanic",Not sure,8,460,1.72,0.76,0.63,4.64
q11_time_now,11,"What best describes how much time you currently spend on this task or tasks per week, including time spent interacting with AI? Select the closest answer.",1 hour or less,race_ethnicity,"Black, Non-Hispanic",1 hour or less,26,98,26.03,7.68,15.05,41.15
q11_time_now,11,"What best describes how much time you currently spend on this task or tasks per week, including time spent interacting with AI? Select the closest answer.",More than 1 hour but less than 5 hours,race_ethnicity,"Black, Non-Hispanic",1–5 hours,35,98,35.46,7.61,22.61,50.82
q11_time_now,11,"What best describes how much time you currently spend on this task or tasks per week, including time spent interacting with AI? Select the closest answer.",More than 5 hours but less than 10 hours,race_ethnicity,"Black, Non-Hispanic",5–10 hours,23,98,23.23,6.14,12.92,38.15
q11_time_now,11,"What best describes how much time you currently spend on this task or tasks per week, including time spent interacting with AI? Select the closest answer.",More than 10 hours but less than 20 hours,race_ethnicity,"Black, Non-Hispanic",10–20 hours,8,98,8.7,3.9,3.25,21.27
q11_time_now,11,"What best describes how much time you currently spend on this task or tasks per week, including time spent interacting with AI? Select the closest answer.",20 hours or more,race_ethnicity,"Black, Non-Hispanic",20+ hours,6,98,6.58,3.8,2.14,18.51
q11_time_now,11,"What best describes how much time you currently spend on this task or tasks per week, including time spent interacting with AI? Select the closest answer.",Not sure,race_ethnicity,"Black, Non-Hispanic",Not sure,0,98,0.0,0.0,0.0,8.63
q11_time_now,11,"What best describes how much time you currently spend on this task or tasks per week, including time spent interacting with AI? Select the closest answer.",1 hour or less,race_ethnicity,Hispanic,1 hour or less,29,126,23.26,6.44,13.56,36.93
q11_time_now,11,"What best describes how much time you currently spend on this task or tasks per week, including time spent interacting with AI? Select the closest answer.",More than 1 hour but less than 5 hours,race_ethnicity,Hispanic,1–5 hours,44,126,35.33,6.78,23.35,49.5
q11_time_now,11,"What best describes how much time you currently spend on this task or tasks per week, including time spent interacting with AI? Select the closest answer.",More than 5 hours but less than 10 hours,race_ethnicity,Hispanic,5–10 hours,27,126,21.56,4.53,12.27,35.08
q11_time_now,11,"What best describes how much time you currently spend on this task or tasks per week, including time spent interacting with AI? Select the closest answer.",More than 10 hours but less than 20 hours,race_ethnicity,Hispanic,10–20 hours,16,126,12.14,3.95,5.61,24.29
q11_time_now,11,"What best describes how much time you currently spend on this task or tasks per week, including time spent interacting with AI? Select the closest answer.",20 hours or more,race_ethnicity,Hispanic,20+ hours,6,126,4.55,1.74,1.32,14.54
q11_time_now,11,"What best describes how much time you currently spend on this task or tasks per week, including time spent interacting with AI? Select the closest answer.",Not sure,race_ethnicity,Hispanic,Not sure,4,126,3.16,1.56,0.74,12.54
q11_time_now,11,"What best describes how much time you currently spend on this task or tasks per week, including time spent interacting with AI? Select the closest answer.",1 hour or less,race_ethnicity,"Other/2+, Non-Hispanic",1 hour or less,19,113,16.13,4.7,8.2,29.27
q11_time_now,11,"What best describes how much time you currently spend on this task or tasks per week, including time spent interacting with AI? Select the closest answer.",More than 1 hour but less than 5 hours,race_ethnicity,"Other/2+, Non-Hispanic",1–5 hours,37,113,31.96,5.86,20.33,46.36
q11_time_now,11,"What best describes how much time you currently spend on this task or tasks per week, including time spent interacting with AI? Select the closest answer.",More than 5 hours but less than 10 hours,race_ethnicity,"Other/2+, Non-Hispanic",5–10 hours,23,113,20.65,5.38,11.45,34.37
q11_time_now,11,"What best describes how much time you currently spend on this task or tasks per week, including time spent interacting with AI? Select the closest answer.",More than 10 hours but less than 20 hours,race_ethnicity,"Other/2+, Non-Hispanic",10–20 hours,20,113,18.21,4.68,9.68,31.65
q11_time_now,11,"What best describes how much time you currently spend on this task or tasks per week, including time spent interacting with AI? Select the closest answer.",20 hours or more,race_ethnicity,"Other/2+, Non-Hispanic",20+ hours,11,113,10.02,4.6,4.22,21.98
q11_time_now,11,"What best describes how much time you currently spend on this task or tasks per week, including time spent interacting with AI? Select the closest answer.",Not sure,race_ethnicity,"Other/2+, Non-Hispanic",Not sure,3,113,3.02,2.47,0.67,12.61
q11_time_now,11,"What best describes how much time you currently spend on this task or tasks per week, including time spent interacting with AI? Select the closest answer.",1 hour or less,region,Northeast,1 hour or less,14,141,9.78,2.94,4.46,20.14
q11_time_now,11,"What best describes how much time you currently spend on this task or tasks per week, including time spent interacting with AI? Select the closest answer.",More than 1 hour but less than 5 hours,region,Northeast,1–5 hours,57,141,41.08,5.99,29.32,53.94
q11_time_now,11,"What best describes how much time you currently spend on this task or tasks per week, including time spent interacting with AI? Select the closest answer.",More than 5 hours but less than 10 hours,region,Northeast,5–10 hours,42,141,29.23,5.2,19.09,41.97
q11_time_now,11,"What best describes how much time you currently spend on this task or tasks per week, including time spent interacting with AI? Select the closest answer.",More than 10 hours but less than 20 hours,region,Northeast,10–20 hours,24,141,16.87,4.32,9.35,28.53
q11_time_now,11,"What best describes how much time you currently spend on this task or tasks per week, including time spent interacting with AI? Select the closest answer.",20 hours or more,region,Northeast,20+ hours,4,141,3.04,1.53,0.77,11.17
q11_time_now,11,"What best describes how much time you currently spend on this task or tasks per week, including time spent interacting with AI? Select the closest answer.",Not sure,region,Northeast,Not sure,0,141,0.0,0.0,0.0,6.25
q11_time_now,11,"What best describes how much time you currently spend on this task or tasks per week, including time spent interacting with AI? Select the closest answer.",1 hour or less,region,Midwest,1 hour or less,35,127,26.34,6.34,16.65,39.04
q11_time_now,11,"What best describes how much time you currently spend on this task or tasks per week, including time spent interacting with AI? Select the closest answer.",More than 1 hour but less than 5 hours,region,Midwest,1–5 hours,43,127,34.23,6.04,23.24,47.22
q11_time_now,11,"What best describes how much time you currently spend on this task or tasks per week, including time spent interacting with AI? Select the closest answer.",More than 5 hours but less than 10 hours,region,Midwest,5–10 hours,32,127,25.58,5.64,16.03,38.23
q11_time_now,11,"What best describes how much time you currently spend on this task or tasks per week, including time spent interacting with AI? Select the closest answer.",More than 10 hours but less than 20 hours,region,Midwest,10–20 hours,11,127,8.84,2.99,3.84,19.06
q11_time_now,11,"What best describes how much time you currently spend on this task or tasks per week, including time spent interacting with AI? Select the closest answer.",20 hours or more,region,Midwest,20+ hours,5,127,4.22,1.78,1.29,12.96
q11_time_now,11,"What best describes how much time you currently spend on this task or tasks per week, including time spent interacting with AI? Select the closest answer.",Not sure,region,Midwest,Not sure,1,127,0.8,0.81,0.08,7.76
q11_time_now,11,"What best describes how much time you currently spend on this task or tasks per week, including time spent interacting with AI? Select the closest answer.",1 hour or less,region,South,1 hour or less,64,320,20.19,3.54,14.27,27.77
q11_time_now,11,"What best describes how much time you currently spend on this task or tasks per week, including time spent interacting with AI? Select the closest answer.",More than 1 hour but less than 5 hours,region,South,1–5 hours,110,320,33.94,4.01,26.47,42.3
q11_time_now,11,"What best describes how much time you currently spend on this task or tasks per week, including time spent interacting with AI? Select the closest answer.",More than 5 hours but less than 10 hours,region,South,5–10 hours,78,320,23.93,3.07,17.5,31.82
q11_time_now,11,"What best describes how much time you currently spend on this task or tasks per week, including time spent interacting with AI? Select the closest answer.",More than 10 hours but less than 20 hours,region,South,10–20 hours,37,320,11.69,2.26,7.29,18.23
q11_time_now,11,"What best describes how much time you currently spend on this task or tasks per week, including time spent interacting with AI? Select the closest answer.",20 hours or more,region,South,20+ hours,24,320,7.8,2.3,4.35,13.6
q11_time_now,11,"What best describes how much time you currently spend on this task or tasks per week, including time spent interacting with AI? Select the closest answer.",Not sure,region,South,Not sure,7,320,2.45,1.14,0.87,6.67
q11_time_now,11,"What best describes how much time you currently spend on this task or tasks per week, including time spent interacting with AI? Select the closest answer.",1 hour or less,region,West,1 hour or less,53,209,26.26,4.56,17.94,36.71
q11_time_now,11,"What best describes how much time you currently spend on this task or tasks per week, including time spent interacting with AI? Select the closest answer.",More than 1 hour but less than 5 hours,region,West,1–5 hours,67,209,31.48,4.19,22.43,42.19
q11_time_now,11,"What best describes how much time you currently spend on this task or tasks per week, including time spent interacting with AI? Select the closest answer.",More than 5 hours but less than 10 hours,region,West,5–10 hours,53,209,25.26,4.35,17.09,35.65
q11_time_now,11,"What best describes how much time you currently spend on this task or tasks per week, including time spent interacting with AI? Select the closest answer.",More than 10 hours but less than 20 hours,region,West,10–20 hours,17,209,8.4,2.49,4.1,16.43
q11_time_now,11,"What best describes how much time you currently spend on this task or tasks per week, including time spent interacting with AI? Select the closest answer.",20 hours or more,region,West,20+ hours,12,209,5.47,1.64,2.25,12.69
q11_time_now,11,"What best describes how much time you currently spend on this task or tasks per week, including time spent interacting with AI? Select the closest answer.",Not sure,region,West,Not sure,7,209,3.14,1.49,0.99,9.5
q11_time_now,11,"What best describes how much time you currently spend on this task or tasks per week, including time spent interacting with AI? Select the closest answer.",1 hour or less,education,Less than HS,1 hour or less,5,17,29.62,12.4,9.85,61.85
q11_time_now,11,"What best describes how much time you currently spend on this task or tasks per week, including time spent interacting with AI? Select the closest answer.",More than 1 hour but less than 5 hours,education,Less than HS,1–5 hours,6,17,35.74,10.83,13.25,66.95
q11_time_now,11,"What best describes how much time you currently spend on this task or tasks per week, including time spent interacting with AI? Select the closest answer.",More than 5 hours but less than 10 hours,education,Less than HS,5–10 hours,4,17,23.3,17.26,6.71,56.22
q11_time_now,11,"What best describes how much time you currently spend on this task or tasks per week, including time spent interacting with AI? Select the closest answer.",More than 10 hours but less than 20 hours,education,Less than HS,10–20 hours,1,17,5.24,5.76,0.51,37.33
q11_time_now,11,"What best describes how much time you currently spend on this task or tasks per week, including time spent interacting with AI? Select the closest answer.",20 hours or more,education,Less than HS,20+ hours,0,17,0.0,0.0,0.0,30.56
q11_time_now,11,"What best describes how much time you currently spend on this task or tasks per week, including time spent interacting with AI? Select the closest answer.",Not sure,education,Less than HS,Not sure,1,17,6.1,5.82,0.67,38.36
q11_time_now,11,"What best describes how much time you currently spend on this task or tasks per week, including time spent interacting with AI? Select the closest answer.",1 hour or less,education,High school,1 hour or less,14,101,13.55,5.64,6.21,27.05
q11_time_now,11,"What best describes how much time you currently spend on this task or tasks per week, including time spent interacting with AI? Select the closest answer.",More than 1 hour but less than 5 hours,education,High school,1–5 hours,32,101,32.73,7.03,20.47,47.92
q11_time_now,11,"What best describes how much time you currently spend on this task or tasks per week, including time spent interacting with AI? Select the closest answer.",More than 5 hours but less than 10 hours,education,High school,5–10 hours,30,101,29.26,5.57,17.67,44.36
q11_time_now,11,"What best describes how much time you currently spend on this task or tasks per week, including time spent interacting with AI? Select the closest answer.",More than 10 hours but less than 20 hours,education,High school,10–20 hours,13,101,12.31,3.89,5.42,25.57
q11_time_now,11,"What best describes how much time you currently spend on this task or tasks per week, including time spent interacting with AI? Select the closest answer.",20 hours or more,education,High school,20+ hours,7,101,6.78,2.69,2.26,18.61
q11_time_now,11,"What best describes how much time you currently spend on this task or tasks per week, including time spent interacting with AI? Select the closest answer.",Not sure,education,High school,Not sure,5,101,5.36,3.13,1.58,16.7
q11_time_now,11,"What best describes how much time you currently spend on this task or tasks per week, including time spent interacting with AI? Select the closest answer.",1 hour or less,education,Some college,1 hour or less,46,166,27.4,5.45,18.3,38.88
q11_time_now,11,"What best describes how much time you currently spend on this task or tasks per week, including time spent interacting with AI? Select the closest answer.",More than 1 hour but less than 5 hours,education,Some college,1–5 hours,65,166,38.5,5.4,27.94,50.27
q11_time_now,11,"What best describes how much time you currently spend on this task or tasks per week, including time spent interacting with AI? Select the closest answer.",More than 5 hours but less than 10 hours,education,Some college,5–10 hours,35,166,20.98,4.43,13.05,31.96
q11_time_now,11,"What best describes how much time you currently spend on this task or tasks per week, including time spent interacting with AI? Select the closest answer.",More than 10 hours but less than 20 hours,education,Some college,10–20 hours,12,166,7.86,2.71,3.52,16.62
q11_time_now,11,"What best describes how much time you currently spend on this task or tasks per week, including time spent interacting with AI? Select the closest answer.",20 hours or more,education,Some college,20+ hours,6,166,4.07,2.34,1.35,11.61
q11_time_now,11,"What best describes how much time you currently spend on this task or tasks per week, including time spent interacting with AI? Select the closest answer.",Not sure,education,Some college,Not sure,2,166,1.19,0.85,0.18,7.32
q11_time_now,11,"What best describes how much time you currently spend on this task or tasks per week, including time spent interacting with AI? Select the closest answer.",1 hour or less,education,Bachelor+,1 hour or less,101,513,19.88,2.66,15.05,25.8
q11_time_now,11,"What best describes how much time you currently spend on this task or tasks per week, including time spent interacting with AI? Select the closest answer.",More than 1 hour but less than 5 hours,education,Bachelor+,1–5 hours,174,513,33.59,3.01,27.55,40.22
q11_time_now,11,"What best describes how much time you currently spend on this task or tasks per week, including time spent interacting with AI? Select the closest answer.",More than 5 hours but less than 10 hours,education,Bachelor+,5–10 hours,136,513,26.29,2.69,20.8,32.63
q11_time_now,11,"What best describes how much time you currently spend on this task or tasks per week, including time spent interacting with AI? Select the closest answer.",More than 10 hours but less than 20 hours,education,Bachelor+,10–20 hours,63,513,12.52,1.92,8.71,17.68
q11_time_now,11,"What best describes how much time you currently spend on this task or tasks per week, including time spent interacting with AI? Select the closest answer.",20 hours or more,education,Bachelor+,20+ hours,32,513,6.41,1.47,3.82,10.57
q11_time_now,11,"What best describes how much time you currently spend on this task or tasks per week, including time spent interacting with AI? Select the closest answer.",Not sure,education,Bachelor+,Not sure,7,513,1.3,0.63,0.42,3.92
q11_time_now,11,"What best describes how much time you currently spend on this task or tasks per week, including time spent interacting with AI? Select the closest answer.",1 hour or less,income,Under $25K,1 hour or less,11,51,21.34,9.77,9.12,42.32
q11_time_now,11,"What best describes how much time you currently spend on this task or tasks per week, including time spent interacting with AI? Select the closest answer.",More than 1 hour but less than 5 hours,income,Under $25K,1–5 hours,20,51,38.51,9.6,21.17,59.37
q11_time_now,11,"What best describes how much time you currently spend on this task or tasks per week, including time spent interacting with AI? Select the closest answer.",More than 5 hours but less than 10 hours,income,Under $25K,5–10 hours,11,51,22.17,9.15,9.64,43.2
q11_time_now,11,"What best describes how much time you currently spend on this task or tasks per week, including time spent interacting with AI? Select the closest answer.",More than 10 hours but less than 20 hours,income,Under $25K,10–20 hours,5,51,10.46,5.39,3.1,29.9
q11_time_now,11,"What best describes how much time you currently spend on this task or tasks per week, including time spent interacting with AI? Select the closest answer.",20 hours or more,income,Under $25K,20+ hours,2,51,3.62,3.7,0.53,20.88
q11_time_now,11,"What best describes how much time you currently spend on this task or tasks per week, including time spent interacting with AI? Select the closest answer.",Not sure,income,Under $25K,Not sure,2,51,3.89,2.78,0.6,21.27
q11_time_now,11,"What best describes how much time you currently spend on this task or tasks per week, including time spent interacting with AI? Select the closest answer.",1 hour or less,income,$25K–$50K,1 hour or less,15,57,25.99,9.89,12.39,46.59
q11_time_now,11,"What best describes how much time you currently spend on this task or tasks per week, including time spent interacting with AI? Select the closest answer.",More than 1 hour but less than 5 hours,income,$25K–$50K,1–5 hours,16,57,28.32,8.27,14.0,48.96
q11_time_now,11,"What best describes how much time you currently spend on this task or tasks per week, including time spent interacting with AI? Select the closest answer.",More than 5 hours but less than 10 hours,income,$25K–$50K,5–10 hours,12,57,22.06,6.82,9.79,42.47
q11_time_now,11,"What best describes how much time you currently spend on this task or tasks per week, including time spent interacting with AI? Select the closest answer.",More than 10 hours but less than 20 hours,income,$25K–$50K,10–20 hours,4,57,7.0,3.91,1.68,24.83
q11_time_now,11,"What best describes how much time you currently spend on this task or tasks per week, including time spent interacting with AI? Select the closest answer.",20 hours or more,income,$25K–$50K,20+ hours,9,57,15.12,9.03,5.61,34.78
q11_time_now,11,"What best describes how much time you currently spend on this task or tasks per week, including time spent interacting with AI? Select the closest answer.",Not sure,income,$25K–$50K,Not sure,1,57,1.5,1.54,0.11,17.02
q11_time_now,11,"What best describes how much time you currently spend on this task or tasks per week, including time spent interacting with AI? Select the closest answer.",1 hour or less,income,$50K–$75K,1 hour or less,11,47,21.52,8.68,8.51,44.72
q11_time_now,11,"What best describes how much time you currently spend on this task or tasks per week, including time spent interacting with AI? Select the closest answer.",More than 1 hour but less than 5 hours,income,$50K–$75K,1–5 hours,19,47,41.89,11.15,22.43,64.25
q11_time_now,11,"What best describes how much time you currently spend on this task or tasks per week, including time spent interacting with AI? Select the closest answer.",More than 5 hours but less than 10 hours,income,$50K–$75K,5–10 hours,7,47,14.17,6.23,4.5,36.65
q11_time_now,11,"What best describes how much time you currently spend on this task or tasks per week, including time spent interacting with AI? Select the closest answer.",More than 10 hours but less than 20 hours,income,$50K–$75K,10–20 hours,4,47,9.49,5.31,2.38,31.08
q11_time_now,11,"What best describes how much time you currently spend on this task or tasks per week, including time spent interacting with AI? Select the closest answer.",20 hours or more,income,$50K–$75K,20+ hours,4,47,8.73,5.03,2.08,30.14
q11_time_now,11,"What best describes how much time you currently spend on this task or tasks per week, including time spent interacting with AI? Select the closest answer.",Not sure,income,$50K–$75K,Not sure,2,47,4.2,3.17,0.6,24.17
q11_time_now,11,"What best describes how much time you currently spend on this task or tasks per week, including time spent interacting with AI? Select the closest answer.",1 hour or less,income,$75K–$100K,1 hour or less,16,72,23.03,6.74,12.39,38.77
q11_time_now,11,"What best describes how much time you currently spend on this task or tasks per week, including time spent interacting with AI? Select the closest answer.",More than 1 hour but less than 5 hours,income,$75K–$100K,1–5 hours,23,72,32.16,6.7,19.39,48.3
q11_time_now,11,"What best describes how much time you currently spend on this task or tasks per week, including time spent interacting with AI? Select the closest answer.",More than 5 hours but less than 10 hours,income,$75K–$100K,5–10 hours,27,72,36.3,7.62,22.75,52.43
q11_time_now,11,"What best describes how much time you currently spend on this task or tasks per week, including time spent interacting with AI? Select the closest answer.",More than 10 hours but less than 20 hours,income,$75K–$100K,10–20 hours,3,72,4.38,2.43,1.07,16.32
q11_time_now,11,"What best describes how much time you currently spend on this task or tasks per week, including time spent interacting with AI? Select the closest answer.",20 hours or more,income,$75K–$100K,20+ hours,3,72,4.13,2.33,0.97,15.96
q11_time_now,11,"What best describes how much time you currently spend on this task or tasks per week, including time spent interacting with AI? Select the closest answer.",Not sure,income,$75K–$100K,Not sure,0,72,0.0,0.0,0.0,9.45
q11_time_now,11,"What best describes how much time you currently spend on this task or tasks per week, including time spent interacting with AI? Select the closest answer.",1 hour or less,income,$100K+,1 hour or less,113,570,19.88,2.55,15.28,25.46
q11_time_now,11,"What best describes how much time you currently spend on this task or tasks per week, including time spent interacting with AI? Select the closest answer.",More than 1 hour but less than 5 hours,income,$100K+,1–5 hours,199,570,34.67,2.91,28.87,40.96
q11_time_now,11,"What best describes how much time you currently spend on this task or tasks per week, including time spent interacting with AI? Select the closest answer.",More than 5 hours but less than 10 hours,income,$100K+,5–10 hours,148,570,25.83,2.52,20.65,31.79
q11_time_now,11,"What best describes how much time you currently spend on this task or tasks per week, including time spent interacting with AI? Select the closest answer.",More than 10 hours but less than 20 hours,income,$100K+,10–20 hours,73,570,12.95,1.85,9.24,17.85
q11_time_now,11,"What best describes how much time you currently spend on this task or tasks per week, including time spent interacting with AI? Select the closest answer.",20 hours or more,income,$100K+,20+ hours,27,570,4.81,0.9,2.72,8.35
q11_time_now,11,"What best describes how much time you currently spend on this task or tasks per week, including time spent interacting with AI? Select the closest answer.",Not sure,income,$100K+,Not sure,10,570,1.86,0.79,0.75,4.52
q11_time_now,11,"What best describes how much time you currently spend on this task or tasks per week, including time spent interacting with AI? Select the closest answer.",1 hour or less,employment,Full-time,1 hour or less,141,701,20.19,2.35,15.94,25.24
q11_time_now,11,"What best describes how much time you currently spend on this task or tasks per week, including time spent interacting with AI? Select the closest answer.",More than 1 hour but less than 5 hours,employment,Full-time,1–5 hours,250,701,35.72,2.64,30.38,41.44
q11_time_now,11,"What best describes how much time you currently spend on this task or tasks per week, including time spent interacting with AI? Select the closest answer.",More than 5 hours but less than 10 hours,employment,Full-time,5–10 hours,180,701,25.44,2.27,20.73,30.79
q11_time_now,11,"What best describes how much time you currently spend on this task or tasks per week, including time spent interacting with AI? Select the closest answer.",More than 10 hours but less than 20 hours,employment,Full-time,10–20 hours,79,701,11.32,1.55,8.14,15.52
q11_time_now,11,"What best describes how much time you currently spend on this task or tasks per week, including time spent interacting with AI? Select the closest answer.",20 hours or more,employment,Full-time,20+ hours,38,701,5.53,1.0,3.42,8.83
q11_time_now,11,"What best describes how much time you currently spend on this task or tasks per week, including time spent interacting with AI? Select the closest answer.",Not sure,employment,Full-time,Not sure,13,701,1.8,0.58,0.78,4.11
q11_time_now,11,"What best describes how much time you currently spend on this task or tasks per week, including time spent interacting with AI? Select the closest answer.",1 hour or less,employment,Part-time,1 hour or less,25,96,25.68,6.35,15.12,40.13
q11_time_now,11,"What best describes how much time you currently spend on this task or tasks per week, including time spent interacting with AI? Select the closest answer.",More than 1 hour but less than 5 hours,employment,Part-time,1–5 hours,27,96,26.84,5.25,16.03,41.36
q11_time_now,11,"What best describes how much time you currently spend on this task or tasks per week, including time spent interacting with AI? Select the closest answer.",More than 5 hours but less than 10 hours,employment,Part-time,5–10 hours,25,96,25.7,5.73,15.14,40.15
q11_time_now,11,"What best describes how much time you currently spend on this task or tasks per week, including time spent interacting with AI? Select the closest answer.",More than 10 hours but less than 20 hours,employment,Part-time,10–20 hours,10,96,11.21,3.95,4.87,23.75
q11_time_now,11,"What best describes how much time you currently spend on this task or tasks per week, including time spent interacting with AI? Select the closest answer.",20 hours or more,employment,Part-time,20+ hours,7,96,7.65,5.37,2.79,19.28
q11_time_now,11,"What best describes how much time you currently spend on this task or tasks per week, including time spent interacting with AI? Select the closest answer.",Not sure,employment,Part-time,Not sure,2,96,2.91,2.9,0.61,12.74
q11_time_now,11,"What best describes how much time you currently spend on this task or tasks per week, including time spent interacting with AI? Select the closest answer.",1 hour or less,task,Maintaining operational records,1 hour or less,15,70,21.43,4.96,14.46,30.55
q11_time_now,11,"What best describes how much time you currently spend on this task or tasks per week, including time spent interacting with AI? Select the closest answer.",More than 1 hour but less than 5 hours,task,Maintaining operational records,1–5 hours,18,70,24.68,5.16,17.2,34.07
q11_time_now,11,"What best describes how much time you currently spend on this task or tasks per week, including time spent interacting with AI? Select the closest answer.",More than 5 hours but less than 10 hours,task,Maintaining operational records,5–10 hours,19,70,26.28,5.28,18.57,35.77
q11_time_now,11,"What best describes how much time you currently spend on this task or tasks per week, including time spent interacting with AI? Select the closest answer.",More than 10 hours but less than 20 hours,task,Maintaining operational records,10–20 hours,12,70,17.67,4.68,11.38,26.41
q11_time_now,11,"What best describes how much time you currently spend on this task or tasks per week, including time spent interacting with AI? Select the closest answer.",20 hours or more,task,Maintaining operational records,20+ hours,3,70,4.68,2.67,1.95,10.84
q11_time_now,11,"What best describes how much time you currently spend on this task or tasks per week, including time spent interacting with AI? Select the closest answer.",Not sure,task,Maintaining operational records,Not sure,3,70,5.26,2.99,2.3,11.61
q11_time_now,11,"What best describes how much time you currently spend on this task or tasks per week, including time spent interacting with AI? Select the closest answer.",1 hour or less,task,"Developing policies, systems, or processes",1 hour or less,25,101,25.34,4.42,18.89,33.09
q11_time_now,11,"What best describes how much time you currently spend on this task or tasks per week, including time spent interacting with AI? Select the closest answer.",More than 1 hour but less than 5 hours,task,"Developing policies, systems, or processes",1–5 hours,37,101,35.9,4.8,28.47,44.09
q11_time_now,11,"What best describes how much time you currently spend on this task or tasks per week, including time spent interacting with AI? Select the closest answer.",More than 5 hours but less than 10 hours,task,"Developing policies, systems, or processes",5–10 hours,25,101,23.95,4.24,17.67,31.61
q11_time_now,11,"What best describes how much time you currently spend on this task or tasks per week, including time spent interacting with AI? Select the closest answer.",More than 10 hours but less than 20 hours,task,"Developing policies, systems, or processes",10–20 hours,8,101,8.14,2.79,4.67,13.83
q11_time_now,11,"What best describes how much time you currently spend on this task or tasks per week, including time spent interacting with AI? Select the closest answer.",20 hours or more,task,"Developing policies, systems, or processes",20+ hours,2,101,2.37,1.67,0.86,6.41
q11_time_now,11,"What best describes how much time you currently spend on this task or tasks per week, including time spent interacting with AI? Select the closest answer.",Not sure,task,"Developing policies, systems, or processes",Not sure,4,101,4.29,2.16,1.99,9.01
q11_time_now,11,"What best describes how much time you currently spend on this task or tasks per week, including time spent interacting with AI? Select the closest answer.",1 hour or less,task,Reading documents to inform work,1 hour or less,23,125,17.69,3.39,12.74,24.02
q11_time_now,11,"What best describes how much time you currently spend on this task or tasks per week, including time spent interacting with AI? Select the closest answer.",More than 1 hour but less than 5 hours,task,Reading documents to inform work,1–5 hours,42,125,34.18,4.31,27.55,41.48
q11_time_now,11,"What best describes how much time you currently spend on this task or tasks per week, including time spent interacting with AI? Select the closest answer.",More than 5 hours but less than 10 hours,task,Reading documents to inform work,5–10 hours,34,125,27.39,4.05,21.32,34.43
q11_time_now,11,"What best describes how much time you currently spend on this task or tasks per week, including time spent interacting with AI? Select the closest answer.",More than 10 hours but less than 20 hours,task,Reading documents to inform work,10–20 hours,19,125,15.12,3.25,10.56,21.18
q11_time_now,11,"What best describes how much time you currently spend on this task or tasks per week, including time spent interacting with AI? Select the closest answer.",20 hours or more,task,Reading documents to inform work,20+ hours,6,125,4.97,2.0,2.61,9.27
q11_time_now,11,"What best describes how much time you currently spend on this task or tasks per week, including time spent interacting with AI? Select the closest answer.",Not sure,task,Reading documents to inform work,Not sure,1,125,0.66,0.66,0.13,3.31
q11_time_now,11,"What best describes how much time you currently spend on this task or tasks per week, including time spent interacting with AI? Select the closest answer.",1 hour or less,task,Determining values or prices,1 hour or less,14,45,31.38,7.04,21.3,43.6
q11_time_now,11,"What best describes how much time you currently spend on this task or tasks per week, including time spent interacting with AI? Select the closest answer.",More than 1 hour but less than 5 hours,task,Determining values or prices,1–5 hours,17,45,37.36,7.31,26.49,49.67
q11_time_now,11,"What best describes how much time you currently spend on this task or tasks per week, including time spent interacting with AI? Select the closest answer.",More than 5 hours but less than 10 hours,task,Determining values or prices,5–10 hours,9,45,20.02,6.06,12.01,31.46
q11_time_now,11,"What best describes how much time you currently spend on this task or tasks per week, including time spent interacting with AI? Select the closest answer.",More than 10 hours but less than 20 hours,task,Determining values or prices,10–20 hours,2,45,5.11,3.55,1.82,13.54
q11_time_now,11,"What best describes how much time you currently spend on this task or tasks per week, including time spent interacting with AI? Select the closest answer.",20 hours or more,task,Determining values or prices,20+ hours,2,45,4.29,3.0,1.4,12.41
q11_time_now,11,"What best describes how much time you currently spend on this task or tasks per week, including time spent interacting with AI? Select the closest answer.",Not sure,task,Determining values or prices,Not sure,1,45,1.83,1.84,0.36,8.82
q11_time_now,11,"What best describes how much time you currently spend on this task or tasks per week, including time spent interacting with AI? Select the closest answer.",1 hour or less,task,Analyzing or evaluating data,1 hour or less,30,140,21.72,3.54,16.52,28.0
q11_time_now,11,"What best describes how much time you currently spend on this task or tasks per week, including time spent interacting with AI? Select the closest answer.",More than 1 hour but less than 5 hours,task,Analyzing or evaluating data,1–5 hours,52,140,36.78,4.11,30.34,43.72
q11_time_now,11,"What best describes how much time you currently spend on this task or tasks per week, including time spent interacting with AI? Select the closest answer.",More than 5 hours but less than 10 hours,task,Analyzing or evaluating data,5–10 hours,28,140,19.62,3.37,14.67,25.74
q11_time_now,11,"What best describes how much time you currently spend on this task or tasks per week, including time spent interacting with AI? Select the closest answer.",More than 10 hours but less than 20 hours,task,Analyzing or evaluating data,10–20 hours,15,140,11.04,2.71,7.38,16.2
q11_time_now,11,"What best describes how much time you currently spend on this task or tasks per week, including time spent interacting with AI? Select the closest answer.",20 hours or more,task,Analyzing or evaluating data,20+ hours,11,140,7.96,2.34,4.93,12.61
q11_time_now,11,"What best describes how much time you currently spend on this task or tasks per week, including time spent interacting with AI? Select the closest answer.",Not sure,task,Analyzing or evaluating data,Not sure,4,140,2.88,1.42,1.29,6.27
q11_time_now,11,"What best describes how much time you currently spend on this task or tasks per week, including time spent interacting with AI? Select the closest answer.",1 hour or less,task,Designing computer or information systems,1 hour or less,6,53,12.09,4.66,6.49,21.41
q11_time_now,11,"What best describes how much time you currently spend on this task or tasks per week, including time spent interacting with AI? Select the closest answer.",More than 1 hour but less than 5 hours,task,Designing computer or information systems,1–5 hours,12,53,22.15,5.74,14.22,32.82
q11_time_now,11,"What best describes how much time you currently spend on this task or tasks per week, including time spent interacting with AI? Select the closest answer.",More than 5 hours but less than 10 hours,task,Designing computer or information systems,5–10 hours,16,53,30.68,6.47,21.36,41.88
q11_time_now,11,"What best describes how much time you currently spend on this task or tasks per week, including time spent interacting with AI? Select the closest answer.",More than 10 hours but less than 20 hours,task,Designing computer or information systems,10–20 hours,12,53,22.15,5.74,14.21,32.81
q11_time_now,11,"What best describes how much time you currently spend on this task or tasks per week, including time spent interacting with AI? Select the closest answer.",20 hours or more,task,Designing computer or information systems,20+ hours,7,53,12.93,4.62,7.1,22.41
q11_time_now,11,"What best describes how much time you currently spend on this task or tasks per week, including time spent interacting with AI? Select the closest answer.",Not sure,task,Designing computer or information systems,Not sure,0,53,0.0,0.0,0.0,4.91
q11_time_now,11,"What best describes how much time you currently spend on this task or tasks per week, including time spent interacting with AI? Select the closest answer.",1 hour or less,task,"Preparing contracts, applications, or permits",1 hour or less,13,70,18.37,4.67,11.95,27.19
q11_time_now,11,"What best describes how much time you currently spend on this task or tasks per week, including time spent interacting with AI? Select the closest answer.",More than 1 hour but less than 5 hours,task,"Preparing contracts, applications, or permits",1–5 hours,26,70,36.72,5.83,27.84,46.6
q11_time_now,11,"What best describes how much time you currently spend on this task or tasks per week, including time spent interacting with AI? Select the closest answer.",More than 5 hours but less than 10 hours,task,"Preparing contracts, applications, or permits",5–10 hours,22,70,31.78,5.67,23.39,41.54
q11_time_now,11,"What best describes how much time you currently spend on this task or tasks per week, including time spent interacting with AI? Select the closest answer.",More than 10 hours but less than 20 hours,task,"Preparing contracts, applications, or permits",10–20 hours,5,70,7.5,3.27,3.74,14.47
q11_time_now,11,"What best describes how much time you currently spend on this task or tasks per week, including time spent interacting with AI? Select the closest answer.",20 hours or more,task,"Preparing contracts, applications, or permits",20+ hours,2,70,3.01,2.11,1.02,8.55
q11_time_now,11,"What best describes how much time you currently spend on this task or tasks per week, including time spent interacting with AI? Select the closest answer.",Not sure,task,"Preparing contracts, applications, or permits",Not sure,2,70,2.62,1.85,0.83,7.99
q11_time_now,11,"What best describes how much time you currently spend on this task or tasks per week, including time spent interacting with AI? Select the closest answer.",1 hour or less,task,Explaining or providing info to clients,1 hour or less,28,117,23.84,3.98,17.95,30.92
q11_time_now,11,"What best describes how much time you currently spend on this task or tasks per week, including time spent interacting with AI? Select the closest answer.",More than 1 hour but less than 5 hours,task,Explaining or providing info to clients,1–5 hours,41,117,35.54,4.5,28.62,43.14
q11_time_now,11,"What best describes how much time you currently spend on this task or tasks per week, including time spent interacting with AI? Select the closest answer.",More than 5 hours but less than 10 hours,task,Explaining or providing info to clients,5–10 hours,31,117,25.7,4.05,19.62,32.91
q11_time_now,11,"What best describes how much time you currently spend on this task or tasks per week, including time spent interacting with AI? Select the closest answer.",More than 10 hours but less than 20 hours,task,Explaining or providing info to clients,10–20 hours,9,117,7.9,2.55,4.66,13.06
q11_time_now,11,"What best describes how much time you currently spend on this task or tasks per week, including time spent interacting with AI? Select the closest answer.",20 hours or more,task,Explaining or providing info to clients,20+ hours,8,117,7.02,2.41,4.01,12.0
q11_time_now,11,"What best describes how much time you currently spend on this task or tasks per week, including time spent interacting with AI? Select the closest answer.",Not sure,task,Explaining or providing info to clients,Not sure,0,117,0.0,0.0,0.0,2.3
q11_time_now,11,"What best describes how much time you currently spend on this task or tasks per week, including time spent interacting with AI? Select the closest answer.",1 hour or less,task,Advising on business or operational matters,1 hour or less,7,52,13.35,4.76,7.36,23.01
q11_time_now,11,"What best describes how much time you currently spend on this task or tasks per week, including time spent interacting with AI? Select the closest answer.",More than 1 hour but less than 5 hours,task,Advising on business or operational matters,1–5 hours,20,52,38.53,6.85,28.21,50.0
q11_time_now,11,"What best describes how much time you currently spend on this task or tasks per week, including time spent interacting with AI? Select the closest answer.",More than 5 hours but less than 10 hours,task,Advising on business or operational matters,5–10 hours,17,52,33.48,6.69,23.72,44.89
q11_time_now,11,"What best describes how much time you currently spend on this task or tasks per week, including time spent interacting with AI? Select the closest answer.",More than 10 hours but less than 20 hours,task,Advising on business or operational matters,10–20 hours,5,52,9.23,4.01,4.48,18.06
q11_time_now,11,"What best describes how much time you currently spend on this task or tasks per week, including time spent interacting with AI? Select the closest answer.",20 hours or more,task,Advising on business or operational matters,20+ hours,3,52,5.41,3.08,2.11,13.17
q11_time_now,11,"What best describes how much time you currently spend on this task or tasks per week, including time spent interacting with AI? Select the closest answer.",Not sure,task,Advising on business or operational matters,Not sure,0,52,0.0,0.0,0.0,5.0
q11_time_now,11,"What best describes how much time you currently spend on this task or tasks per week, including time spent interacting with AI? Select the closest answer.",1 hour or less,task,Assessing student capabilities or needs,1 hour or less,5,24,21.46,8.74,10.9,37.89
q11_time_now,11,"What best describes how much time you currently spend on this task or tasks per week, including time spent interacting with AI? Select the closest answer.",More than 1 hour but less than 5 hours,task,Assessing student capabilities or needs,1–5 hours,12,24,50.45,10.52,34.36,66.44
q11_time_now,11,"What best describes how much time you currently spend on this task or tasks per week, including time spent interacting with AI? Select the closest answer.",More than 5 hours but less than 10 hours,task,Assessing student capabilities or needs,5–10 hours,4,24,15.29,7.29,6.78,30.94
q11_time_now,11,"What best describes how much time you currently spend on this task or tasks per week, including time spent interacting with AI? Select the closest answer.",More than 10 hours but less than 20 hours,task,Assessing student capabilities or needs,10–20 hours,2,24,7.61,5.32,2.41,21.53
q11_time_now,11,"What best describes how much time you currently spend on this task or tasks per week, including time spent interacting with AI? Select the closest answer.",20 hours or more,task,Assessing student capabilities or needs,20+ hours,1,24,5.19,5.14,1.32,18.29
q11_time_now,11,"What best describes how much time you currently spend on this task or tasks per week, including time spent interacting with AI? Select the closest answer.",Not sure,task,Assessing student capabilities or needs,Not sure,0,24,0.0,0.0,0.0,10.29
q12_ai_time_share,12,"Out of the time you spend on this task or tasks, how much involves interacting with AI only (including prompting, checking, editing, or managing the output)? Select the closest answer.",All or almost all of it,full_sample,All,All or almost all,54,797,7.07,1.54,4.77,10.36
q12_ai_time_share,12,"Out of the time you spend on this task or tasks, how much involves interacting with AI only (including prompting, checking, editing, or managing the output)? Select the closest answer.",Most of it,full_sample,All,Most of it,118,797,14.99,1.75,11.54,19.24
q12_ai_time_share,12,"Out of the time you spend on this task or tasks, how much involves interacting with AI only (including prompting, checking, editing, or managing the output)? Select the closest answer.",About half of it,full_sample,All,About half,210,797,26.72,2.35,22.23,31.75
q12_ai_time_share,12,"Out of the time you spend on this task or tasks, how much involves interacting with AI only (including prompting, checking, editing, or managing the output)? Select the closest answer.",A little of it,full_sample,All,A little,337,797,41.61,2.67,36.41,47.0
q12_ai_time_share,12,"Out of the time you spend on this task or tasks, how much involves interacting with AI only (including prompting, checking, editing, or managing the output)? Select the closest answer.",None or almost none of it,full_sample,All,None or almost none,63,797,7.7,1.29,5.28,11.09
q12_ai_time_share,12,"Out of the time you spend on this task or tasks, how much involves interacting with AI only (including prompting, checking, editing, or managing the output)? Select the closest answer.",Not sure,full_sample,All,Not sure,15,797,1.92,0.69,0.9,4.04
q12_ai_time_share,12,"Out of the time you spend on this task or tasks, how much involves interacting with AI only (including prompting, checking, editing, or managing the output)? Select the closest answer.",All or almost all of it,age_group,18–29,All or almost all,19,157,12.73,4.06,6.69,22.89
q12_ai_time_share,12,"Out of the time you spend on this task or tasks, how much involves interacting with AI only (including prompting, checking, editing, or managing the output)? Select the closest answer.",Most of it,age_group,18–29,Most of it,25,157,15.7,2.95,8.84,26.36
q12_ai_time_share,12,"Out of the time you spend on this task or tasks, how much involves interacting with AI only (including prompting, checking, editing, or managing the output)? Select the closest answer.",About half of it,age_group,18–29,About half,43,157,27.65,4.79,18.29,39.47
q12_ai_time_share,12,"Out of the time you spend on this task or tasks, how much involves interacting with AI only (including prompting, checking, editing, or managing the output)? Select the closest answer.",A little of it,age_group,18–29,A little,52,157,32.75,5.25,22.63,44.78
q12_ai_time_share,12,"Out of the time you spend on this task or tasks, how much involves interacting with AI only (including prompting, checking, editing, or managing the output)? Select the closest answer.",None or almost none of it,age_group,18–29,None or almost none,11,157,6.7,2.64,2.74,15.43
q12_ai_time_share,12,"Out of the time you spend on this task or tasks, how much involves interacting with AI only (including prompting, checking, editing, or managing the output)? Select the closest answer.",Not sure,age_group,18–29,Not sure,7,157,4.48,2.23,1.52,12.47
q12_ai_time_share,12,"Out of the time you spend on this task or tasks, how much involves interacting with AI only (including prompting, checking, editing, or managing the output)? Select the closest answer.",All or almost all of it,age_group,30–44,All or almost all,17,312,5.36,1.75,2.59,10.76
q12_ai_time_share,12,"Out of the time you spend on this task or tasks, how much involves interacting with AI only (including prompting, checking, editing, or managing the output)? Select the closest answer.",Most of it,age_group,30–44,Most of it,42,312,13.75,2.73,8.81,20.82
q12_ai_time_share,12,"Out of the time you spend on this task or tasks, how much involves interacting with AI only (including prompting, checking, editing, or managing the output)? Select the closest answer.",About half of it,age_group,30–44,About half,87,312,28.15,3.89,21.05,36.54
q12_ai_time_share,12,"Out of the time you spend on this task or tasks, how much involves interacting with AI only (including prompting, checking, editing, or managing the output)? Select the closest answer.",A little of it,age_group,30–44,A little,145,312,45.96,4.46,37.53,54.63
q12_ai_time_share,12,"Out of the time you spend on this task or tasks, how much involves interacting with AI only (including prompting, checking, editing, or managing the output)? Select the closest answer.",None or almost none of it,age_group,30–44,None or almost none,20,312,6.43,1.94,3.31,12.11
q12_ai_time_share,12,"Out of the time you spend on this task or tasks, how much involves interacting with AI only (including prompting, checking, editing, or managing the output)? Select the closest answer.",Not sure,age_group,30–44,Not sure,1,312,0.35,0.35,0.03,3.59
q12_ai_time_share,12,"Out of the time you spend on this task or tasks, how much involves interacting with AI only (including prompting, checking, editing, or managing the output)? Select the closest answer.",All or almost all of it,age_group,45–59,All or almost all,12,224,5.52,3.22,2.41,12.14
q12_ai_time_share,12,"Out of the time you spend on this task or tasks, how much involves interacting with AI only (including prompting, checking, editing, or managing the output)? Select the closest answer.",Most of it,age_group,45–59,Most of it,36,224,16.27,3.87,10.15,25.05
q12_ai_time_share,12,"Out of the time you spend on this task or tasks, how much involves interacting with AI only (including prompting, checking, editing, or managing the output)? Select the closest answer.",About half of it,age_group,45–59,About half,60,224,26.75,4.74,18.83,36.5
q12_ai_time_share,12,"Out of the time you spend on this task or tasks, how much involves interacting with AI only (including prompting, checking, editing, or managing the output)? Select the closest answer.",A little of it,age_group,45–59,A little,93,224,41.4,5.15,31.95,51.53
q12_ai_time_share,12,"Out of the time you spend on this task or tasks, how much involves interacting with AI only (including prompting, checking, editing, or managing the output)? Select the closest answer.",None or almost none of it,age_group,45–59,None or almost none,20,224,8.7,2.62,4.5,16.16
q12_ai_time_share,12,"Out of the time you spend on this task or tasks, how much involves interacting with AI only (including prompting, checking, editing, or managing the output)? Select the closest answer.",Not sure,age_group,45–59,Not sure,3,224,1.35,0.78,0.28,6.27
q12_ai_time_share,12,"Out of the time you spend on this task or tasks, how much involves interacting with AI only (including prompting, checking, editing, or managing the output)? Select the closest answer.",All or almost all of it,age_group,60+,All or almost all,6,104,5.5,4.54,1.74,16.03
q12_ai_time_share,12,"Out of the time you spend on this task or tasks, how much involves interacting with AI only (including prompting, checking, editing, or managing the output)? Select the closest answer.",Most of it,age_group,60+,Most of it,15,104,14.7,5.47,7.25,27.52
q12_ai_time_share,12,"Out of the time you spend on this task or tasks, how much involves interacting with AI only (including prompting, checking, editing, or managing the output)? Select the closest answer.",About half of it,age_group,60+,About half,20,104,19.87,5.74,10.92,33.41
q12_ai_time_share,12,"Out of the time you spend on this task or tasks, how much involves interacting with AI only (including prompting, checking, editing, or managing the output)? Select the closest answer.",A little of it,age_group,60+,A little,47,104,44.66,7.31,31.35,58.79
q12_ai_time_share,12,"Out of the time you spend on this task or tasks, how much involves interacting with AI only (including prompting, checking, editing, or managing the output)? Select the closest answer.",None or almost none of it,age_group,60+,None or almost none,12,104,11.66,4.28,5.26,23.9
q12_ai_time_share,12,"Out of the time you spend on this task or tasks, how much involves interacting with AI only (including prompting, checking, editing, or managing the output)? Select the closest answer.",Not sure,age_group,60+,Not sure,4,104,3.61,3.54,0.9,13.38
q12_ai_time_share,12,"Out of the time you spend on this task or tasks, how much involves interacting with AI only (including prompting, checking, editing, or managing the output)? Select the closest answer.",All or almost all of it,gender,Male,All or almost all,32,469,7.51,2.22,4.56,12.12
q12_ai_time_share,12,"Out of the time you spend on this task or tasks, how much involves interacting with AI only (including prompting, checking, editing, or managing the output)? Select the closest answer.",Most of it,gender,Male,Most of it,60,469,12.73,2.0,8.74,18.18
q12_ai_time_share,12,"Out of the time you spend on this task or tasks, how much involves interacting with AI only (including prompting, checking, editing, or managing the output)? Select the closest answer.",About half of it,gender,Male,About half,126,469,27.09,3.11,21.31,33.77
q12_ai_time_share,12,"Out of the time you spend on this task or tasks, how much involves interacting with AI only (including prompting, checking, editing, or managing the output)? Select the closest answer.",A little of it,gender,Male,A little,212,469,44.75,3.64,37.9,51.81
q12_ai_time_share,12,"Out of the time you spend on this task or tasks, how much involves interacting with AI only (including prompting, checking, editing, or managing the output)? Select the closest answer.",None or almost none of it,gender,Male,None or almost none,30,469,6.11,1.48,3.51,10.42
q12_ai_time_share,12,"Out of the time you spend on this task or tasks, how much involves interacting with AI only (including prompting, checking, editing, or managing the output)? Select the closest answer.",Not sure,gender,Male,Not sure,9,469,1.81,0.92,0.66,4.84
q12_ai_time_share,12,"Out of the time you spend on this task or tasks, how much involves interacting with AI only (including prompting, checking, editing, or managing the output)? Select the closest answer.",All or almost all of it,gender,Female,All or almost all,22,328,6.48,2.06,3.43,11.91
q12_ai_time_share,12,"Out of the time you spend on this task or tasks, how much involves interacting with AI only (including prompting, checking, editing, or managing the output)? Select the closest answer.",Most of it,gender,Female,Most of it,58,328,17.98,3.07,12.45,25.26
q12_ai_time_share,12,"Out of the time you spend on this task or tasks, how much involves interacting with AI only (including prompting, checking, editing, or managing the output)? Select the closest answer.",About half of it,gender,Female,About half,84,328,26.23,3.6,19.59,34.18
q12_ai_time_share,12,"Out of the time you spend on this task or tasks, how much involves interacting with AI only (including prompting, checking, editing, or managing the output)? Select the closest answer.",A little of it,gender,Female,A little,125,328,37.42,3.89,29.77,45.77
q12_ai_time_share,12,"Out of the time you spend on this task or tasks, how much involves interacting with AI only (including prompting, checking, editing, or managing the output)? Select the closest answer.",None or almost none of it,gender,Female,None or almost none,33,328,9.82,2.24,5.88,15.95
q12_ai_time_share,12,"Out of the time you spend on this task or tasks, how much involves interacting with AI only (including prompting, checking, editing, or managing the output)? Select the closest answer.",Not sure,gender,Female,Not sure,6,328,2.06,1.04,0.68,6.05
q12_ai_time_share,12,"Out of the time you spend on this task or tasks, how much involves interacting with AI only (including prompting, checking, editing, or managing the output)? Select the closest answer.",All or almost all of it,race_ethnicity,"White, Non-Hispanic",All or almost all,26,459,5.6,1.85,3.17,9.71
q12_ai_time_share,12,"Out of the time you spend on this task or tasks, how much involves interacting with AI only (including prompting, checking, editing, or managing the output)? Select the closest answer.",Most of it,race_ethnicity,"White, Non-Hispanic",Most of it,66,459,14.57,2.44,10.34,20.14
q12_ai_time_share,12,"Out of the time you spend on this task or tasks, how much involves interacting with AI only (including prompting, checking, editing, or managing the output)? Select the closest answer.",About half of it,race_ethnicity,"White, Non-Hispanic",About half,103,459,22.71,3.01,17.44,29.01
q12_ai_time_share,12,"Out of the time you spend on this task or tasks, how much involves interacting with AI only (including prompting, checking, editing, or managing the output)? Select the closest answer.",A little of it,race_ethnicity,"White, Non-Hispanic",A little,206,459,44.44,3.59,37.71,51.38
q12_ai_time_share,12,"Out of the time you spend on this task or tasks, how much involves interacting with AI only (including prompting, checking, editing, or managing the output)? Select the closest answer.",None or almost none of it,race_ethnicity,"White, Non-Hispanic",None or almost none,48,459,10.53,2.05,6.99,15.56
q12_ai_time_share,12,"Out of the time you spend on this task or tasks, how much involves interacting with AI only (including prompting, checking, editing, or managing the output)? Select the closest answer.",Not sure,race_ethnicity,"White, Non-Hispanic",Not sure,10,459,2.15,0.99,0.86,5.24
q12_ai_time_share,12,"Out of the time you spend on this task or tasks, how much involves interacting with AI only (including prompting, checking, editing, or managing the output)? Select the closest answer.",All or almost all of it,race_ethnicity,"Black, Non-Hispanic",All or almost all,8,99,8.63,3.88,3.22,21.17
q12_ai_time_share,12,"Out of the time you spend on this task or tasks, how much involves interacting with AI only (including prompting, checking, editing, or managing the output)? Select the closest answer.",Most of it,race_ethnicity,"Black, Non-Hispanic",Most of it,15,99,14.89,4.24,7.04,28.79
q12_ai_time_share,12,"Out of the time you spend on this task or tasks, how much involves interacting with AI only (including prompting, checking, editing, or managing the output)? Select the closest answer.",About half of it,race_ethnicity,"Black, Non-Hispanic",About half,31,99,31.72,6.96,19.55,47.04
q12_ai_time_share,12,"Out of the time you spend on this task or tasks, how much involves interacting with AI only (including prompting, checking, editing, or managing the output)? Select the closest answer.",A little of it,race_ethnicity,"Black, Non-Hispanic",A little,38,99,38.08,7.76,24.82,53.39
q12_ai_time_share,12,"Out of the time you spend on this task or tasks, how much involves interacting with AI only (including prompting, checking, editing, or managing the output)? Select the closest answer.",None or almost none of it,race_ethnicity,"Black, Non-Hispanic",None or almost none,7,99,6.68,3.54,2.19,18.64
q12_ai_time_share,12,"Out of the time you spend on this task or tasks, how much involves interacting with AI only (including prompting, checking, editing, or managing the output)? Select the closest answer.",Not sure,race_ethnicity,"Black, Non-Hispanic",Not sure,0,99,0.0,0.0,0.0,8.61
q12_ai_time_share,12,"Out of the time you spend on this task or tasks, how much involves interacting with AI only (including prompting, checking, editing, or managing the output)? Select the closest answer.",All or almost all of it,race_ethnicity,Hispanic,All or almost all,10,126,8.64,4.42,3.46,19.97
q12_ai_time_share,12,"Out of the time you spend on this task or tasks, how much involves interacting with AI only (including prompting, checking, editing, or managing the output)? Select the closest answer.",Most of it,race_ethnicity,Hispanic,Most of it,17,126,13.96,4.47,6.82,26.46
q12_ai_time_share,12,"Out of the time you spend on this task or tasks, how much involves interacting with AI only (including prompting, checking, editing, or managing the output)? Select the closest answer.",About half of it,race_ethnicity,Hispanic,About half,34,126,26.39,6.04,16.0,40.29
q12_ai_time_share,12,"Out of the time you spend on this task or tasks, how much involves interacting with AI only (including prompting, checking, editing, or managing the output)? Select the closest answer.",A little of it,race_ethnicity,Hispanic,A little,58,126,45.42,6.67,32.18,59.34
q12_ai_time_share,12,"Out of the time you spend on this task or tasks, how much involves interacting with AI only (including prompting, checking, editing, or managing the output)? Select the closest answer.",None or almost none of it,race_ethnicity,Hispanic,None or almost none,4,126,3.33,1.69,0.8,12.79
q12_ai_time_share,12,"Out of the time you spend on this task or tasks, how much involves interacting with AI only (including prompting, checking, editing, or managing the output)? Select the closest answer.",Not sure,race_ethnicity,Hispanic,Not sure,3,126,2.26,1.31,0.42,11.19
q12_ai_time_share,12,"Out of the time you spend on this task or tasks, how much involves interacting with AI only (including prompting, checking, editing, or managing the output)? Select the closest answer.",All or almost all of it,race_ethnicity,"Other/2+, Non-Hispanic",All or almost all,10,113,9.11,4.77,3.67,20.84
q12_ai_time_share,12,"Out of the time you spend on this task or tasks, how much involves interacting with AI only (including prompting, checking, editing, or managing the output)? Select the closest answer.",Most of it,race_ethnicity,"Other/2+, Non-Hispanic",Most of it,20,113,17.65,4.32,9.27,31.01
q12_ai_time_share,12,"Out of the time you spend on this task or tasks, how much involves interacting with AI only (including prompting, checking, editing, or managing the output)? Select the closest answer.",About half of it,race_ethnicity,"Other/2+, Non-Hispanic",About half,42,113,36.77,6.17,24.37,51.2
q12_ai_time_share,12,"Out of the time you spend on this task or tasks, how much involves interacting with AI only (including prompting, checking, editing, or managing the output)? Select the closest answer.",A little of it,race_ethnicity,"Other/2+, Non-Hispanic",A little,35,113,30.56,6.31,19.18,44.92
q12_ai_time_share,12,"Out of the time you spend on this task or tasks, how much involves interacting with AI only (including prompting, checking, editing, or managing the output)? Select the closest answer.",None or almost none of it,race_ethnicity,"Other/2+, Non-Hispanic",None or almost none,4,113,3.56,2.16,0.87,13.4
q12_ai_time_share,12,"Out of the time you spend on this task or tasks, how much involves interacting with AI only (including prompting, checking, editing, or managing the output)? Select the closest answer.",Not sure,race_ethnicity,"Other/2+, Non-Hispanic",Not sure,2,113,2.36,2.37,0.44,11.62
q12_ai_time_share,12,"Out of the time you spend on this task or tasks, how much involves interacting with AI only (including prompting, checking, editing, or managing the output)? Select the closest answer.",All or almost all of it,region,Northeast,All or almost all,10,141,7.29,3.63,2.94,16.99
q12_ai_time_share,12,"Out of the time you spend on this task or tasks, how much involves interacting with AI only (including prompting, checking, editing, or managing the output)? Select the closest answer.",Most of it,region,Northeast,Most of it,36,141,25.25,5.69,15.83,37.77
q12_ai_time_share,12,"Out of the time you spend on this task or tasks, how much involves interacting with AI only (including prompting, checking, editing, or managing the output)? Select the closest answer.",About half of it,region,Northeast,About half,32,141,22.67,5.42,13.77,34.98
q12_ai_time_share,12,"Out of the time you spend on this task or tasks, how much involves interacting with AI only (including prompting, checking, editing, or managing the output)? Select the closest answer.",A little of it,region,Northeast,A little,54,141,38.38,6.63,26.93,51.28
q12_ai_time_share,12,"Out of the time you spend on this task or tasks, how much involves interacting with AI only (including prompting, checking, editing, or managing the output)? Select the closest answer.",None or almost none of it,region,Northeast,None or almost none,9,141,6.41,2.86,2.43,15.83
q12_ai_time_share,12,"Out of the time you spend on this task or tasks, how much involves interacting with AI only (including prompting, checking, editing, or managing the output)? Select the closest answer.",Not sure,region,Northeast,Not sure,0,141,0.0,0.0,0.0,6.25
q12_ai_time_share,12,"Out of the time you spend on this task or tasks, how much involves interacting with AI only (including prompting, checking, editing, or managing the output)? Select the closest answer.",All or almost all of it,region,Midwest,All or almost all,4,128,3.3,1.56,0.88,11.66
q12_ai_time_share,12,"Out of the time you spend on this task or tasks, how much involves interacting with AI only (including prompting, checking, editing, or managing the output)? Select the closest answer.",Most of it,region,Midwest,Most of it,14,128,10.66,3.27,4.99,21.33
q12_ai_time_share,12,"Out of the time you spend on this task or tasks, how much involves interacting with AI only (including prompting, checking, editing, or managing the output)? Select the closest answer.",About half of it,region,Midwest,About half,33,128,27.27,6.76,17.39,40.03
q12_ai_time_share,12,"Out of the time you spend on this task or tasks, how much involves interacting with AI only (including prompting, checking, editing, or managing the output)? Select the closest answer.",A little of it,region,Midwest,A little,61,128,46.31,6.77,33.98,59.12
q12_ai_time_share,12,"Out of the time you spend on this task or tasks, how much involves interacting with AI only (including prompting, checking, editing, or managing the output)? Select the closest answer.",None or almost none of it,region,Midwest,None or almost none,12,128,9.23,3.35,4.08,19.56
q12_ai_time_share,12,"Out of the time you spend on this task or tasks, how much involves interacting with AI only (including prompting, checking, editing, or managing the output)? Select the closest answer.",Not sure,region,Midwest,Not sure,4,128,3.22,1.99,0.84,11.55
q12_ai_time_share,12,"Out of the time you spend on this task or tasks, how much involves interacting with AI only (including prompting, checking, editing, or managing the output)? Select the closest answer.",All or almost all of it,region,South,All or almost all,23,319,7.88,2.7,4.41,13.7
q12_ai_time_share,12,"Out of the time you spend on this task or tasks, how much involves interacting with AI only (including prompting, checking, editing, or managing the output)? Select the closest answer.",Most of it,region,South,Most of it,39,319,12.56,2.16,7.98,19.23
q12_ai_time_share,12,"Out of the time you spend on this task or tasks, how much involves interacting with AI only (including prompting, checking, editing, or managing the output)? Select the closest answer.",About half of it,region,South,About half,82,319,25.91,3.34,19.24,33.92
q12_ai_time_share,12,"Out of the time you spend on this task or tasks, how much involves interacting with AI only (including prompting, checking, editing, or managing the output)? Select the closest answer.",A little of it,region,South,A little,141,319,43.16,4.17,35.09,51.62
q12_ai_time_share,12,"Out of the time you spend on this task or tasks, how much involves interacting with AI only (including prompting, checking, editing, or managing the output)? Select the closest answer.",None or almost none of it,region,South,None or almost none,27,319,7.99,2.23,4.49,13.82
q12_ai_time_share,12,"Out of the time you spend on this task or tasks, how much involves interacting with AI only (including prompting, checking, editing, or managing the output)? Select the closest answer.",Not sure,region,South,Not sure,7,319,2.49,1.15,0.9,6.73
q12_ai_time_share,12,"Out of the time you spend on this task or tasks, how much involves interacting with AI only (including prompting, checking, editing, or managing the output)? Select the closest answer.",All or almost all of it,region,West,All or almost all,17,209,7.87,3.2,3.75,15.77
q12_ai_time_share,12,"Out of the time you spend on this task or tasks, how much involves interacting with AI only (including prompting, checking, editing, or managing the output)? Select the closest answer.",Most of it,region,West,Most of it,29,209,14.38,3.6,8.37,23.59
q12_ai_time_share,12,"Out of the time you spend on this task or tasks, how much involves interacting with AI only (including prompting, checking, editing, or managing the output)? Select the closest answer.",About half of it,region,West,About half,63,209,30.39,4.92,21.48,41.06
q12_ai_time_share,12,"Out of the time you spend on this task or tasks, how much involves interacting with AI only (including prompting, checking, editing, or managing the output)? Select the closest answer.",A little of it,region,West,A little,81,209,38.6,5.12,28.78,49.44
q12_ai_time_share,12,"Out of the time you spend on this task or tasks, how much involves interacting with AI only (including prompting, checking, editing, or managing the output)? Select the closest answer.",None or almost none of it,region,West,None or almost none,15,209,7.22,2.2,3.33,14.96
q12_ai_time_share,12,"Out of the time you spend on this task or tasks, how much involves interacting with AI only (including prompting, checking, editing, or managing the output)? Select the closest answer.",Not sure,region,West,Not sure,4,209,1.54,1.54,0.32,7.12
q12_ai_time_share,12,"Out of the time you spend on this task or tasks, how much involves interacting with AI only (including prompting, checking, editing, or managing the output)? Select the closest answer.",All or almost all of it,education,Less than HS,All or almost all,0,17,0.0,0.0,0.0,30.56
q12_ai_time_share,12,"Out of the time you spend on this task or tasks, how much involves interacting with AI only (including prompting, checking, editing, or managing the output)? Select the closest answer.",Most of it,education,Less than HS,Most of it,5,17,30.52,16.47,10.33,62.62
q12_ai_time_share,12,"Out of the time you spend on this task or tasks, how much involves interacting with AI only (including prompting, checking, editing, or managing the output)? Select the closest answer.",About half of it,education,Less than HS,About half,6,17,36.37,15.11,13.61,67.45
q12_ai_time_share,12,"Out of the time you spend on this task or tasks, how much involves interacting with AI only (including prompting, checking, editing, or managing the output)? Select the closest answer.",A little of it,education,Less than HS,A little,2,17,11.57,8.06,2.09,44.55
q12_ai_time_share,12,"Out of the time you spend on this task or tasks, how much involves interacting with AI only (including prompting, checking, editing, or managing the output)? Select the closest answer.",None or almost none of it,education,Less than HS,None or almost none,2,17,10.67,8.07,1.82,43.57
q12_ai_time_share,12,"Out of the time you spend on this task or tasks, how much involves interacting with AI only (including prompting, checking, editing, or managing the output)? Select the closest answer.",Not sure,education,Less than HS,Not sure,2,17,10.87,11.3,1.87,43.78
q12_ai_time_share,12,"Out of the time you spend on this task or tasks, how much involves interacting with AI only (including prompting, checking, editing, or managing the output)? Select the closest answer.",All or almost all of it,education,High school,All or almost all,7,101,7.3,3.14,2.53,19.3
q12_ai_time_share,12,"Out of the time you spend on this task or tasks, how much involves interacting with AI only (including prompting, checking, editing, or managing the output)? Select the closest answer.",Most of it,education,High school,Most of it,24,101,23.17,6.02,12.96,37.91
q12_ai_time_share,12,"Out of the time you spend on this task or tasks, how much involves interacting with AI only (including prompting, checking, editing, or managing the output)? Select the closest answer.",About half of it,education,High school,About half,22,101,21.87,6.54,11.99,36.5
q12_ai_time_share,12,"Out of the time you spend on this task or tasks, how much involves interacting with AI only (including prompting, checking, editing, or managing the output)? Select the closest answer.",A little of it,education,High school,A little,39,101,39.25,6.57,25.93,54.39
q12_ai_time_share,12,"Out of the time you spend on this task or tasks, how much involves interacting with AI only (including prompting, checking, editing, or managing the output)? Select the closest answer.",None or almost none of it,education,High school,None or almost none,2,101,1.8,1.31,0.26,11.5
q12_ai_time_share,12,"Out of the time you spend on this task or tasks, how much involves interacting with AI only (including prompting, checking, editing, or managing the output)? Select the closest answer.",Not sure,education,High school,Not sure,7,101,6.61,4.04,2.17,18.38
q12_ai_time_share,12,"Out of the time you spend on this task or tasks, how much involves interacting with AI only (including prompting, checking, editing, or managing the output)? Select the closest answer.",All or almost all of it,education,Some college,All or almost all,13,167,8.55,3.55,3.96,17.48
q12_ai_time_share,12,"Out of the time you spend on this task or tasks, how much involves interacting with AI only (including prompting, checking, editing, or managing the output)? Select the closest answer.",Most of it,education,Some college,Most of it,27,167,16.0,3.99,9.2,26.37
q12_ai_time_share,12,"Out of the time you spend on this task or tasks, how much involves interacting with AI only (including prompting, checking, editing, or managing the output)? Select the closest answer.",About half of it,education,Some college,About half,48,167,29.58,5.17,20.14,41.16
q12_ai_time_share,12,"Out of the time you spend on this task or tasks, how much involves interacting with AI only (including prompting, checking, editing, or managing the output)? Select the closest answer.",A little of it,education,Some college,A little,66,167,38.44,6.28,27.89,50.21
q12_ai_time_share,12,"Out of the time you spend on this task or tasks, how much involves interacting with AI only (including prompting, checking, editing, or managing the output)? Select the closest answer.",None or almost none of it,education,Some college,None or almost none,12,167,6.88,2.2,2.92,15.36
q12_ai_time_share,12,"Out of the time you spend on this task or tasks, how much involves interacting with AI only (including prompting, checking, editing, or managing the output)? Select the closest answer.",Not sure,education,Some college,Not sure,1,167,0.55,0.56,0.05,6.25
q12_ai_time_share,12,"Out of the time you spend on this task or tasks, how much involves interacting with AI only (including prompting, checking, editing, or managing the output)? Select the closest answer.",All or almost all of it,education,Bachelor+,All or almost all,34,512,6.77,2.03,4.09,10.99
q12_ai_time_share,12,"Out of the time you spend on this task or tasks, how much involves interacting with AI only (including prompting, checking, editing, or managing the output)? Select the closest answer.",Most of it,education,Bachelor+,Most of it,62,512,12.23,1.91,8.47,17.35
q12_ai_time_share,12,"Out of the time you spend on this task or tasks, how much involves interacting with AI only (including prompting, checking, editing, or managing the output)? Select the closest answer.",About half of it,education,Bachelor+,About half,134,512,26.41,2.93,20.92,32.76
q12_ai_time_share,12,"Out of the time you spend on this task or tasks, how much involves interacting with AI only (including prompting, checking, editing, or managing the output)? Select the closest answer.",A little of it,education,Bachelor+,A little,230,512,44.39,3.34,37.83,51.14
q12_ai_time_share,12,"Out of the time you spend on this task or tasks, how much involves interacting with AI only (including prompting, checking, editing, or managing the output)? Select the closest answer.",None or almost none of it,education,Bachelor+,None or almost none,47,512,9.17,1.86,5.97,13.84
q12_ai_time_share,12,"Out of the time you spend on this task or tasks, how much involves interacting with AI only (including prompting, checking, editing, or managing the output)? Select the closest answer.",Not sure,education,Bachelor+,Not sure,5,512,1.02,0.46,0.29,3.51
q12_ai_time_share,12,"Out of the time you spend on this task or tasks, how much involves interacting with AI only (including prompting, checking, editing, or managing the output)? Select the closest answer.",All or almost all of it,income,Under $25K,All or almost all,4,52,7.57,4.17,1.85,26.23
q12_ai_time_share,12,"Out of the time you spend on this task or tasks, how much involves interacting with AI only (including prompting, checking, editing, or managing the output)? Select the closest answer.",Most of it,income,Under $25K,Most of it,13,52,24.81,8.46,11.36,45.95
q12_ai_time_share,12,"Out of the time you spend on this task or tasks, how much involves interacting with AI only (including prompting, checking, editing, or managing the output)? Select the closest answer.",About half of it,income,Under $25K,About half,15,52,28.95,8.53,14.16,50.16
q12_ai_time_share,12,"Out of the time you spend on this task or tasks, how much involves interacting with AI only (including prompting, checking, editing, or managing the output)? Select the closest answer.",A little of it,income,Under $25K,A little,14,52,27.31,9.29,13.03,48.51
q12_ai_time_share,12,"Out of the time you spend on this task or tasks, how much involves interacting with AI only (including prompting, checking, editing, or managing the output)? Select the closest answer.",None or almost none of it,income,Under $25K,None or almost none,4,52,7.56,4.38,1.85,26.21
q12_ai_time_share,12,"Out of the time you spend on this task or tasks, how much involves interacting with AI only (including prompting, checking, editing, or managing the output)? Select the closest answer.",Not sure,income,Under $25K,Not sure,2,52,3.81,3.89,0.58,21.13
q12_ai_time_share,12,"Out of the time you spend on this task or tasks, how much involves interacting with AI only (including prompting, checking, editing, or managing the output)? Select the closest answer.",All or almost all of it,income,$25K–$50K,All or almost all,14,57,24.12,9.89,11.13,44.64
q12_ai_time_share,12,"Out of the time you spend on this task or tasks, how much involves interacting with AI only (including prompting, checking, editing, or managing the output)? Select the closest answer.",Most of it,income,$25K–$50K,Most of it,9,57,17.07,6.0,6.73,37.0
q12_ai_time_share,12,"Out of the time you spend on this task or tasks, how much involves interacting with AI only (including prompting, checking, editing, or managing the output)? Select the closest answer.",About half of it,income,$25K–$50K,About half,8,57,14.06,4.81,5.03,33.55
q12_ai_time_share,12,"Out of the time you spend on this task or tasks, how much involves interacting with AI only (including prompting, checking, editing, or managing the output)? Select the closest answer.",A little of it,income,$25K–$50K,A little,22,57,38.6,8.99,21.61,58.91
q12_ai_time_share,12,"Out of the time you spend on this task or tasks, how much involves interacting with AI only (including prompting, checking, editing, or managing the output)? Select the closest answer.",None or almost none of it,income,$25K–$50K,None or almost none,4,57,6.16,3.5,1.37,23.72
q12_ai_time_share,12,"Out of the time you spend on this task or tasks, how much involves interacting with AI only (including prompting, checking, editing, or managing the output)? Select the closest answer.",Not sure,income,$25K–$50K,Not sure,0,57,0.0,0.0,0.0,14.56
q12_ai_time_share,12,"Out of the time you spend on this task or tasks, how much involves interacting with AI only (including prompting, checking, editing, or managing the output)? Select the closest answer.",All or almost all of it,income,$50K–$75K,All or almost all,3,46,6.88,3.45,1.4,27.72
q12_ai_time_share,12,"Out of the time you spend on this task or tasks, how much involves interacting with AI only (including prompting, checking, editing, or managing the output)? Select the closest answer.",Most of it,income,$50K–$75K,Most of it,10,46,19.75,8.63,7.49,42.79
q12_ai_time_share,12,"Out of the time you spend on this task or tasks, how much involves interacting with AI only (including prompting, checking, editing, or managing the output)? Select the closest answer.",About half of it,income,$50K–$75K,About half,16,46,37.82,10.83,19.41,60.58
q12_ai_time_share,12,"Out of the time you spend on this task or tasks, how much involves interacting with AI only (including prompting, checking, editing, or managing the output)? Select the closest answer.",A little of it,income,$50K–$75K,A little,13,46,27.2,10.97,12.04,50.47
q12_ai_time_share,12,"Out of the time you spend on this task or tasks, how much involves interacting with AI only (including prompting, checking, editing, or managing the output)? Select the closest answer.",None or almost none of it,income,$50K–$75K,None or almost none,3,46,6.1,4.73,1.15,26.7
q12_ai_time_share,12,"Out of the time you spend on this task or tasks, how much involves interacting with AI only (including prompting, checking, editing, or managing the output)? Select the closest answer.",Not sure,income,$50K–$75K,Not sure,1,46,2.25,2.35,0.19,21.31
q12_ai_time_share,12,"Out of the time you spend on this task or tasks, how much involves interacting with AI only (including prompting, checking, editing, or managing the output)? Select the closest answer.",All or almost all of it,income,$75K–$100K,All or almost all,0,72,0.0,0.0,0.0,9.45
q12_ai_time_share,12,"Out of the time you spend on this task or tasks, how much involves interacting with AI only (including prompting, checking, editing, or managing the output)? Select the closest answer.",Most of it,income,$75K–$100K,Most of it,4,72,5.5,2.58,1.53,17.88
q12_ai_time_share,12,"Out of the time you spend on this task or tasks, how much involves interacting with AI only (including prompting, checking, editing, or managing the output)? Select the closest answer.",About half of it,income,$75K–$100K,About half,23,72,32.06,7.63,19.31,48.2
q12_ai_time_share,12,"Out of the time you spend on this task or tasks, how much involves interacting with AI only (including prompting, checking, editing, or managing the output)? Select the closest answer.",A little of it,income,$75K–$100K,A little,38,72,52.62,8.01,37.02,67.72
q12_ai_time_share,12,"Out of the time you spend on this task or tasks, how much involves interacting with AI only (including prompting, checking, editing, or managing the output)? Select the closest answer.",None or almost none of it,income,$75K–$100K,None or almost none,5,72,7.1,4.16,2.28,20.03
q12_ai_time_share,12,"Out of the time you spend on this task or tasks, how much involves interacting with AI only (including prompting, checking, editing, or managing the output)? Select the closest answer.",Not sure,income,$75K–$100K,Not sure,2,72,2.72,1.9,0.48,13.9
q12_ai_time_share,12,"Out of the time you spend on this task or tasks, how much involves interacting with AI only (including prompting, checking, editing, or managing the output)? Select the closest answer.",All or almost all of it,income,$100K+,All or almost all,33,570,5.81,1.67,3.47,9.58
q12_ai_time_share,12,"Out of the time you spend on this task or tasks, how much involves interacting with AI only (including prompting, checking, editing, or managing the output)? Select the closest answer.",Most of it,income,$100K+,Most of it,82,570,14.56,2.09,10.62,19.65
q12_ai_time_share,12,"Out of the time you spend on this task or tasks, how much involves interacting with AI only (including prompting, checking, editing, or managing the output)? Select the closest answer.",About half of it,income,$100K+,About half,148,570,26.45,2.87,21.22,32.45
q12_ai_time_share,12,"Out of the time you spend on this task or tasks, how much involves interacting with AI only (including prompting, checking, editing, or managing the output)? Select the closest answer.",A little of it,income,$100K+,A little,250,570,43.21,3.22,37.03,49.61
q12_ai_time_share,12,"Out of the time you spend on this task or tasks, how much involves interacting with AI only (including prompting, checking, editing, or managing the output)? Select the closest answer.",None or almost none of it,income,$100K+,None or almost none,47,570,8.12,1.62,5.26,12.32
q12_ai_time_share,12,"Out of the time you spend on this task or tasks, how much involves interacting with AI only (including prompting, checking, editing, or managing the output)? Select the closest answer.",Not sure,income,$100K+,Not sure,10,570,1.84,0.86,0.74,4.49
q12_ai_time_share,12,"Out of the time you spend on this task or tasks, how much involves interacting with AI only (including prompting, checking, editing, or managing the output)? Select the closest answer.",All or almost all of it,employment,Full-time,All or almost all,41,701,6.09,1.48,3.85,9.49
q12_ai_time_share,12,"Out of the time you spend on this task or tasks, how much involves interacting with AI only (including prompting, checking, editing, or managing the output)? Select the closest answer.",Most of it,employment,Full-time,Most of it,101,701,14.57,1.88,10.95,19.14
q12_ai_time_share,12,"Out of the time you spend on this task or tasks, how much involves interacting with AI only (including prompting, checking, editing, or managing the output)? Select the closest answer.",About half of it,employment,Full-time,About half,185,701,26.78,2.56,21.97,32.2
q12_ai_time_share,12,"Out of the time you spend on this task or tasks, how much involves interacting with AI only (including prompting, checking, editing, or managing the output)? Select the closest answer.",A little of it,employment,Full-time,A little,306,701,43.17,2.89,37.55,48.97
q12_ai_time_share,12,"Out of the time you spend on this task or tasks, how much involves interacting with AI only (including prompting, checking, editing, or managing the output)? Select the closest answer.",None or almost none of it,employment,Full-time,None or almost none,55,701,7.62,1.37,5.07,11.29
q12_ai_time_share,12,"Out of the time you spend on this task or tasks, how much involves interacting with AI only (including prompting, checking, editing, or managing the output)? Select the closest answer.",Not sure,employment,Full-time,Not sure,13,701,1.77,0.67,0.76,4.06
q12_ai_time_share,12,"Out of the time you spend on this task or tasks, how much involves interacting with AI only (including prompting, checking, editing, or managing the output)? Select the closest answer.",All or almost all of it,employment,Part-time,All or almost all,13,96,13.85,6.42,6.56,26.93
q12_ai_time_share,12,"Out of the time you spend on this task or tasks, how much involves interacting with AI only (including prompting, checking, editing, or managing the output)? Select the closest answer.",Most of it,employment,Part-time,Most of it,17,96,17.86,4.71,9.3,31.56
q12_ai_time_share,12,"Out of the time you spend on this task or tasks, how much involves interacting with AI only (including prompting, checking, editing, or managing the output)? Select the closest answer.",About half of it,employment,Part-time,About half,25,96,26.34,5.77,15.63,40.82
q12_ai_time_share,12,"Out of the time you spend on this task or tasks, how much involves interacting with AI only (including prompting, checking, editing, or managing the output)? Select the closest answer.",A little of it,employment,Part-time,A little,31,96,30.79,5.99,19.19,45.47
q12_ai_time_share,12,"Out of the time you spend on this task or tasks, how much involves interacting with AI only (including prompting, checking, editing, or managing the output)? Select the closest answer.",None or almost none of it,employment,Part-time,None or almost none,8,96,8.25,3.79,3.12,20.05
q12_ai_time_share,12,"Out of the time you spend on this task or tasks, how much involves interacting with AI only (including prompting, checking, editing, or managing the output)? Select the closest answer.",Not sure,employment,Part-time,Not sure,2,96,2.91,2.9,0.61,12.74
q12_ai_time_share,12,"Out of the time you spend on this task or tasks, how much involves interacting with AI only (including prompting, checking, editing, or managing the output)? Select the closest answer.",All or almost all of it,task,Maintaining operational records,All or almost all,3,71,4.12,2.35,1.63,10.03
q12_ai_time_share,12,"Out of the time you spend on this task or tasks, how much involves interacting with AI only (including prompting, checking, editing, or managing the output)? Select the closest answer.",Most of it,task,Maintaining operational records,Most of it,6,71,8.68,3.43,4.57,15.86
q12_ai_time_share,12,"Out of the time you spend on this task or tasks, how much involves interacting with AI only (including prompting, checking, editing, or managing the output)? Select the closest answer.",About half of it,task,Maintaining operational records,About half,18,71,25.68,5.28,18.1,35.07
q12_ai_time_share,12,"Out of the time you spend on this task or tasks, how much involves interacting with AI only (including prompting, checking, editing, or managing the output)? Select the closest answer.",A little of it,task,Maintaining operational records,A little,33,71,46.8,6.01,37.29,56.55
q12_ai_time_share,12,"Out of the time you spend on this task or tasks, how much involves interacting with AI only (including prompting, checking, editing, or managing the output)? Select the closest answer.",None or almost none of it,task,Maintaining operational records,None or almost none,8,71,10.13,3.45,5.6,17.62
q12_ai_time_share,12,"Out of the time you spend on this task or tasks, how much involves interacting with AI only (including prompting, checking, editing, or managing the output)? Select the closest answer.",Not sure,task,Maintaining operational records,Not sure,3,71,4.6,2.68,1.91,10.67
q12_ai_time_share,12,"Out of the time you spend on this task or tasks, how much involves interacting with AI only (including prompting, checking, editing, or managing the output)? Select the closest answer.",All or almost all of it,task,"Developing policies, systems, or processes",All or almost all,6,101,5.99,2.41,3.12,11.18
q12_ai_time_share,12,"Out of the time you spend on this task or tasks, how much involves interacting with AI only (including prompting, checking, editing, or managing the output)? Select the closest answer.",Most of it,task,"Developing policies, systems, or processes",Most of it,10,101,9.95,3.02,6.03,15.99
q12_ai_time_share,12,"Out of the time you spend on this task or tasks, how much involves interacting with AI only (including prompting, checking, editing, or managing the output)? Select the closest answer.",About half of it,task,"Developing policies, systems, or processes",About half,31,101,31.12,4.68,24.07,39.16
q12_ai_time_share,12,"Out of the time you spend on this task or tasks, how much involves interacting with AI only (including prompting, checking, editing, or managing the output)? Select the closest answer.",A little of it,task,"Developing policies, systems, or processes",A little,46,101,44.41,4.99,36.47,52.64
q12_ai_time_share,12,"Out of the time you spend on this task or tasks, how much involves interacting with AI only (including prompting, checking, editing, or managing the output)? Select the closest answer.",None or almost none of it,task,"Developing policies, systems, or processes",None or almost none,5,101,5.01,2.21,2.46,9.94
q12_ai_time_share,12,"Out of the time you spend on this task or tasks, how much involves interacting with AI only (including prompting, checking, editing, or managing the output)? Select the closest answer.",Not sure,task,"Developing policies, systems, or processes",Not sure,3,101,3.53,2.04,1.51,8.0
q12_ai_time_share,12,"Out of the time you spend on this task or tasks, how much involves interacting with AI only (including prompting, checking, editing, or managing the output)? Select the closest answer.",All or almost all of it,task,Reading documents to inform work,All or almost all,8,125,6.19,2.14,3.48,10.79
q12_ai_time_share,12,"Out of the time you spend on this task or tasks, how much involves interacting with AI only (including prompting, checking, editing, or managing the output)? Select the closest answer.",Most of it,task,Reading documents to inform work,Most of it,22,125,18.72,3.62,13.64,25.16
q12_ai_time_share,12,"Out of the time you spend on this task or tasks, how much involves interacting with AI only (including prompting, checking, editing, or managing the output)? Select the closest answer.",About half of it,task,Reading documents to inform work,About half,30,125,24.4,3.91,18.62,31.27
q12_ai_time_share,12,"Out of the time you spend on this task or tasks, how much involves interacting with AI only (including prompting, checking, editing, or managing the output)? Select the closest answer.",A little of it,task,Reading documents to inform work,A little,56,125,43.77,4.48,36.62,51.18
q12_ai_time_share,12,"Out of the time you spend on this task or tasks, how much involves interacting with AI only (including prompting, checking, editing, or managing the output)? Select the closest answer.",None or almost none of it,task,Reading documents to inform work,None or almost none,8,125,6.27,2.17,3.53,10.89
q12_ai_time_share,12,"Out of the time you spend on this task or tasks, how much involves interacting with AI only (including prompting, checking, editing, or managing the output)? Select the closest answer.",Not sure,task,Reading documents to inform work,Not sure,1,125,0.65,0.65,0.13,3.3
q12_ai_time_share,12,"Out of the time you spend on this task or tasks, how much involves interacting with AI only (including prompting, checking, editing, or managing the output)? Select the closest answer.",All or almost all of it,task,Determining values or prices,All or almost all,2,45,4.8,3.36,1.65,13.11
q12_ai_time_share,12,"Out of the time you spend on this task or tasks, how much involves interacting with AI only (including prompting, checking, editing, or managing the output)? Select the closest answer.",Most of it,task,Determining values or prices,Most of it,9,45,20.22,6.11,12.17,31.68
q12_ai_time_share,12,"Out of the time you spend on this task or tasks, how much involves interacting with AI only (including prompting, checking, editing, or managing the output)? Select the closest answer.",About half of it,task,Determining values or prices,About half,13,45,29.27,6.91,19.51,41.41
q12_ai_time_share,12,"Out of the time you spend on this task or tasks, how much involves interacting with AI only (including prompting, checking, editing, or managing the output)? Select the closest answer.",A little of it,task,Determining values or prices,A little,19,45,41.19,7.42,29.91,53.48
q12_ai_time_share,12,"Out of the time you spend on this task or tasks, how much involves interacting with AI only (including prompting, checking, editing, or managing the output)? Select the closest answer.",None or almost none of it,task,Determining values or prices,None or almost none,2,45,4.52,3.16,1.51,12.73
q12_ai_time_share,12,"Out of the time you spend on this task or tasks, how much involves interacting with AI only (including prompting, checking, editing, or managing the output)? Select the closest answer.",Not sure,task,Determining values or prices,Not sure,0,45,0.0,0.0,0.0,5.72
q12_ai_time_share,12,"Out of the time you spend on this task or tasks, how much involves interacting with AI only (including prompting, checking, editing, or managing the output)? Select the closest answer.",All or almost all of it,task,Analyzing or evaluating data,All or almost all,10,140,7.88,2.42,4.87,12.51
q12_ai_time_share,12,"Out of the time you spend on this task or tasks, how much involves interacting with AI only (including prompting, checking, editing, or managing the output)? Select the closest answer.",Most of it,task,Analyzing or evaluating data,Most of it,20,140,14.02,2.94,9.85,19.57
q12_ai_time_share,12,"Out of the time you spend on this task or tasks, how much involves interacting with AI only (including prompting, checking, editing, or managing the output)? Select the closest answer.",About half of it,task,Analyzing or evaluating data,About half,35,140,25.6,3.76,20.0,32.14
q12_ai_time_share,12,"Out of the time you spend on this task or tasks, how much involves interacting with AI only (including prompting, checking, editing, or managing the output)? Select the closest answer.",A little of it,task,Analyzing or evaluating data,A little,55,140,38.47,4.14,31.94,45.44
q12_ai_time_share,12,"Out of the time you spend on this task or tasks, how much involves interacting with AI only (including prompting, checking, editing, or managing the output)? Select the closest answer.",None or almost none of it,task,Analyzing or evaluating data,None or almost none,17,140,11.82,2.72,8.02,17.09
q12_ai_time_share,12,"Out of the time you spend on this task or tasks, how much involves interacting with AI only (including prompting, checking, editing, or managing the output)? Select the closest answer.",Not sure,task,Analyzing or evaluating data,Not sure,3,140,2.21,1.27,0.89,5.37
q12_ai_time_share,12,"Out of the time you spend on this task or tasks, how much involves interacting with AI only (including prompting, checking, editing, or managing the output)? Select the closest answer.",All or almost all of it,task,Designing computer or information systems,All or almost all,4,53,7.64,3.72,3.48,15.96
q12_ai_time_share,12,"Out of the time you spend on this task or tasks, how much involves interacting with AI only (including prompting, checking, editing, or managing the output)? Select the closest answer.",Most of it,task,Designing computer or information systems,Most of it,14,53,26.78,6.22,18.04,37.79
q12_ai_time_share,12,"Out of the time you spend on this task or tasks, how much involves interacting with AI only (including prompting, checking, editing, or managing the output)? Select the closest answer.",About half of it,task,Designing computer or information systems,About half,16,53,30.57,6.44,21.28,41.78
q12_ai_time_share,12,"Out of the time you spend on this task or tasks, how much involves interacting with AI only (including prompting, checking, editing, or managing the output)? Select the closest answer.",A little of it,task,Designing computer or information systems,A little,14,53,25.44,5.99,16.92,36.37
q12_ai_time_share,12,"Out of the time you spend on this task or tasks, how much involves interacting with AI only (including prompting, checking, editing, or managing the output)? Select the closest answer.",None or almost none of it,task,Designing computer or information systems,None or almost none,4,53,7.71,3.75,3.52,16.05
q12_ai_time_share,12,"Out of the time you spend on this task or tasks, how much involves interacting with AI only (including prompting, checking, editing, or managing the output)? Select the closest answer.",Not sure,task,Designing computer or information systems,Not sure,1,53,1.86,1.86,0.41,8.03
q12_ai_time_share,12,"Out of the time you spend on this task or tasks, how much involves interacting with AI only (including prompting, checking, editing, or managing the output)? Select the closest answer.",All or almost all of it,task,"Preparing contracts, applications, or permits",All or almost all,7,70,10.33,3.74,5.72,17.92
q12_ai_time_share,12,"Out of the time you spend on this task or tasks, how much involves interacting with AI only (including prompting, checking, editing, or managing the output)? Select the closest answer.",Most of it,task,"Preparing contracts, applications, or permits",Most of it,11,70,14.98,4.23,9.24,23.36
q12_ai_time_share,12,"Out of the time you spend on this task or tasks, how much involves interacting with AI only (including prompting, checking, editing, or managing the output)? Select the closest answer.",About half of it,task,"Preparing contracts, applications, or permits",About half,19,70,28.04,5.5,20.1,37.63
q12_ai_time_share,12,"Out of the time you spend on this task or tasks, how much involves interacting with AI only (including prompting, checking, editing, or managing the output)? Select the closest answer.",A little of it,task,"Preparing contracts, applications, or permits",A little,30,70,42.57,5.99,33.24,52.46
q12_ai_time_share,12,"Out of the time you spend on this task or tasks, how much involves interacting with AI only (including prompting, checking, editing, or managing the output)? Select the closest answer.",None or almost none of it,task,"Preparing contracts, applications, or permits",None or almost none,2,70,2.76,1.94,0.89,8.19
q12_ai_time_share,12,"Out of the time you spend on this task or tasks, how much involves interacting with AI only (including prompting, checking, editing, or managing the output)? Select the closest answer.",Not sure,task,"Preparing contracts, applications, or permits",Not sure,1,70,1.34,1.34,0.28,6.07
q12_ai_time_share,12,"Out of the time you spend on this task or tasks, how much involves interacting with AI only (including prompting, checking, editing, or managing the output)? Select the closest answer.",All or almost all of it,task,Explaining or providing info to clients,All or almost all,9,117,8.08,2.61,4.8,13.28
q12_ai_time_share,12,"Out of the time you spend on this task or tasks, how much involves interacting with AI only (including prompting, checking, editing, or managing the output)? Select the closest answer.",Most of it,task,Explaining or providing info to clients,Most of it,12,117,10.79,2.96,6.9,16.47
q12_ai_time_share,12,"Out of the time you spend on this task or tasks, how much involves interacting with AI only (including prompting, checking, editing, or managing the output)? Select the closest answer.",About half of it,task,Explaining or providing info to clients,About half,30,117,25.71,4.09,19.62,32.91
q12_ai_time_share,12,"Out of the time you spend on this task or tasks, how much involves interacting with AI only (including prompting, checking, editing, or managing the output)? Select the closest answer.",A little of it,task,Explaining or providing info to clients,A little,51,117,43.21,4.63,35.86,50.87
q12_ai_time_share,12,"Out of the time you spend on this task or tasks, how much involves interacting with AI only (including prompting, checking, editing, or managing the output)? Select the closest answer.",None or almost none of it,task,Explaining or providing info to clients,None or almost none,13,117,10.67,2.84,6.81,16.33
q12_ai_time_share,12,"Out of the time you spend on this task or tasks, how much involves interacting with AI only (including prompting, checking, editing, or managing the output)? Select the closest answer.",Not sure,task,Explaining or providing info to clients,Not sure,2,117,1.55,1.1,0.48,4.83
q12_ai_time_share,12,"Out of the time you spend on this task or tasks, how much involves interacting with AI only (including prompting, checking, editing, or managing the output)? Select the closest answer.",All or almost all of it,task,Advising on business or operational matters,All or almost all,3,51,6.82,3.84,2.92,15.12
q12_ai_time_share,12,"Out of the time you spend on this task or tasks, how much involves interacting with AI only (including prompting, checking, editing, or managing the output)? Select the closest answer.",Most of it,task,Advising on business or operational matters,Most of it,9,51,17.23,5.31,10.22,27.59
q12_ai_time_share,12,"Out of the time you spend on this task or tasks, how much involves interacting with AI only (including prompting, checking, editing, or managing the output)? Select the closest answer.",About half of it,task,Advising on business or operational matters,About half,10,51,19.7,5.67,12.13,30.35
q12_ai_time_share,12,"Out of the time you spend on this task or tasks, how much involves interacting with AI only (including prompting, checking, editing, or managing the output)? Select the closest answer.",A little of it,task,Advising on business or operational matters,A little,24,51,46.58,7.09,35.5,58.02
q12_ai_time_share,12,"Out of the time you spend on this task or tasks, how much involves interacting with AI only (including prompting, checking, editing, or managing the output)? Select the closest answer.",None or almost none of it,task,Advising on business or operational matters,None or almost none,4,51,8.08,3.91,3.7,16.72
q12_ai_time_share,12,"Out of the time you spend on this task or tasks, how much involves interacting with AI only (including prompting, checking, editing, or managing the output)? Select the closest answer.",Not sure,task,Advising on business or operational matters,Not sure,1,51,1.59,1.59,0.31,7.8
q12_ai_time_share,12,"Out of the time you spend on this task or tasks, how much involves interacting with AI only (including prompting, checking, editing, or managing the output)? Select the closest answer.",All or almost all of it,task,Assessing student capabilities or needs,All or almost all,2,24,9.15,6.34,3.19,23.51
q12_ai_time_share,12,"Out of the time you spend on this task or tasks, how much involves interacting with AI only (including prompting, checking, editing, or managing the output)? Select the closest answer.",Most of it,task,Assessing student capabilities or needs,Most of it,5,24,21.38,8.71,10.85,37.81
q12_ai_time_share,12,"Out of the time you spend on this task or tasks, how much involves interacting with AI only (including prompting, checking, editing, or managing the output)? Select the closest answer.",About half of it,task,Assessing student capabilities or needs,About half,8,24,33.07,9.86,19.62,50.0
q12_ai_time_share,12,"Out of the time you spend on this task or tasks, how much involves interacting with AI only (including prompting, checking, editing, or managing the output)? Select the closest answer.",A little of it,task,Assessing student capabilities or needs,A little,9,24,36.4,10.05,22.31,53.3
q12_ai_time_share,12,"Out of the time you spend on this task or tasks, how much involves interacting with AI only (including prompting, checking, editing, or managing the output)? Select the closest answer.",None or almost none of it,task,Assessing student capabilities or needs,None or almost none,0,24,0.0,0.0,0.0,10.29
q12_ai_time_share,12,"Out of the time you spend on this task or tasks, how much involves interacting with AI only (including prompting, checking, editing, or managing the output)? Select the closest answer.",Not sure,task,Assessing student capabilities or needs,Not sure,0,24,0.0,0.0,0.0,10.29
q13_time_before,13,"What best describes how much time you used to spend on this task or tasks per week, before you started using AI for it?",1 hour or less,full_sample,All,1 hour or less,121,797,15.06,1.96,11.6,19.33
q13_time_before,13,"What best describes how much time you used to spend on this task or tasks per week, before you started using AI for it?",More than 1 hour but less than 5 hours,full_sample,All,1–5 hours,202,797,25.1,2.28,20.72,30.05
q13_time_before,13,"What best describes how much time you used to spend on this task or tasks per week, before you started using AI for it?",More than 5 hours but less than 10 hours,full_sample,All,5–10 hours,199,797,24.89,2.2,20.53,29.84
q13_time_before,13,"What best describes how much time you used to spend on this task or tasks per week, before you started using AI for it?",More than 10 hours but less than 20 hours,full_sample,All,10–20 hours,117,797,14.54,1.74,11.14,18.76
q13_time_before,13,"What best describes how much time you used to spend on this task or tasks per week, before you started using AI for it?",20 hours or more,full_sample,All,20+ hours,85,797,11.1,1.82,8.15,14.95
q13_time_before,13,"What best describes how much time you used to spend on this task or tasks per week, before you started using AI for it?",Not sure,full_sample,All,Not sure,52,797,6.66,1.52,4.43,9.88
q13_time_before,13,"What best describes how much time you used to spend on this task or tasks per week, before you started using AI for it?","I did not use to do the task before, without AI",full_sample,All,Did not do this task before AI,21,797,2.64,0.78,1.38,4.99
q13_time_before,13,"What best describes how much time you used to spend on this task or tasks per week, before you started using AI for it?",1 hour or less,age_group,18–29,1 hour or less,16,157,10.06,2.84,4.86,19.68
q13_time_before,13,"What best describes how much time you used to spend on this task or tasks per week, before you started using AI for it?",More than 1 hour but less than 5 hours,age_group,18–29,1–5 hours,41,157,25.72,4.42,16.7,37.42
q13_time_before,13,"What best describes how much time you used to spend on this task or tasks per week, before you started using AI for it?",More than 5 hours but less than 10 hours,age_group,18–29,5–10 hours,36,157,23.7,4.47,15.05,35.26
q13_time_before,13,"What best describes how much time you used to spend on this task or tasks per week, before you started using AI for it?",More than 10 hours but less than 20 hours,age_group,18–29,10–20 hours,19,157,11.9,3.3,6.11,21.9
q13_time_before,13,"What best describes how much time you used to spend on this task or tasks per week, before you started using AI for it?",20 hours or more,age_group,18–29,20+ hours,27,157,17.55,4.75,10.22,28.46
q13_time_before,13,"What best describes how much time you used to spend on this task or tasks per week, before you started using AI for it?",Not sure,age_group,18–29,Not sure,9,157,6.13,3.52,2.41,14.69
q13_time_before,13,"What best describes how much time you used to spend on this task or tasks per week, before you started using AI for it?","I did not use to do the task before, without AI",age_group,18–29,Did not do this task before AI,9,157,4.95,2.39,1.76,13.11
q13_time_before,13,"What best describes how much time you used to spend on this task or tasks per week, before you started using AI for it?",1 hour or less,age_group,30–44,1 hour or less,60,312,19.25,3.76,13.32,26.99
q13_time_before,13,"What best describes how much time you used to spend on this task or tasks per week, before you started using AI for it?",More than 1 hour but less than 5 hours,age_group,30–44,1–5 hours,66,312,20.76,3.55,14.6,28.65
q13_time_before,13,"What best describes how much time you used to spend on this task or tasks per week, before you started using AI for it?",More than 5 hours but less than 10 hours,age_group,30–44,5–10 hours,80,312,25.6,3.73,18.78,33.85
q13_time_before,13,"What best describes how much time you used to spend on this task or tasks per week, before you started using AI for it?",More than 10 hours but less than 20 hours,age_group,30–44,10–20 hours,43,312,13.82,2.8,8.87,20.92
q13_time_before,13,"What best describes how much time you used to spend on this task or tasks per week, before you started using AI for it?",20 hours or more,age_group,30–44,20+ hours,30,312,9.69,2.83,5.66,16.1
q13_time_before,13,"What best describes how much time you used to spend on this task or tasks per week, before you started using AI for it?",Not sure,age_group,30–44,Not sure,26,312,8.55,2.75,4.82,14.73
q13_time_before,13,"What best describes how much time you used to spend on this task or tasks per week, before you started using AI for it?","I did not use to do the task before, without AI",age_group,30–44,Did not do this task before AI,7,312,2.33,1.19,0.79,6.68
q13_time_before,13,"What best describes how much time you used to spend on this task or tasks per week, before you started using AI for it?",1 hour or less,age_group,45–59,1 hour or less,32,224,14.23,3.74,8.56,22.72
q13_time_before,13,"What best describes how much time you used to spend on this task or tasks per week, before you started using AI for it?",More than 1 hour but less than 5 hours,age_group,45–59,1–5 hours,55,224,24.92,4.85,17.26,34.56
q13_time_before,13,"What best describes how much time you used to spend on this task or tasks per week, before you started using AI for it?",More than 5 hours but less than 10 hours,age_group,45–59,5–10 hours,55,224,24.17,4.21,16.62,33.75
q13_time_before,13,"What best describes how much time you used to spend on this task or tasks per week, before you started using AI for it?",More than 10 hours but less than 20 hours,age_group,45–59,10–20 hours,41,224,18.23,3.84,11.72,27.26
q13_time_before,13,"What best describes how much time you used to spend on this task or tasks per week, before you started using AI for it?",20 hours or more,age_group,45–59,20+ hours,24,224,10.88,3.34,6.05,18.8
q13_time_before,13,"What best describes how much time you used to spend on this task or tasks per week, before you started using AI for it?",Not sure,age_group,45–59,Not sure,14,224,6.03,2.45,2.73,12.8
q13_time_before,13,"What best describes how much time you used to spend on this task or tasks per week, before you started using AI for it?","I did not use to do the task before, without AI",age_group,45–59,Did not do this task before AI,3,224,1.54,1.12,0.35,6.55
q13_time_before,13,"What best describes how much time you used to spend on this task or tasks per week, before you started using AI for it?",1 hour or less,age_group,60+,1 hour or less,13,104,12.61,4.1,5.87,25.04
q13_time_before,13,"What best describes how much time you used to spend on this task or tasks per week, before you started using AI for it?",More than 1 hour but less than 5 hours,age_group,60+,1–5 hours,40,104,39.3,6.34,26.61,53.61
q13_time_before,13,"What best describes how much time you used to spend on this task or tasks per week, before you started using AI for it?",More than 5 hours but less than 10 hours,age_group,60+,5–10 hours,28,104,26.61,5.68,16.07,40.71
q13_time_before,13,"What best describes how much time you used to spend on this task or tasks per week, before you started using AI for it?",More than 10 hours but less than 20 hours,age_group,60+,10–20 hours,14,104,13.27,3.7,6.3,25.83
q13_time_before,13,"What best describes how much time you used to spend on this task or tasks per week, before you started using AI for it?",20 hours or more,age_group,60+,20+ hours,4,104,3.67,2.51,0.92,13.46
q13_time_before,13,"What best describes how much time you used to spend on this task or tasks per week, before you started using AI for it?",Not sure,age_group,60+,Not sure,3,104,2.73,2.68,0.57,12.09
q13_time_before,13,"What best describes how much time you used to spend on this task or tasks per week, before you started using AI for it?","I did not use to do the task before, without AI",age_group,60+,Did not do this task before AI,2,104,1.82,1.27,0.29,10.68
q13_time_before,13,"What best describes how much time you used to spend on this task or tasks per week, before you started using AI for it?",1 hour or less,gender,Male,1 hour or less,72,469,15.03,2.55,10.67,20.76
q13_time_before,13,"What best describes how much time you used to spend on this task or tasks per week, before you started using AI for it?",More than 1 hour but less than 5 hours,gender,Male,1–5 hours,124,469,26.22,3.09,20.52,32.86
q13_time_before,13,"What best describes how much time you used to spend on this task or tasks per week, before you started using AI for it?",More than 5 hours but less than 10 hours,gender,Male,5–10 hours,112,469,23.89,2.68,18.41,30.38
q13_time_before,13,"What best describes how much time you used to spend on this task or tasks per week, before you started using AI for it?",More than 10 hours but less than 20 hours,gender,Male,10–20 hours,74,469,15.76,2.35,11.29,21.57
q13_time_before,13,"What best describes how much time you used to spend on this task or tasks per week, before you started using AI for it?",20 hours or more,gender,Male,20+ hours,52,469,11.53,2.52,7.76,16.82
q13_time_before,13,"What best describes how much time you used to spend on this task or tasks per week, before you started using AI for it?",Not sure,gender,Male,Not sure,21,469,4.56,1.61,2.4,8.5
q13_time_before,13,"What best describes how much time you used to spend on this task or tasks per week, before you started using AI for it?","I did not use to do the task before, without AI",gender,Male,Did not do this task before AI,14,469,3.0,1.09,1.36,6.47
q13_time_before,13,"What best describes how much time you used to spend on this task or tasks per week, before you started using AI for it?",1 hour or less,gender,Female,1 hour or less,49,328,15.11,3.07,10.06,22.06
q13_time_before,13,"What best describes how much time you used to spend on this task or tasks per week, before you started using AI for it?",More than 1 hour but less than 5 hours,gender,Female,1–5 hours,78,328,23.6,3.37,17.27,31.38
q13_time_before,13,"What best describes how much time you used to spend on this task or tasks per week, before you started using AI for it?",More than 5 hours but less than 10 hours,gender,Female,5–10 hours,87,328,26.24,3.67,19.58,34.19
q13_time_before,13,"What best describes how much time you used to spend on this task or tasks per week, before you started using AI for it?",More than 10 hours but less than 20 hours,gender,Female,10–20 hours,43,328,12.92,2.6,8.29,19.57
q13_time_before,13,"What best describes how much time you used to spend on this task or tasks per week, before you started using AI for it?",20 hours or more,gender,Female,20+ hours,33,328,10.53,2.6,6.42,16.79
q13_time_before,13,"What best describes how much time you used to spend on this task or tasks per week, before you started using AI for it?",Not sure,gender,Female,Not sure,31,328,9.45,2.79,5.6,15.52
q13_time_before,13,"What best describes how much time you used to spend on this task or tasks per week, before you started using AI for it?","I did not use to do the task before, without AI",gender,Female,Did not do this task before AI,7,328,2.16,1.09,0.73,6.21
q13_time_before,13,"What best describes how much time you used to spend on this task or tasks per week, before you started using AI for it?",1 hour or less,race_ethnicity,"White, Non-Hispanic",1 hour or less,62,460,13.58,2.31,9.51,19.04
q13_time_before,13,"What best describes how much time you used to spend on this task or tasks per week, before you started using AI for it?",More than 1 hour but less than 5 hours,race_ethnicity,"White, Non-Hispanic",1–5 hours,113,460,24.37,2.89,18.92,30.78
q13_time_before,13,"What best describes how much time you used to spend on this task or tasks per week, before you started using AI for it?",More than 5 hours but less than 10 hours,race_ethnicity,"White, Non-Hispanic",5–10 hours,120,460,25.96,3.03,20.37,32.47
q13_time_before,13,"What best describes how much time you used to spend on this task or tasks per week, before you started using AI for it?",More than 10 hours but less than 20 hours,race_ethnicity,"White, Non-Hispanic",10–20 hours,69,460,14.94,2.41,10.65,20.55
q13_time_before,13,"What best describes how much time you used to spend on this task or tasks per week, before you started using AI for it?",20 hours or more,race_ethnicity,"White, Non-Hispanic",20+ hours,50,460,10.97,2.31,7.35,16.08
q13_time_before,13,"What best describes how much time you used to spend on this task or tasks per week, before you started using AI for it?",Not sure,race_ethnicity,"White, Non-Hispanic",Not sure,32,460,7.02,2.08,4.22,11.44
q13_time_before,13,"What best describes how much time you used to spend on this task or tasks per week, before you started using AI for it?","I did not use to do the task before, without AI",race_ethnicity,"White, Non-Hispanic",Did not do this task before AI,14,460,3.17,1.23,1.49,6.62
q13_time_before,13,"What best describes how much time you used to spend on this task or tasks per week, before you started using AI for it?",1 hour or less,race_ethnicity,"Black, Non-Hispanic",1 hour or less,26,99,25.43,7.82,14.59,40.5
q13_time_before,13,"What best describes how much time you used to spend on this task or tasks per week, before you started using AI for it?",More than 1 hour but less than 5 hours,race_ethnicity,"Black, Non-Hispanic",1–5 hours,23,99,23.42,6.07,13.07,38.35
q13_time_before,13,"What best describes how much time you used to spend on this task or tasks per week, before you started using AI for it?",More than 5 hours but less than 10 hours,race_ethnicity,"Black, Non-Hispanic",5–10 hours,24,99,24.05,5.6,13.54,39.02
q13_time_before,13,"What best describes how much time you used to spend on this task or tasks per week, before you started using AI for it?",More than 10 hours but less than 20 hours,race_ethnicity,"Black, Non-Hispanic",10–20 hours,16,99,16.2,5.56,7.91,30.31
q13_time_before,13,"What best describes how much time you used to spend on this task or tasks per week, before you started using AI for it?",20 hours or more,race_ethnicity,"Black, Non-Hispanic",20+ hours,10,99,10.89,4.49,4.52,24.01
q13_time_before,13,"What best describes how much time you used to spend on this task or tasks per week, before you started using AI for it?",Not sure,race_ethnicity,"Black, Non-Hispanic",Not sure,0,99,0.0,0.0,0.0,8.61
q13_time_before,13,"What best describes how much time you used to spend on this task or tasks per week, before you started using AI for it?","I did not use to do the task before, without AI",race_ethnicity,"Black, Non-Hispanic",Did not do this task before AI,0,99,0.0,0.0,0.0,8.61
q13_time_before,13,"What best describes how much time you used to spend on this task or tasks per week, before you started using AI for it?",1 hour or less,race_ethnicity,Hispanic,1 hour or less,23,125,18.09,4.62,9.69,31.25
q13_time_before,13,"What best describes how much time you used to spend on this task or tasks per week, before you started using AI for it?",More than 1 hour but less than 5 hours,race_ethnicity,Hispanic,1–5 hours,38,125,29.55,6.47,18.52,43.63
q13_time_before,13,"What best describes how much time you used to spend on this task or tasks per week, before you started using AI for it?",More than 5 hours but less than 10 hours,race_ethnicity,Hispanic,5–10 hours,24,125,19.61,5.07,10.8,32.96
q13_time_before,13,"What best describes how much time you used to spend on this task or tasks per week, before you started using AI for it?",More than 10 hours but less than 20 hours,race_ethnicity,Hispanic,10–20 hours,12,125,9.09,2.73,3.72,20.57
q13_time_before,13,"What best describes how much time you used to spend on this task or tasks per week, before you started using AI for it?",20 hours or more,race_ethnicity,Hispanic,20+ hours,12,125,10.68,5.67,4.68,22.55
q13_time_before,13,"What best describes how much time you used to spend on this task or tasks per week, before you started using AI for it?",Not sure,race_ethnicity,Hispanic,Not sure,14,125,11.4,4.86,5.13,23.43
q13_time_before,13,"What best describes how much time you used to spend on this task or tasks per week, before you started using AI for it?","I did not use to do the task before, without AI",race_ethnicity,Hispanic,Did not do this task before AI,2,125,1.57,1.14,0.23,10.15
q13_time_before,13,"What best describes how much time you used to spend on this task or tasks per week, before you started using AI for it?",1 hour or less,race_ethnicity,"Other/2+, Non-Hispanic",1 hour or less,10,113,8.08,4.6,3.09,19.53
q13_time_before,13,"What best describes how much time you used to spend on this task or tasks per week, before you started using AI for it?",More than 1 hour but less than 5 hours,race_ethnicity,"Other/2+, Non-Hispanic",1–5 hours,28,113,24.22,6.1,14.15,38.26
q13_time_before,13,"What best describes how much time you used to spend on this task or tasks per week, before you started using AI for it?",More than 5 hours but less than 10 hours,race_ethnicity,"Other/2+, Non-Hispanic",5–10 hours,31,113,27.67,5.84,16.86,41.92
q13_time_before,13,"What best describes how much time you used to spend on this task or tasks per week, before you started using AI for it?",More than 10 hours but less than 20 hours,race_ethnicity,"Other/2+, Non-Hispanic",10–20 hours,20,113,17.72,4.79,9.32,31.09
q13_time_before,13,"What best describes how much time you used to spend on this task or tasks per week, before you started using AI for it?",20 hours or more,race_ethnicity,"Other/2+, Non-Hispanic",20+ hours,13,113,12.18,4.59,5.56,24.63
q13_time_before,13,"What best describes how much time you used to spend on this task or tasks per week, before you started using AI for it?",Not sure,race_ethnicity,"Other/2+, Non-Hispanic",Not sure,6,113,5.91,3.63,1.93,16.68
q13_time_before,13,"What best describes how much time you used to spend on this task or tasks per week, before you started using AI for it?","I did not use to do the task before, without AI",race_ethnicity,"Other/2+, Non-Hispanic",Did not do this task before AI,5,113,4.22,2.21,1.14,14.34
q13_time_before,13,"What best describes how much time you used to spend on this task or tasks per week, before you started using AI for it?",1 hour or less,region,Northeast,1 hour or less,14,141,9.53,3.71,4.29,19.82
q13_time_before,13,"What best describes how much time you used to spend on this task or tasks per week, before you started using AI for it?",More than 1 hour but less than 5 hours,region,Northeast,1–5 hours,30,141,21.8,5.52,13.09,34.03
q13_time_before,13,"What best describes how much time you used to spend on this task or tasks per week, before you started using AI for it?",More than 5 hours but less than 10 hours,region,Northeast,5–10 hours,44,141,30.88,5.82,20.46,43.68
q13_time_before,13,"What best describes how much time you used to spend on this task or tasks per week, before you started using AI for it?",More than 10 hours but less than 20 hours,region,Northeast,10–20 hours,31,141,21.85,4.79,13.13,34.09
q13_time_before,13,"What best describes how much time you used to spend on this task or tasks per week, before you started using AI for it?",20 hours or more,region,Northeast,20+ hours,13,141,9.76,3.95,4.44,20.1
q13_time_before,13,"What best describes how much time you used to spend on this task or tasks per week, before you started using AI for it?",Not sure,region,Northeast,Not sure,6,141,4.04,3.0,1.22,12.62
q13_time_before,13,"What best describes how much time you used to spend on this task or tasks per week, before you started using AI for it?","I did not use to do the task before, without AI",region,Northeast,Did not do this task before AI,3,141,2.15,2.14,0.44,9.83
q13_time_before,13,"What best describes how much time you used to spend on this task or tasks per week, before you started using AI for it?",1 hour or less,region,Midwest,1 hour or less,28,128,21.08,5.92,12.48,33.36
q13_time_before,13,"What best describes how much time you used to spend on this task or tasks per week, before you started using AI for it?",More than 1 hour but less than 5 hours,region,Midwest,1–5 hours,30,128,23.5,5.39,14.37,36.01
q13_time_before,13,"What best describes how much time you used to spend on this task or tasks per week, before you started using AI for it?",More than 5 hours but less than 10 hours,region,Midwest,5–10 hours,29,128,22.47,5.47,13.55,34.88
q13_time_before,13,"What best describes how much time you used to spend on this task or tasks per week, before you started using AI for it?",More than 10 hours but less than 20 hours,region,Midwest,10–20 hours,15,128,12.37,4.57,6.13,23.4
q13_time_before,13,"What best describes how much time you used to spend on this task or tasks per week, before you started using AI for it?",20 hours or more,region,Midwest,20+ hours,13,128,10.41,4.14,4.83,21.02
q13_time_before,13,"What best describes how much time you used to spend on this task or tasks per week, before you started using AI for it?",Not sure,region,Midwest,Not sure,8,128,6.21,3.55,2.3,15.68
q13_time_before,13,"What best describes how much time you used to spend on this task or tasks per week, before you started using AI for it?","I did not use to do the task before, without AI",region,Midwest,Did not do this task before AI,5,128,3.95,2.06,1.16,12.59
q13_time_before,13,"What best describes how much time you used to spend on this task or tasks per week, before you started using AI for it?",1 hour or less,region,South,1 hour or less,59,320,18.43,3.38,12.78,25.83
q13_time_before,13,"What best describes how much time you used to spend on this task or tasks per week, before you started using AI for it?",More than 1 hour but less than 5 hours,region,South,1–5 hours,74,320,22.76,3.29,16.48,30.56
q13_time_before,13,"What best describes how much time you used to spend on this task or tasks per week, before you started using AI for it?",More than 5 hours but less than 10 hours,region,South,5–10 hours,72,320,22.39,3.21,16.16,30.16
q13_time_before,13,"What best describes how much time you used to spend on this task or tasks per week, before you started using AI for it?",More than 10 hours but less than 20 hours,region,South,10–20 hours,47,320,14.31,2.58,9.38,21.23
q13_time_before,13,"What best describes how much time you used to spend on this task or tasks per week, before you started using AI for it?",20 hours or more,region,South,20+ hours,39,320,12.91,3.28,8.25,19.63
q13_time_before,13,"What best describes how much time you used to spend on this task or tasks per week, before you started using AI for it?",Not sure,region,South,Not sure,19,320,5.97,2.19,3.06,11.34
q13_time_before,13,"What best describes how much time you used to spend on this task or tasks per week, before you started using AI for it?","I did not use to do the task before, without AI",region,South,Did not do this task before AI,10,320,3.23,1.4,1.31,7.75
q13_time_before,13,"What best describes how much time you used to spend on this task or tasks per week, before you started using AI for it?",1 hour or less,region,West,1 hour or less,20,208,10.0,2.86,5.19,18.42
q13_time_before,13,"What best describes how much time you used to spend on this task or tasks per week, before you started using AI for it?",More than 1 hour but less than 5 hours,region,West,1–5 hours,68,208,31.92,4.97,22.81,42.66
q13_time_before,13,"What best describes how much time you used to spend on this task or tasks per week, before you started using AI for it?",More than 5 hours but less than 10 hours,region,West,5–10 hours,54,208,26.19,4.39,17.87,36.65
q13_time_before,13,"What best describes how much time you used to spend on this task or tasks per week, before you started using AI for it?",More than 10 hours but less than 20 hours,region,West,10–20 hours,24,208,11.25,3.22,6.07,19.92
q13_time_before,13,"What best describes how much time you used to spend on this task or tasks per week, before you started using AI for it?",20 hours or more,region,West,20+ hours,20,208,9.59,3.04,4.91,17.92
q13_time_before,13,"What best describes how much time you used to spend on this task or tasks per week, before you started using AI for it?",Not sure,region,West,Not sure,19,208,9.77,3.66,5.03,18.13
q13_time_before,13,"What best describes how much time you used to spend on this task or tasks per week, before you started using AI for it?","I did not use to do the task before, without AI",region,West,Did not do this task before AI,3,208,1.28,0.74,0.23,6.72
q13_time_before,13,"What best describes how much time you used to spend on this task or tasks per week, before you started using AI for it?",1 hour or less,education,Less than HS,1 hour or less,3,17,16.94,10.69,3.98,50.11
q13_time_before,13,"What best describes how much time you used to spend on this task or tasks per week, before you started using AI for it?",More than 1 hour but less than 5 hours,education,Less than HS,1–5 hours,4,17,24.59,12.57,7.32,57.4
q13_time_before,13,"What best describes how much time you used to spend on this task or tasks per week, before you started using AI for it?",More than 5 hours but less than 10 hours,education,Less than HS,5–10 hours,4,17,24.07,9.89,7.07,56.92
q13_time_before,13,"What best describes how much time you used to spend on this task or tasks per week, before you started using AI for it?",More than 10 hours but less than 20 hours,education,Less than HS,10–20 hours,2,17,10.67,8.07,1.82,43.57
q13_time_before,13,"What best describes how much time you used to spend on this task or tasks per week, before you started using AI for it?",20 hours or more,education,Less than HS,20+ hours,0,17,0.0,0.0,0.0,30.56
q13_time_before,13,"What best describes how much time you used to spend on this task or tasks per week, before you started using AI for it?",Not sure,education,Less than HS,Not sure,4,17,23.73,17.53,6.9,56.61
q13_time_before,13,"What best describes how much time you used to spend on this task or tasks per week, before you started using AI for it?","I did not use to do the task before, without AI",education,Less than HS,Did not do this task before AI,0,17,0.0,0.0,0.0,30.56
q13_time_before,13,"What best describes how much time you used to spend on this task or tasks per week, before you started using AI for it?",1 hour or less,education,High school,1 hour or less,7,101,6.5,2.26,2.12,18.23
q13_time_before,13,"What best describes how much time you used to spend on this task or tasks per week, before you started using AI for it?",More than 1 hour but less than 5 hours,education,High school,1–5 hours,22,101,22.07,6.74,12.15,36.73
q13_time_before,13,"What best describes how much time you used to spend on this task or tasks per week, before you started using AI for it?",More than 5 hours but less than 10 hours,education,High school,5–10 hours,33,101,32.48,6.5,20.26,47.66
q13_time_before,13,"What best describes how much time you used to spend on this task or tasks per week, before you started using AI for it?",More than 10 hours but less than 20 hours,education,High school,10–20 hours,16,101,15.44,5.14,7.46,29.27
q13_time_before,13,"What best describes how much time you used to spend on this task or tasks per week, before you started using AI for it?",20 hours or more,education,High school,20+ hours,10,101,10.41,5.78,4.27,23.25
q13_time_before,13,"What best describes how much time you used to spend on this task or tasks per week, before you started using AI for it?",Not sure,education,High school,Not sure,9,101,9.41,3.51,3.68,22.0
q13_time_before,13,"What best describes how much time you used to spend on this task or tasks per week, before you started using AI for it?","I did not use to do the task before, without AI",education,High school,Did not do this task before AI,4,101,3.68,2.28,0.87,14.33
q13_time_before,13,"What best describes how much time you used to spend on this task or tasks per week, before you started using AI for it?",1 hour or less,education,Some college,1 hour or less,30,167,17.46,4.34,10.3,28.02
q13_time_before,13,"What best describes how much time you used to spend on this task or tasks per week, before you started using AI for it?",More than 1 hour but less than 5 hours,education,Some college,1–5 hours,50,167,29.31,5.17,19.92,40.88
q13_time_before,13,"What best describes how much time you used to spend on this task or tasks per week, before you started using AI for it?",More than 5 hours but less than 10 hours,education,Some college,5–10 hours,39,167,23.28,5.01,14.9,34.46
q13_time_before,13,"What best describes how much time you used to spend on this task or tasks per week, before you started using AI for it?",More than 10 hours but less than 20 hours,education,Some college,10–20 hours,17,167,10.7,2.91,5.39,20.13
q13_time_before,13,"What best describes how much time you used to spend on this task or tasks per week, before you started using AI for it?",20 hours or more,education,Some college,20+ hours,19,167,12.21,4.42,6.44,21.95
q13_time_before,13,"What best describes how much time you used to spend on this task or tasks per week, before you started using AI for it?",Not sure,education,Some college,Not sure,10,167,5.86,3.26,2.32,14.03
q13_time_before,13,"What best describes how much time you used to spend on this task or tasks per week, before you started using AI for it?","I did not use to do the task before, without AI",education,Some college,Did not do this task before AI,2,167,1.18,0.85,0.18,7.31
q13_time_before,13,"What best describes how much time you used to spend on this task or tasks per week, before you started using AI for it?",1 hour or less,education,Bachelor+,1 hour or less,81,512,16.03,2.68,11.69,21.6
q13_time_before,13,"What best describes how much time you used to spend on this task or tasks per week, before you started using AI for it?",More than 1 hour but less than 5 hours,education,Bachelor+,1–5 hours,126,512,24.3,2.79,18.99,30.52
q13_time_before,13,"What best describes how much time you used to spend on this task or tasks per week, before you started using AI for it?",More than 5 hours but less than 10 hours,education,Bachelor+,5–10 hours,123,512,23.83,2.68,18.57,30.03
q13_time_before,13,"What best describes how much time you used to spend on this task or tasks per week, before you started using AI for it?",More than 10 hours but less than 20 hours,education,Bachelor+,10–20 hours,82,512,15.85,2.33,11.53,21.4
q13_time_before,13,"What best describes how much time you used to spend on this task or tasks per week, before you started using AI for it?",20 hours or more,education,Bachelor+,20+ hours,56,512,11.28,2.14,7.68,16.28
q13_time_before,13,"What best describes how much time you used to spend on this task or tasks per week, before you started using AI for it?",Not sure,education,Bachelor+,Not sure,29,512,5.68,1.9,3.28,9.68
q13_time_before,13,"What best describes how much time you used to spend on this task or tasks per week, before you started using AI for it?","I did not use to do the task before, without AI",education,Bachelor+,Did not do this task before AI,15,512,3.03,1.11,1.42,6.32
q13_time_before,13,"What best describes how much time you used to spend on this task or tasks per week, before you started using AI for it?",1 hour or less,income,Under $25K,1 hour or less,11,52,20.97,9.46,8.89,41.9
q13_time_before,13,"What best describes how much time you used to spend on this task or tasks per week, before you started using AI for it?",More than 1 hour but less than 5 hours,income,Under $25K,1–5 hours,15,52,28.26,9.45,13.68,49.47
q13_time_before,13,"What best describes how much time you used to spend on this task or tasks per week, before you started using AI for it?",More than 5 hours but less than 10 hours,income,Under $25K,5–10 hours,13,52,25.49,7.16,11.8,46.65
q13_time_before,13,"What best describes how much time you used to spend on this task or tasks per week, before you started using AI for it?",More than 10 hours but less than 20 hours,income,Under $25K,10–20 hours,7,52,13.41,8.09,4.56,33.41
q13_time_before,13,"What best describes how much time you used to spend on this task or tasks per week, before you started using AI for it?",20 hours or more,income,Under $25K,20+ hours,2,52,3.56,3.64,0.52,20.76
q13_time_before,13,"What best describes how much time you used to spend on this task or tasks per week, before you started using AI for it?",Not sure,income,Under $25K,Not sure,4,52,8.32,6.59,2.16,27.19
q13_time_before,13,"What best describes how much time you used to spend on this task or tasks per week, before you started using AI for it?","I did not use to do the task before, without AI",income,Under $25K,Did not do this task before AI,0,52,0.0,0.0,0.0,15.25
q13_time_before,13,"What best describes how much time you used to spend on this task or tasks per week, before you started using AI for it?",1 hour or less,income,$25K–$50K,1 hour or less,7,56,12.25,6.31,4.06,31.53
q13_time_before,13,"What best describes how much time you used to spend on this task or tasks per week, before you started using AI for it?",More than 1 hour but less than 5 hours,income,$25K–$50K,1–5 hours,7,56,12.28,6.01,4.08,31.57
q13_time_before,13,"What best describes how much time you used to spend on this task or tasks per week, before you started using AI for it?",More than 5 hours but less than 10 hours,income,$25K–$50K,5–10 hours,14,56,26.07,8.48,12.39,46.77
q13_time_before,13,"What best describes how much time you used to spend on this task or tasks per week, before you started using AI for it?",More than 10 hours but less than 20 hours,income,$25K–$50K,10–20 hours,9,56,15.32,4.97,5.7,35.13
q13_time_before,13,"What best describes how much time you used to spend on this task or tasks per week, before you started using AI for it?",20 hours or more,income,$25K–$50K,20+ hours,15,56,27.27,10.85,13.22,48.01
q13_time_before,13,"What best describes how much time you used to spend on this task or tasks per week, before you started using AI for it?",Not sure,income,$25K–$50K,Not sure,2,56,3.6,2.42,0.54,20.29
q13_time_before,13,"What best describes how much time you used to spend on this task or tasks per week, before you started using AI for it?","I did not use to do the task before, without AI",income,$25K–$50K,Did not do this task before AI,2,56,3.21,3.13,0.45,19.73
q13_time_before,13,"What best describes how much time you used to spend on this task or tasks per week, before you started using AI for it?",1 hour or less,income,$50K–$75K,1 hour or less,11,47,22.61,9.56,9.16,45.86
q13_time_before,13,"What best describes how much time you used to spend on this task or tasks per week, before you started using AI for it?",More than 1 hour but less than 5 hours,income,$50K–$75K,1–5 hours,12,47,26.9,10.31,11.83,50.23
q13_time_before,13,"What best describes how much time you used to spend on this task or tasks per week, before you started using AI for it?",More than 5 hours but less than 10 hours,income,$50K–$75K,5–10 hours,11,47,22.0,8.04,8.79,45.22
q13_time_before,13,"What best describes how much time you used to spend on this task or tasks per week, before you started using AI for it?",More than 10 hours but less than 20 hours,income,$50K–$75K,10–20 hours,2,47,5.16,4.81,0.86,25.5
q13_time_before,13,"What best describes how much time you used to spend on this task or tasks per week, before you started using AI for it?",20 hours or more,income,$50K–$75K,20+ hours,6,47,13.22,5.68,4.04,35.55
q13_time_before,13,"What best describes how much time you used to spend on this task or tasks per week, before you started using AI for it?",Not sure,income,$50K–$75K,Not sure,3,47,5.8,4.48,1.05,26.36
q13_time_before,13,"What best describes how much time you used to spend on this task or tasks per week, before you started using AI for it?","I did not use to do the task before, without AI",income,$50K–$75K,Did not do this task before AI,2,47,4.29,3.23,0.62,24.3
q13_time_before,13,"What best describes how much time you used to spend on this task or tasks per week, before you started using AI for it?",1 hour or less,income,$75K–$100K,1 hour or less,9,72,12.86,4.49,5.5,27.25
q13_time_before,13,"What best describes how much time you used to spend on this task or tasks per week, before you started using AI for it?",More than 1 hour but less than 5 hours,income,$75K–$100K,1–5 hours,19,72,26.61,6.68,15.06,42.59
q13_time_before,13,"What best describes how much time you used to spend on this task or tasks per week, before you started using AI for it?",More than 5 hours but less than 10 hours,income,$75K–$100K,5–10 hours,17,72,23.52,6.8,12.75,39.3
q13_time_before,13,"What best describes how much time you used to spend on this task or tasks per week, before you started using AI for it?",More than 10 hours but less than 20 hours,income,$75K–$100K,10–20 hours,7,72,9.2,4.12,3.37,22.74
q13_time_before,13,"What best describes how much time you used to spend on this task or tasks per week, before you started using AI for it?",20 hours or more,income,$75K–$100K,20+ hours,11,72,15.16,6.82,6.95,29.96
q13_time_before,13,"What best describes how much time you used to spend on this task or tasks per week, before you started using AI for it?",Not sure,income,$75K–$100K,Not sure,6,72,8.09,5.86,2.78,21.33
q13_time_before,13,"What best describes how much time you used to spend on this task or tasks per week, before you started using AI for it?","I did not use to do the task before, without AI",income,$75K–$100K,Did not do this task before AI,3,72,4.55,2.61,1.13,16.55
q13_time_before,13,"What best describes how much time you used to spend on this task or tasks per week, before you started using AI for it?",1 hour or less,income,$100K+,1 hour or less,83,570,14.45,2.34,10.52,19.52
q13_time_before,13,"What best describes how much time you used to spend on this task or tasks per week, before you started using AI for it?",More than 1 hour but less than 5 hours,income,$100K+,1–5 hours,149,570,26.01,2.77,20.81,31.98
q13_time_before,13,"What best describes how much time you used to spend on this task or tasks per week, before you started using AI for it?",More than 5 hours but less than 10 hours,income,$100K+,5–10 hours,144,570,25.12,2.69,20.0,31.04
q13_time_before,13,"What best describes how much time you used to spend on this task or tasks per week, before you started using AI for it?",More than 10 hours but less than 20 hours,income,$100K+,10–20 hours,92,570,16.05,2.2,11.91,21.29
q13_time_before,13,"What best describes how much time you used to spend on this task or tasks per week, before you started using AI for it?",20 hours or more,income,$100K+,20+ hours,51,570,9.16,1.9,6.1,13.54
q13_time_before,13,"What best describes how much time you used to spend on this task or tasks per week, before you started using AI for it?",Not sure,income,$100K+,Not sure,37,570,6.77,1.89,4.2,10.73
q13_time_before,13,"What best describes how much time you used to spend on this task or tasks per week, before you started using AI for it?","I did not use to do the task before, without AI",income,$100K+,Did not do this task before AI,14,570,2.44,0.96,1.1,5.31
q13_time_before,13,"What best describes how much time you used to spend on this task or tasks per week, before you started using AI for it?",1 hour or less,employment,Full-time,1 hour or less,102,701,14.53,2.05,10.91,19.1
q13_time_before,13,"What best describes how much time you used to spend on this task or tasks per week, before you started using AI for it?",More than 1 hour but less than 5 hours,employment,Full-time,1–5 hours,181,701,25.57,2.49,20.85,30.94
q13_time_before,13,"What best describes how much time you used to spend on this task or tasks per week, before you started using AI for it?",More than 5 hours but less than 10 hours,employment,Full-time,5–10 hours,174,701,24.71,2.4,20.06,30.03
q13_time_before,13,"What best describes how much time you used to spend on this task or tasks per week, before you started using AI for it?",More than 10 hours but less than 20 hours,employment,Full-time,10–20 hours,103,701,14.5,1.85,10.88,19.06
q13_time_before,13,"What best describes how much time you used to spend on this task or tasks per week, before you started using AI for it?",20 hours or more,employment,Full-time,20+ hours,80,701,11.91,2.06,8.65,16.19
q13_time_before,13,"What best describes how much time you used to spend on this task or tasks per week, before you started using AI for it?",Not sure,employment,Full-time,Not sure,46,701,6.66,1.65,4.31,10.17
q13_time_before,13,"What best describes how much time you used to spend on this task or tasks per week, before you started using AI for it?","I did not use to do the task before, without AI",employment,Full-time,Did not do this task before AI,15,701,2.12,0.7,0.98,4.54
q13_time_before,13,"What best describes how much time you used to spend on this task or tasks per week, before you started using AI for it?",1 hour or less,employment,Part-time,1 hour or less,19,96,18.73,6.41,9.92,32.54
q13_time_before,13,"What best describes how much time you used to spend on this task or tasks per week, before you started using AI for it?",More than 1 hour but less than 5 hours,employment,Part-time,1–5 hours,21,96,21.85,5.27,12.2,36.0
q13_time_before,13,"What best describes how much time you used to spend on this task or tasks per week, before you started using AI for it?",More than 5 hours but less than 10 hours,employment,Part-time,5–10 hours,25,96,26.2,5.12,15.52,40.67
q13_time_before,13,"What best describes how much time you used to spend on this task or tasks per week, before you started using AI for it?",More than 10 hours but less than 20 hours,employment,Part-time,10–20 hours,14,96,14.87,5.13,7.24,28.12
q13_time_before,13,"What best describes how much time you used to spend on this task or tasks per week, before you started using AI for it?",20 hours or more,employment,Part-time,20+ hours,5,96,5.51,2.19,1.7,16.44
q13_time_before,13,"What best describes how much time you used to spend on this task or tasks per week, before you started using AI for it?",Not sure,employment,Part-time,Not sure,6,96,6.64,3.68,2.26,17.95
q13_time_before,13,"What best describes how much time you used to spend on this task or tasks per week, before you started using AI for it?","I did not use to do the task before, without AI",employment,Part-time,Did not do this task before AI,6,96,6.2,3.68,2.04,17.37
q13_time_before,13,"What best describes how much time you used to spend on this task or tasks per week, before you started using AI for it?",1 hour or less,task,Maintaining operational records,1 hour or less,8,71,11.11,3.74,6.33,18.8
q13_time_before,13,"What best describes how much time you used to spend on this task or tasks per week, before you started using AI for it?",More than 1 hour but less than 5 hours,task,Maintaining operational records,1–5 hours,14,71,19.92,4.83,13.25,28.83
q13_time_before,13,"What best describes how much time you used to spend on this task or tasks per week, before you started using AI for it?",More than 5 hours but less than 10 hours,task,Maintaining operational records,5–10 hours,22,71,30.85,5.56,22.62,40.51
q13_time_before,13,"What best describes how much time you used to spend on this task or tasks per week, before you started using AI for it?",More than 10 hours but less than 20 hours,task,Maintaining operational records,10–20 hours,12,71,15.78,4.25,9.91,24.21
q13_time_before,13,"What best describes how much time you used to spend on this task or tasks per week, before you started using AI for it?",20 hours or more,task,Maintaining operational records,20+ hours,8,71,11.83,3.97,6.86,19.65
q13_time_before,13,"What best describes how much time you used to spend on this task or tasks per week, before you started using AI for it?",Not sure,task,Maintaining operational records,Not sure,7,71,10.5,3.82,5.87,18.06
q13_time_before,13,"What best describes how much time you used to spend on this task or tasks per week, before you started using AI for it?","I did not use to do the task before, without AI",task,Maintaining operational records,Did not do this task before AI,0,71,0.0,0.0,0.0,3.73
q13_time_before,13,"What best describes how much time you used to spend on this task or tasks per week, before you started using AI for it?",1 hour or less,task,"Developing policies, systems, or processes",1 hour or less,14,100,13.42,3.37,8.74,20.05
q13_time_before,13,"What best describes how much time you used to spend on this task or tasks per week, before you started using AI for it?",More than 1 hour but less than 5 hours,task,"Developing policies, systems, or processes",1–5 hours,36,100,35.84,4.85,28.37,44.06
q13_time_before,13,"What best describes how much time you used to spend on this task or tasks per week, before you started using AI for it?",More than 5 hours but less than 10 hours,task,"Developing policies, systems, or processes",5–10 hours,23,100,22.48,4.19,16.36,30.08
q13_time_before,13,"What best describes how much time you used to spend on this task or tasks per week, before you started using AI for it?",More than 10 hours but less than 20 hours,task,"Developing policies, systems, or processes",10–20 hours,9,100,9.52,3.05,5.69,15.52
q13_time_before,13,"What best describes how much time you used to spend on this task or tasks per week, before you started using AI for it?",20 hours or more,task,"Developing policies, systems, or processes",20+ hours,5,100,5.13,2.26,2.53,10.13
q13_time_before,13,"What best describes how much time you used to spend on this task or tasks per week, before you started using AI for it?",Not sure,task,"Developing policies, systems, or processes",Not sure,10,100,10.38,3.16,6.34,16.53
q13_time_before,13,"What best describes how much time you used to spend on this task or tasks per week, before you started using AI for it?","I did not use to do the task before, without AI",task,"Developing policies, systems, or processes",Did not do this task before AI,3,100,3.23,1.84,1.33,7.62
q13_time_before,13,"What best describes how much time you used to spend on this task or tasks per week, before you started using AI for it?",1 hour or less,task,Reading documents to inform work,1 hour or less,16,125,12.58,2.97,8.46,18.32
q13_time_before,13,"What best describes how much time you used to spend on this task or tasks per week, before you started using AI for it?",More than 1 hour but less than 5 hours,task,Reading documents to inform work,1–5 hours,30,125,23.85,3.84,18.14,30.69
q13_time_before,13,"What best describes how much time you used to spend on this task or tasks per week, before you started using AI for it?",More than 5 hours but less than 10 hours,task,Reading documents to inform work,5–10 hours,38,125,30.38,4.16,24.04,37.56
q13_time_before,13,"What best describes how much time you used to spend on this task or tasks per week, before you started using AI for it?",More than 10 hours but less than 20 hours,task,Reading documents to inform work,10–20 hours,21,125,16.61,3.35,11.82,22.83
q13_time_before,13,"What best describes how much time you used to spend on this task or tasks per week, before you started using AI for it?",20 hours or more,task,Reading documents to inform work,20+ hours,12,125,10.17,2.81,6.51,15.54
q13_time_before,13,"What best describes how much time you used to spend on this task or tasks per week, before you started using AI for it?",Not sure,task,Reading documents to inform work,Not sure,7,125,5.6,2.08,3.05,10.05
q13_time_before,13,"What best describes how much time you used to spend on this task or tasks per week, before you started using AI for it?","I did not use to do the task before, without AI",task,Reading documents to inform work,Did not do this task before AI,1,125,0.81,0.81,0.18,3.55
q13_time_before,13,"What best describes how much time you used to spend on this task or tasks per week, before you started using AI for it?",1 hour or less,task,Determining values or prices,1 hour or less,8,45,17.51,5.71,10.09,28.65
q13_time_before,13,"What best describes how much time you used to spend on this task or tasks per week, before you started using AI for it?",More than 1 hour but less than 5 hours,task,Determining values or prices,1–5 hours,17,45,37.56,7.33,26.66,49.87
q13_time_before,13,"What best describes how much time you used to spend on this task or tasks per week, before you started using AI for it?",More than 5 hours but less than 10 hours,task,Determining values or prices,5–10 hours,8,45,18.09,5.88,10.53,29.3
q13_time_before,13,"What best describes how much time you used to spend on this task or tasks per week, before you started using AI for it?",More than 10 hours but less than 20 hours,task,Determining values or prices,10–20 hours,4,45,9.11,4.4,4.18,18.72
q13_time_before,13,"What best describes how much time you used to spend on this task or tasks per week, before you started using AI for it?",20 hours or more,task,Determining values or prices,20+ hours,4,45,9.13,4.42,4.19,18.74
q13_time_before,13,"What best describes how much time you used to spend on this task or tasks per week, before you started using AI for it?",Not sure,task,Determining values or prices,Not sure,1,45,2.32,2.32,0.53,9.57
q13_time_before,13,"What best describes how much time you used to spend on this task or tasks per week, before you started using AI for it?","I did not use to do the task before, without AI",task,Determining values or prices,Did not do this task before AI,3,45,6.28,3.57,2.46,15.1
q13_time_before,13,"What best describes how much time you used to spend on this task or tasks per week, before you started using AI for it?",1 hour or less,task,Analyzing or evaluating data,1 hour or less,24,140,17.14,3.22,12.51,23.04
q13_time_before,13,"What best describes how much time you used to spend on this task or tasks per week, before you started using AI for it?",More than 1 hour but less than 5 hours,task,Analyzing or evaluating data,1–5 hours,34,140,23.91,3.62,18.47,30.34
q13_time_before,13,"What best describes how much time you used to spend on this task or tasks per week, before you started using AI for it?",More than 5 hours but less than 10 hours,task,Analyzing or evaluating data,5–10 hours,30,140,21.42,3.51,16.26,27.68
q13_time_before,13,"What best describes how much time you used to spend on this task or tasks per week, before you started using AI for it?",More than 10 hours but less than 20 hours,task,Analyzing or evaluating data,10–20 hours,23,140,16.41,3.16,11.88,22.23
q13_time_before,13,"What best describes how much time you used to spend on this task or tasks per week, before you started using AI for it?",20 hours or more,task,Analyzing or evaluating data,20+ hours,17,140,12.54,2.88,8.61,17.9
q13_time_before,13,"What best describes how much time you used to spend on this task or tasks per week, before you started using AI for it?",Not sure,task,Analyzing or evaluating data,Not sure,9,140,6.44,2.09,3.78,10.79
q13_time_before,13,"What best describes how much time you used to spend on this task or tasks per week, before you started using AI for it?","I did not use to do the task before, without AI",task,Analyzing or evaluating data,Did not do this task before AI,3,140,2.14,1.23,0.85,5.27
q13_time_before,13,"What best describes how much time you used to spend on this task or tasks per week, before you started using AI for it?",1 hour or less,task,Designing computer or information systems,1 hour or less,5,53,9.98,4.27,5.02,18.87
q13_time_before,13,"What best describes how much time you used to spend on this task or tasks per week, before you started using AI for it?",More than 1 hour but less than 5 hours,task,Designing computer or information systems,1–5 hours,11,53,20.5,5.6,12.89,31.01
q13_time_before,13,"What best describes how much time you used to spend on this task or tasks per week, before you started using AI for it?",More than 5 hours but less than 10 hours,task,Designing computer or information systems,5–10 hours,12,53,23.6,6.02,15.4,34.39
q13_time_before,13,"What best describes how much time you used to spend on this task or tasks per week, before you started using AI for it?",More than 10 hours but less than 20 hours,task,Designing computer or information systems,10–20 hours,8,53,14.33,4.77,8.12,24.03
q13_time_before,13,"What best describes how much time you used to spend on this task or tasks per week, before you started using AI for it?",20 hours or more,task,Designing computer or information systems,20+ hours,11,53,19.83,5.45,12.36,30.27
q13_time_before,13,"What best describes how much time you used to spend on this task or tasks per week, before you started using AI for it?",Not sure,task,Designing computer or information systems,Not sure,3,53,5.96,3.38,2.45,13.79
q13_time_before,13,"What best describes how much time you used to spend on this task or tasks per week, before you started using AI for it?","I did not use to do the task before, without AI",task,Designing computer or information systems,Did not do this task before AI,3,53,5.81,3.29,2.36,13.59
q13_time_before,13,"What best describes how much time you used to spend on this task or tasks per week, before you started using AI for it?",1 hour or less,task,"Preparing contracts, applications, or permits",1 hour or less,13,70,18.16,4.61,11.77,26.95
q13_time_before,13,"What best describes how much time you used to spend on this task or tasks per week, before you started using AI for it?",More than 1 hour but less than 5 hours,task,"Preparing contracts, applications, or permits",1–5 hours,17,70,23.93,5.15,16.57,33.27
q13_time_before,13,"What best describes how much time you used to spend on this task or tasks per week, before you started using AI for it?",More than 5 hours but less than 10 hours,task,"Preparing contracts, applications, or permits",5–10 hours,19,70,27.41,5.43,19.55,36.97
q13_time_before,13,"What best describes how much time you used to spend on this task or tasks per week, before you started using AI for it?",More than 10 hours but less than 20 hours,task,"Preparing contracts, applications, or permits",10–20 hours,9,70,12.66,4.01,7.46,20.68
q13_time_before,13,"What best describes how much time you used to spend on this task or tasks per week, before you started using AI for it?",20 hours or more,task,"Preparing contracts, applications, or permits",20+ hours,5,70,7.81,3.39,3.95,14.86
q13_time_before,13,"What best describes how much time you used to spend on this task or tasks per week, before you started using AI for it?",Not sure,task,"Preparing contracts, applications, or permits",Not sure,5,70,7.26,3.21,3.58,14.17
q13_time_before,13,"What best describes how much time you used to spend on this task or tasks per week, before you started using AI for it?","I did not use to do the task before, without AI",task,"Preparing contracts, applications, or permits",Did not do this task before AI,2,70,2.77,1.94,0.9,8.2
q13_time_before,13,"What best describes how much time you used to spend on this task or tasks per week, before you started using AI for it?",1 hour or less,task,Explaining or providing info to clients,1 hour or less,21,117,18.25,3.64,13.08,24.88
q13_time_before,13,"What best describes how much time you used to spend on this task or tasks per week, before you started using AI for it?",More than 1 hour but less than 5 hours,task,Explaining or providing info to clients,1–5 hours,27,117,22.49,3.88,16.76,29.48
q13_time_before,13,"What best describes how much time you used to spend on this task or tasks per week, before you started using AI for it?",More than 5 hours but less than 10 hours,task,Explaining or providing info to clients,5–10 hours,25,117,21.07,3.8,15.52,27.95
q13_time_before,13,"What best describes how much time you used to spend on this task or tasks per week, before you started using AI for it?",More than 10 hours but less than 20 hours,task,Explaining or providing info to clients,10–20 hours,20,117,16.8,3.47,11.84,23.27
q13_time_before,13,"What best describes how much time you used to spend on this task or tasks per week, before you started using AI for it?",20 hours or more,task,Explaining or providing info to clients,20+ hours,15,117,13.44,3.26,9.05,19.52
q13_time_before,13,"What best describes how much time you used to spend on this task or tasks per week, before you started using AI for it?",Not sure,task,Explaining or providing info to clients,Not sure,6,117,5.21,2.09,2.72,9.76
q13_time_before,13,"What best describes how much time you used to spend on this task or tasks per week, before you started using AI for it?","I did not use to do the task before, without AI",task,Explaining or providing info to clients,Did not do this task before AI,3,117,2.74,1.57,1.12,6.52
q13_time_before,13,"What best describes how much time you used to spend on this task or tasks per week, before you started using AI for it?",1 hour or less,task,Advising on business or operational matters,1 hour or less,9,52,17.42,5.34,10.41,27.69
q13_time_before,13,"What best describes how much time you used to spend on this task or tasks per week, before you started using AI for it?",More than 1 hour but less than 5 hours,task,Advising on business or operational matters,1–5 hours,9,52,16.67,5.16,9.84,26.83
q13_time_before,13,"What best describes how much time you used to spend on this task or tasks per week, before you started using AI for it?",More than 5 hours but less than 10 hours,task,Advising on business or operational matters,5–10 hours,12,52,22.58,5.83,14.5,33.4
q13_time_before,13,"What best describes how much time you used to spend on this task or tasks per week, before you started using AI for it?",More than 10 hours but less than 20 hours,task,Advising on business or operational matters,10–20 hours,8,52,16.0,5.26,9.33,26.07
q13_time_before,13,"What best describes how much time you used to spend on this task or tasks per week, before you started using AI for it?",20 hours or more,task,Advising on business or operational matters,20+ hours,7,52,14.43,5.11,8.15,24.26
q13_time_before,13,"What best describes how much time you used to spend on this task or tasks per week, before you started using AI for it?",Not sure,task,Advising on business or operational matters,Not sure,4,52,7.49,3.65,3.36,15.88
q13_time_before,13,"What best describes how much time you used to spend on this task or tasks per week, before you started using AI for it?","I did not use to do the task before, without AI",task,Advising on business or operational matters,Did not do this task before AI,3,52,5.41,3.09,2.11,13.17
q13_time_before,13,"What best describes how much time you used to spend on this task or tasks per week, before you started using AI for it?",1 hour or less,task,Assessing student capabilities or needs,1 hour or less,3,24,11.05,6.24,4.23,25.89
q13_time_before,13,"What best describes how much time you used to spend on this task or tasks per week, before you started using AI for it?",More than 1 hour but less than 5 hours,task,Assessing student capabilities or needs,1–5 hours,7,24,31.49,9.96,18.37,48.42
q13_time_before,13,"What best describes how much time you used to spend on this task or tasks per week, before you started using AI for it?",More than 5 hours but less than 10 hours,task,Assessing student capabilities or needs,5–10 hours,10,24,40.58,10.27,25.76,57.33
q13_time_before,13,"What best describes how much time you used to spend on this task or tasks per week, before you started using AI for it?",More than 10 hours but less than 20 hours,task,Assessing student capabilities or needs,10–20 hours,3,24,11.62,6.5,4.56,26.58
q13_time_before,13,"What best describes how much time you used to spend on this task or tasks per week, before you started using AI for it?",20 hours or more,task,Assessing student capabilities or needs,20+ hours,1,24,5.26,5.2,1.35,18.38
q13_time_before,13,"What best describes how much time you used to spend on this task or tasks per week, before you started using AI for it?",Not sure,task,Assessing student capabilities or needs,Not sure,0,24,0.0,0.0,0.0,10.29
q13_time_before,13,"What best describes how much time you used to spend on this task or tasks per week, before you started using AI for it?","I did not use to do the task before, without AI",task,Assessing student capabilities or needs,Did not do this task before AI,0,24,0.0,0.0,0.0,10.29
q14_editing,14,"When you use AI for this task or tasks, how much do you usually need to edit or change the result before using it?","I use it as-is, without any changes",full_sample,All,"Use as-is, no changes",45,798,5.86,1.17,3.79,8.94
q14_editing,14,"When you use AI for this task or tasks, how much do you usually need to edit or change the result before using it?",Minor edits or small fixes,full_sample,All,Minor edits or small fixes,482,798,59.85,2.53,54.47,65.0
q14_editing,14,"When you use AI for this task or tasks, how much do you usually need to edit or change the result before using it?",Significant edits or changes,full_sample,All,Significant edits or changes,217,798,27.1,2.19,22.58,32.14
q14_editing,14,"When you use AI for this task or tasks, how much do you usually need to edit or change the result before using it?","Major rework, or most of it has to be redone",full_sample,All,Major rework or mostly redone,36,798,4.76,1.11,2.94,7.63
q14_editing,14,"When you use AI for this task or tasks, how much do you usually need to edit or change the result before using it?",Not sure,full_sample,All,Not sure,18,798,2.43,0.69,1.24,4.73
q14_editing,14,"When you use AI for this task or tasks, how much do you usually need to edit or change the result before using it?","I use it as-is, without any changes",age_group,18–29,"Use as-is, no changes",16,157,10.18,2.75,4.94,19.83
q14_editing,14,"When you use AI for this task or tasks, how much do you usually need to edit or change the result before using it?",Minor edits or small fixes,age_group,18–29,Minor edits or small fixes,79,157,49.99,5.31,38.23,61.74
q14_editing,14,"When you use AI for this task or tasks, how much do you usually need to edit or change the result before using it?",Significant edits or changes,age_group,18–29,Significant edits or changes,43,157,27.42,3.93,18.11,39.23
q14_editing,14,"When you use AI for this task or tasks, how much do you usually need to edit or change the result before using it?","Major rework, or most of it has to be redone",age_group,18–29,Major rework or mostly redone,12,157,7.63,2.41,3.31,16.64
q14_editing,14,"When you use AI for this task or tasks, how much do you usually need to edit or change the result before using it?",Not sure,age_group,18–29,Not sure,7,157,4.78,2.37,1.68,12.88
q14_editing,14,"When you use AI for this task or tasks, how much do you usually need to edit or change the result before using it?","I use it as-is, without any changes",age_group,30–44,"Use as-is, no changes",18,313,5.84,2.25,2.91,11.37
q14_editing,14,"When you use AI for this task or tasks, how much do you usually need to edit or change the result before using it?",Minor edits or small fixes,age_group,30–44,Minor edits or small fixes,191,313,60.57,4.1,51.86,68.66
q14_editing,14,"When you use AI for this task or tasks, how much do you usually need to edit or change the result before using it?",Significant edits or changes,age_group,30–44,Significant edits or changes,79,313,25.21,3.27,18.45,33.43
q14_editing,14,"When you use AI for this task or tasks, how much do you usually need to edit or change the result before using it?","Major rework, or most of it has to be redone",age_group,30–44,Major rework or mostly redone,20,313,6.65,2.37,3.46,12.39
q14_editing,14,"When you use AI for this task or tasks, how much do you usually need to edit or change the result before using it?",Not sure,age_group,30–44,Not sure,5,313,1.74,0.77,0.5,5.82
q14_editing,14,"When you use AI for this task or tasks, how much do you usually need to edit or change the result before using it?","I use it as-is, without any changes",age_group,45–59,"Use as-is, no changes",6,224,2.7,1.22,0.84,8.28
q14_editing,14,"When you use AI for this task or tasks, how much do you usually need to edit or change the result before using it?",Minor edits or small fixes,age_group,45–59,Minor edits or small fixes,150,224,66.74,4.88,56.7,75.46
q14_editing,14,"When you use AI for this task or tasks, how much do you usually need to edit or change the result before using it?",Significant edits or changes,age_group,45–59,Significant edits or changes,61,224,27.45,4.96,19.43,37.24
q14_editing,14,"When you use AI for this task or tasks, how much do you usually need to edit or change the result before using it?","Major rework, or most of it has to be redone",age_group,45–59,Major rework or mostly redone,2,224,0.96,0.69,0.16,5.63
q14_editing,14,"When you use AI for this task or tasks, how much do you usually need to edit or change the result before using it?",Not sure,age_group,45–59,Not sure,5,224,2.15,1.13,0.59,7.48
q14_editing,14,"When you use AI for this task or tasks, how much do you usually need to edit or change the result before using it?","I use it as-is, without any changes",age_group,60+,"Use as-is, no changes",5,104,5.05,2.58,1.53,15.41
q14_editing,14,"When you use AI for this task or tasks, how much do you usually need to edit or change the result before using it?",Minor edits or small fixes,age_group,60+,Minor edits or small fixes,62,104,60.12,6.97,45.82,72.88
q14_editing,14,"When you use AI for this task or tasks, how much do you usually need to edit or change the result before using it?",Significant edits or changes,age_group,60+,Significant edits or changes,34,104,32.13,6.84,20.54,46.45
q14_editing,14,"When you use AI for this task or tasks, how much do you usually need to edit or change the result before using it?","Major rework, or most of it has to be redone",age_group,60+,Major rework or mostly redone,2,104,1.81,1.27,0.28,10.67
q14_editing,14,"When you use AI for this task or tasks, how much do you usually need to edit or change the result before using it?",Not sure,age_group,60+,Not sure,1,104,0.89,0.9,0.08,9.17
q14_editing,14,"When you use AI for this task or tasks, how much do you usually need to edit or change the result before using it?","I use it as-is, without any changes",gender,Male,"Use as-is, no changes",27,469,5.93,1.51,3.38,10.21
q14_editing,14,"When you use AI for this task or tasks, how much do you usually need to edit or change the result before using it?",Minor edits or small fixes,gender,Male,Minor edits or small fixes,294,469,62.64,3.4,55.62,69.16
q14_editing,14,"When you use AI for this task or tasks, how much do you usually need to edit or change the result before using it?",Significant edits or changes,gender,Male,Significant edits or changes,124,469,26.3,2.99,20.59,32.94
q14_editing,14,"When you use AI for this task or tasks, how much do you usually need to edit or change the result before using it?","Major rework, or most of it has to be redone",gender,Male,Major rework or mostly redone,16,469,3.46,1.19,1.66,7.08
q14_editing,14,"When you use AI for this task or tasks, how much do you usually need to edit or change the result before using it?",Not sure,gender,Male,Not sure,8,469,1.67,0.66,0.59,4.65
q14_editing,14,"When you use AI for this task or tasks, how much do you usually need to edit or change the result before using it?","I use it as-is, without any changes",gender,Female,"Use as-is, no changes",18,329,5.76,1.85,2.93,11.0
q14_editing,14,"When you use AI for this task or tasks, how much do you usually need to edit or change the result before using it?",Minor edits or small fixes,gender,Female,Minor edits or small fixes,188,329,56.16,3.78,47.79,64.19
q14_editing,14,"When you use AI for this task or tasks, how much do you usually need to edit or change the result before using it?",Significant edits or changes,gender,Female,Significant edits or changes,93,329,28.15,3.23,21.29,36.21
q14_editing,14,"When you use AI for this task or tasks, how much do you usually need to edit or change the result before using it?","Major rework, or most of it has to be redone",gender,Female,Major rework or mostly redone,20,329,6.49,2.03,3.44,11.92
q14_editing,14,"When you use AI for this task or tasks, how much do you usually need to edit or change the result before using it?",Not sure,gender,Female,Not sure,10,329,3.44,1.34,1.44,7.99
q14_editing,14,"When you use AI for this task or tasks, how much do you usually need to edit or change the result before using it?","I use it as-is, without any changes",race_ethnicity,"White, Non-Hispanic","Use as-is, no changes",18,460,3.9,1.33,1.97,7.58
q14_editing,14,"When you use AI for this task or tasks, how much do you usually need to edit or change the result before using it?",Minor edits or small fixes,race_ethnicity,"White, Non-Hispanic",Minor edits or small fixes,297,460,64.46,3.26,57.6,70.78
q14_editing,14,"When you use AI for this task or tasks, how much do you usually need to edit or change the result before using it?",Significant edits or changes,race_ethnicity,"White, Non-Hispanic",Significant edits or changes,123,460,26.66,3.03,21.01,33.21
q14_editing,14,"When you use AI for this task or tasks, how much do you usually need to edit or change the result before using it?","Major rework, or most of it has to be redone",race_ethnicity,"White, Non-Hispanic",Major rework or mostly redone,13,460,2.99,1.01,1.37,6.38
q14_editing,14,"When you use AI for this task or tasks, how much do you usually need to edit or change the result before using it?",Not sure,race_ethnicity,"White, Non-Hispanic",Not sure,9,460,1.99,0.73,0.77,5.02
q14_editing,14,"When you use AI for this task or tasks, how much do you usually need to edit or change the result before using it?","I use it as-is, without any changes",race_ethnicity,"Black, Non-Hispanic","Use as-is, no changes",9,99,9.58,3.68,3.75,22.37
q14_editing,14,"When you use AI for this task or tasks, how much do you usually need to edit or change the result before using it?",Minor edits or small fixes,race_ethnicity,"Black, Non-Hispanic",Minor edits or small fixes,60,99,59.47,7.48,44.23,73.09
q14_editing,14,"When you use AI for this task or tasks, how much do you usually need to edit or change the result before using it?",Significant edits or changes,race_ethnicity,"Black, Non-Hispanic",Significant edits or changes,18,99,18.71,4.24,9.65,33.16
q14_editing,14,"When you use AI for this task or tasks, how much do you usually need to edit or change the result before using it?","Major rework, or most of it has to be redone",race_ethnicity,"Black, Non-Hispanic",Major rework or mostly redone,10,99,9.9,4.22,3.93,22.77
q14_editing,14,"When you use AI for this task or tasks, how much do you usually need to edit or change the result before using it?",Not sure,race_ethnicity,"Black, Non-Hispanic",Not sure,2,99,2.34,2.36,0.4,12.5
q14_editing,14,"When you use AI for this task or tasks, how much do you usually need to edit or change the result before using it?","I use it as-is, without any changes",race_ethnicity,Hispanic,"Use as-is, no changes",11,126,8.99,3.92,3.67,20.41
q14_editing,14,"When you use AI for this task or tasks, how much do you usually need to edit or change the result before using it?",Minor edits or small fixes,race_ethnicity,Hispanic,Minor edits or small fixes,72,126,57.43,6.3,43.39,70.37
q14_editing,14,"When you use AI for this task or tasks, how much do you usually need to edit or change the result before using it?",Significant edits or changes,race_ethnicity,Hispanic,Significant edits or changes,36,126,27.96,5.75,17.26,41.94
q14_editing,14,"When you use AI for this task or tasks, how much do you usually need to edit or change the result before using it?","Major rework, or most of it has to be redone",race_ethnicity,Hispanic,Major rework or mostly redone,4,126,3.32,1.61,0.8,12.79
q14_editing,14,"When you use AI for this task or tasks, how much do you usually need to edit or change the result before using it?",Not sure,race_ethnicity,Hispanic,Not sure,3,126,2.29,1.37,0.43,11.24
q14_editing,14,"When you use AI for this task or tasks, how much do you usually need to edit or change the result before using it?","I use it as-is, without any changes",race_ethnicity,"Other/2+, Non-Hispanic","Use as-is, no changes",7,113,6.04,2.48,2.0,16.86
q14_editing,14,"When you use AI for this task or tasks, how much do you usually need to edit or change the result before using it?",Minor edits or small fixes,race_ethnicity,"Other/2+, Non-Hispanic",Minor edits or small fixes,53,113,46.8,6.42,33.2,60.9
q14_editing,14,"When you use AI for this task or tasks, how much do you usually need to edit or change the result before using it?",Significant edits or changes,race_ethnicity,"Other/2+, Non-Hispanic",Significant edits or changes,40,113,34.78,5.71,22.69,49.22
q14_editing,14,"When you use AI for this task or tasks, how much do you usually need to edit or change the result before using it?","Major rework, or most of it has to be redone",race_ethnicity,"Other/2+, Non-Hispanic",Major rework or mostly redone,9,113,8.15,4.57,3.12,19.62
q14_editing,14,"When you use AI for this task or tasks, how much do you usually need to edit or change the result before using it?",Not sure,race_ethnicity,"Other/2+, Non-Hispanic",Not sure,4,113,4.23,2.66,1.15,14.36
q14_editing,14,"When you use AI for this task or tasks, how much do you usually need to edit or change the result before using it?","I use it as-is, without any changes",region,Northeast,"Use as-is, no changes",3,141,2.27,1.28,0.48,10.02
q14_editing,14,"When you use AI for this task or tasks, how much do you usually need to edit or change the result before using it?",Minor edits or small fixes,region,Northeast,Minor edits or small fixes,82,141,57.8,6.59,44.96,69.67
q14_editing,14,"When you use AI for this task or tasks, how much do you usually need to edit or change the result before using it?",Significant edits or changes,region,Northeast,Significant edits or changes,46,141,32.54,6.01,21.86,45.39
q14_editing,14,"When you use AI for this task or tasks, how much do you usually need to edit or change the result before using it?","Major rework, or most of it has to be redone",region,Northeast,Major rework or mostly redone,9,141,6.83,4.1,2.67,16.39
q14_editing,14,"When you use AI for this task or tasks, how much do you usually need to edit or change the result before using it?",Not sure,region,Northeast,Not sure,1,141,0.57,0.57,0.04,7.27
q14_editing,14,"When you use AI for this task or tasks, how much do you usually need to edit or change the result before using it?","I use it as-is, without any changes",region,Midwest,"Use as-is, no changes",14,128,11.15,4.58,5.31,21.93
q14_editing,14,"When you use AI for this task or tasks, how much do you usually need to edit or change the result before using it?",Minor edits or small fixes,region,Midwest,Minor edits or small fixes,74,128,57.25,6.65,44.32,69.27
q14_editing,14,"When you use AI for this task or tasks, how much do you usually need to edit or change the result before using it?",Significant edits or changes,region,Midwest,Significant edits or changes,31,128,24.38,5.58,15.06,36.95
q14_editing,14,"When you use AI for this task or tasks, how much do you usually need to edit or change the result before using it?","Major rework, or most of it has to be redone",region,Midwest,Major rework or mostly redone,5,128,4.06,2.2,1.21,12.75
q14_editing,14,"When you use AI for this task or tasks, how much do you usually need to edit or change the result before using it?",Not sure,region,Midwest,Not sure,4,128,3.15,1.9,0.81,11.44
q14_editing,14,"When you use AI for this task or tasks, how much do you usually need to edit or change the result before using it?","I use it as-is, without any changes",region,South,"Use as-is, no changes",16,320,5.2,1.46,2.54,10.36
q14_editing,14,"When you use AI for this task or tasks, how much do you usually need to edit or change the result before using it?",Minor edits or small fixes,region,South,Minor edits or small fixes,195,320,60.56,3.88,52.1,68.42
q14_editing,14,"When you use AI for this task or tasks, how much do you usually need to edit or change the result before using it?",Significant edits or changes,region,South,Significant edits or changes,84,320,25.93,3.27,19.25,33.94
q14_editing,14,"When you use AI for this task or tasks, how much do you usually need to edit or change the result before using it?","Major rework, or most of it has to be redone",region,South,Major rework or mostly redone,15,320,4.85,1.62,2.31,9.91
q14_editing,14,"When you use AI for this task or tasks, how much do you usually need to edit or change the result before using it?",Not sure,region,South,Not sure,10,320,3.46,1.27,1.44,8.07
q14_editing,14,"When you use AI for this task or tasks, how much do you usually need to edit or change the result before using it?","I use it as-is, without any changes",region,West,"Use as-is, no changes",12,209,6.18,2.53,2.68,13.61
q14_editing,14,"When you use AI for this task or tasks, how much do you usually need to edit or change the result before using it?",Minor edits or small fixes,region,West,Minor edits or small fixes,131,209,61.65,4.78,50.81,71.45
q14_editing,14,"When you use AI for this task or tasks, how much do you usually need to edit or change the result before using it?",Significant edits or changes,region,West,Significant edits or changes,56,209,26.85,4.18,18.44,37.34
q14_editing,14,"When you use AI for this task or tasks, how much do you usually need to edit or change the result before using it?","Major rework, or most of it has to be redone",region,West,Major rework or mostly redone,7,209,3.64,1.5,1.24,10.21
q14_editing,14,"When you use AI for this task or tasks, how much do you usually need to edit or change the result before using it?",Not sure,region,West,Not sure,3,209,1.68,1.28,0.37,7.33
q14_editing,14,"When you use AI for this task or tasks, how much do you usually need to edit or change the result before using it?","I use it as-is, without any changes",education,Less than HS,"Use as-is, no changes",5,17,29.16,19.33,9.61,61.45
q14_editing,14,"When you use AI for this task or tasks, how much do you usually need to edit or change the result before using it?",Minor edits or small fixes,education,Less than HS,Minor edits or small fixes,8,17,48.4,19.7,21.25,76.52
q14_editing,14,"When you use AI for this task or tasks, how much do you usually need to edit or change the result before using it?",Significant edits or changes,education,Less than HS,Significant edits or changes,1,17,5.96,5.71,0.64,38.19
q14_editing,14,"When you use AI for this task or tasks, how much do you usually need to edit or change the result before using it?","Major rework, or most of it has to be redone",education,Less than HS,Major rework or mostly redone,3,17,16.49,12.85,3.8,49.66
q14_editing,14,"When you use AI for this task or tasks, how much do you usually need to edit or change the result before using it?",Not sure,education,Less than HS,Not sure,0,17,0.0,0.0,0.0,30.56
q14_editing,14,"When you use AI for this task or tasks, how much do you usually need to edit or change the result before using it?","I use it as-is, without any changes",education,High school,"Use as-is, no changes",7,101,7.07,2.94,2.41,18.99
q14_editing,14,"When you use AI for this task or tasks, how much do you usually need to edit or change the result before using it?",Minor edits or small fixes,education,High school,Minor edits or small fixes,57,101,54.65,6.87,39.77,68.74
q14_editing,14,"When you use AI for this task or tasks, how much do you usually need to edit or change the result before using it?",Significant edits or changes,education,High school,Significant edits or changes,27,101,27.25,6.28,16.08,42.26
q14_editing,14,"When you use AI for this task or tasks, how much do you usually need to edit or change the result before using it?","Major rework, or most of it has to be redone",education,High school,Major rework or mostly redone,6,101,6.5,2.33,2.12,18.24
q14_editing,14,"When you use AI for this task or tasks, how much do you usually need to edit or change the result before using it?",Not sure,education,High school,Not sure,4,101,4.53,3.01,1.21,15.54
q14_editing,14,"When you use AI for this task or tasks, how much do you usually need to edit or change the result before using it?","I use it as-is, without any changes",education,Some college,"Use as-is, no changes",11,167,6.77,2.35,2.85,15.22
q14_editing,14,"When you use AI for this task or tasks, how much do you usually need to edit or change the result before using it?",Minor edits or small fixes,education,Some college,Minor edits or small fixes,109,167,64.64,5.38,52.9,74.85
q14_editing,14,"When you use AI for this task or tasks, how much do you usually need to edit or change the result before using it?",Significant edits or changes,education,Some college,Significant edits or changes,39,167,23.87,4.39,15.38,35.1
q14_editing,14,"When you use AI for this task or tasks, how much do you usually need to edit or change the result before using it?","Major rework, or most of it has to be redone",education,Some college,Major rework or mostly redone,5,167,3.08,1.39,0.88,10.2
q14_editing,14,"When you use AI for this task or tasks, how much do you usually need to edit or change the result before using it?",Not sure,education,Some college,Not sure,3,167,1.64,1.22,0.32,8.03
q14_editing,14,"When you use AI for this task or tasks, how much do you usually need to edit or change the result before using it?","I use it as-is, without any changes",education,Bachelor+,"Use as-is, no changes",22,513,4.38,1.36,2.34,8.06
q14_editing,14,"When you use AI for this task or tasks, how much do you usually need to edit or change the result before using it?",Minor edits or small fixes,education,Bachelor+,Minor edits or small fixes,308,513,59.74,3.21,52.99,66.14
q14_editing,14,"When you use AI for this task or tasks, how much do you usually need to edit or change the result before using it?",Significant edits or changes,education,Bachelor+,Significant edits or changes,150,513,29.01,2.84,23.29,35.48
q14_editing,14,"When you use AI for this task or tasks, how much do you usually need to edit or change the result before using it?","Major rework, or most of it has to be redone",education,Bachelor+,Major rework or mostly redone,22,513,4.53,1.57,2.44,8.25
q14_editing,14,"When you use AI for this task or tasks, how much do you usually need to edit or change the result before using it?",Not sure,education,Bachelor+,Not sure,11,513,2.35,0.79,1.0,5.41
q14_editing,14,"When you use AI for this task or tasks, how much do you usually need to edit or change the result before using it?","I use it as-is, without any changes",income,Under $25K,"Use as-is, no changes",10,52,19.33,7.65,7.9,40.13
q14_editing,14,"When you use AI for this task or tasks, how much do you usually need to edit or change the result before using it?",Minor edits or small fixes,income,Under $25K,Minor edits or small fixes,28,52,54.12,10.3,34.02,72.96
q14_editing,14,"When you use AI for this task or tasks, how much do you usually need to edit or change the result before using it?",Significant edits or changes,income,Under $25K,Significant edits or changes,10,52,18.59,9.03,7.45,39.31
q14_editing,14,"When you use AI for this task or tasks, how much do you usually need to edit or change the result before using it?","Major rework, or most of it has to be redone",income,Under $25K,Major rework or mostly redone,4,52,7.96,4.65,2.01,26.73
q14_editing,14,"When you use AI for this task or tasks, how much do you usually need to edit or change the result before using it?",Not sure,income,Under $25K,Not sure,0,52,0.0,0.0,0.0,15.25
q14_editing,14,"When you use AI for this task or tasks, how much do you usually need to edit or change the result before using it?","I use it as-is, without any changes",income,$25K–$50K,"Use as-is, no changes",8,57,13.81,6.84,4.9,33.26
q14_editing,14,"When you use AI for this task or tasks, how much do you usually need to edit or change the result before using it?",Minor edits or small fixes,income,$25K–$50K,Minor edits or small fixes,30,57,52.75,10.28,33.3,71.4
q14_editing,14,"When you use AI for this task or tasks, how much do you usually need to edit or change the result before using it?",Significant edits or changes,income,$25K–$50K,Significant edits or changes,15,57,26.13,8.28,12.48,46.72
q14_editing,14,"When you use AI for this task or tasks, how much do you usually need to edit or change the result before using it?","Major rework, or most of it has to be redone",income,$25K–$50K,Major rework or mostly redone,4,57,7.31,3.34,1.81,25.25
q14_editing,14,"When you use AI for this task or tasks, how much do you usually need to edit or change the result before using it?",Not sure,income,$25K–$50K,Not sure,0,57,0.0,0.0,0.0,14.56
q14_editing,14,"When you use AI for this task or tasks, how much do you usually need to edit or change the result before using it?","I use it as-is, without any changes",income,$50K–$75K,"Use as-is, no changes",3,47,7.19,5.11,1.51,28.18
q14_editing,14,"When you use AI for this task or tasks, how much do you usually need to edit or change the result before using it?",Minor edits or small fixes,income,$50K–$75K,Minor edits or small fixes,28,47,57.73,9.71,35.41,77.28
q14_editing,14,"When you use AI for this task or tasks, how much do you usually need to edit or change the result before using it?",Significant edits or changes,income,$50K–$75K,Significant edits or changes,13,47,28.79,7.75,13.07,52.1
q14_editing,14,"When you use AI for this task or tasks, how much do you usually need to edit or change the result before using it?","Major rework, or most of it has to be redone",income,$50K–$75K,Major rework or mostly redone,1,47,2.09,2.19,0.17,21.14
q14_editing,14,"When you use AI for this task or tasks, how much do you usually need to edit or change the result before using it?",Not sure,income,$50K–$75K,Not sure,2,47,4.2,3.17,0.6,24.17
q14_editing,14,"When you use AI for this task or tasks, how much do you usually need to edit or change the result before using it?","I use it as-is, without any changes",income,$75K–$100K,"Use as-is, no changes",3,72,4.33,2.52,1.05,16.25
q14_editing,14,"When you use AI for this task or tasks, how much do you usually need to edit or change the result before using it?",Minor edits or small fixes,income,$75K–$100K,Minor edits or small fixes,41,72,57.01,8.42,41.12,71.58
q14_editing,14,"When you use AI for this task or tasks, how much do you usually need to edit or change the result before using it?",Significant edits or changes,income,$75K–$100K,Significant edits or changes,24,72,33.01,8.3,20.07,49.16
q14_editing,14,"When you use AI for this task or tasks, how much do you usually need to edit or change the result before using it?","Major rework, or most of it has to be redone",income,$75K–$100K,Major rework or mostly redone,1,72,1.51,1.54,0.17,12.02
q14_editing,14,"When you use AI for this task or tasks, how much do you usually need to edit or change the result before using it?",Not sure,income,$75K–$100K,Not sure,3,72,4.13,2.99,0.97,15.96
q14_editing,14,"When you use AI for this task or tasks, how much do you usually need to edit or change the result before using it?","I use it as-is, without any changes",income,$100K+,"Use as-is, no changes",21,570,3.64,1.07,1.9,6.88
q14_editing,14,"When you use AI for this task or tasks, how much do you usually need to edit or change the result before using it?",Minor edits or small fixes,income,$100K+,Minor edits or small fixes,355,570,61.83,2.97,55.47,67.81
q14_editing,14,"When you use AI for this task or tasks, how much do you usually need to edit or change the result before using it?",Significant edits or changes,income,$100K+,Significant edits or changes,155,570,27.15,2.58,21.86,33.17
q14_editing,14,"When you use AI for this task or tasks, how much do you usually need to edit or change the result before using it?","Major rework, or most of it has to be redone",income,$100K+,Major rework or mostly redone,26,570,4.78,1.44,2.7,8.31
q14_editing,14,"When you use AI for this task or tasks, how much do you usually need to edit or change the result before using it?",Not sure,income,$100K+,Not sure,13,570,2.6,0.87,1.21,5.53
q14_editing,14,"When you use AI for this task or tasks, how much do you usually need to edit or change the result before using it?","I use it as-is, without any changes",employment,Full-time,"Use as-is, no changes",36,702,5.34,1.26,3.27,8.59
q14_editing,14,"When you use AI for this task or tasks, how much do you usually need to edit or change the result before using it?",Minor edits or small fixes,employment,Full-time,Minor edits or small fixes,430,702,60.74,2.7,54.97,66.23
q14_editing,14,"When you use AI for this task or tasks, how much do you usually need to edit or change the result before using it?",Significant edits or changes,employment,Full-time,Significant edits or changes,190,702,26.97,2.33,22.15,32.4
q14_editing,14,"When you use AI for this task or tasks, how much do you usually need to edit or change the result before using it?","Major rework, or most of it has to be redone",employment,Full-time,Major rework or mostly redone,32,702,4.83,1.23,2.89,7.98
q14_editing,14,"When you use AI for this task or tasks, how much do you usually need to edit or change the result before using it?",Not sure,employment,Full-time,Not sure,14,702,2.12,0.65,0.98,4.54
q14_editing,14,"When you use AI for this task or tasks, how much do you usually need to edit or change the result before using it?","I use it as-is, without any changes",employment,Part-time,"Use as-is, no changes",9,96,9.47,3.08,3.82,21.6
q14_editing,14,"When you use AI for this task or tasks, how much do you usually need to edit or change the result before using it?",Minor edits or small fixes,employment,Part-time,Minor edits or small fixes,52,96,53.68,7.29,39.29,67.49
q14_editing,14,"When you use AI for this task or tasks, how much do you usually need to edit or change the result before using it?",Significant edits or changes,employment,Part-time,Significant edits or changes,27,96,27.98,6.51,16.93,42.56
q14_editing,14,"When you use AI for this task or tasks, how much do you usually need to edit or change the result before using it?","Major rework, or most of it has to be redone",employment,Part-time,Major rework or mostly redone,4,96,4.27,2.13,1.14,14.71
q14_editing,14,"When you use AI for this task or tasks, how much do you usually need to edit or change the result before using it?",Not sure,employment,Part-time,Not sure,4,96,4.6,3.12,1.28,15.18
q14_editing,14,"When you use AI for this task or tasks, how much do you usually need to edit or change the result before using it?","I use it as-is, without any changes",task,Maintaining operational records,"Use as-is, no changes",6,71,8.48,3.36,4.43,15.63
q14_editing,14,"When you use AI for this task or tasks, how much do you usually need to edit or change the result before using it?",Minor edits or small fixes,task,Maintaining operational records,Minor edits or small fixes,47,71,64.03,5.87,54.23,72.79
q14_editing,14,"When you use AI for this task or tasks, how much do you usually need to edit or change the result before using it?",Significant edits or changes,task,Maintaining operational records,Significant edits or changes,13,71,19.36,4.86,12.79,28.22
q14_editing,14,"When you use AI for this task or tasks, how much do you usually need to edit or change the result before using it?","Major rework, or most of it has to be redone",task,Maintaining operational records,Major rework or mostly redone,2,71,2.99,2.1,1.02,8.47
q14_editing,14,"When you use AI for this task or tasks, how much do you usually need to edit or change the result before using it?",Not sure,task,Maintaining operational records,Not sure,3,71,5.13,2.93,2.23,11.37
q14_editing,14,"When you use AI for this task or tasks, how much do you usually need to edit or change the result before using it?","I use it as-is, without any changes",task,"Developing policies, systems, or processes","Use as-is, no changes",2,101,2.1,1.5,0.71,6.02
q14_editing,14,"When you use AI for this task or tasks, how much do you usually need to edit or change the result before using it?",Minor edits or small fixes,task,"Developing policies, systems, or processes",Minor edits or small fixes,54,101,53.27,5.03,45.07,61.3
q14_editing,14,"When you use AI for this task or tasks, how much do you usually need to edit or change the result before using it?",Significant edits or changes,task,"Developing policies, systems, or processes",Significant edits or changes,39,101,37.94,4.86,30.36,46.15
q14_editing,14,"When you use AI for this task or tasks, how much do you usually need to edit or change the result before using it?","Major rework, or most of it has to be redone",task,"Developing policies, systems, or processes",Major rework or mostly redone,3,101,3.23,1.85,1.34,7.59
q14_editing,14,"When you use AI for this task or tasks, how much do you usually need to edit or change the result before using it?",Not sure,task,"Developing policies, systems, or processes",Not sure,3,101,3.47,2.01,1.48,7.92
q14_editing,14,"When you use AI for this task or tasks, how much do you usually need to edit or change the result before using it?","I use it as-is, without any changes",task,Reading documents to inform work,"Use as-is, no changes",11,125,9.16,2.66,5.72,14.36
q14_editing,14,"When you use AI for this task or tasks, how much do you usually need to edit or change the result before using it?",Minor edits or small fixes,task,Reading documents to inform work,Minor edits or small fixes,81,125,64.21,4.36,56.87,70.94
q14_editing,14,"When you use AI for this task or tasks, how much do you usually need to edit or change the result before using it?",Significant edits or changes,task,Reading documents to inform work,Significant edits or changes,26,125,20.67,3.66,15.33,27.27
q14_editing,14,"When you use AI for this task or tasks, how much do you usually need to edit or change the result before using it?","Major rework, or most of it has to be redone",task,Reading documents to inform work,Major rework or mostly redone,6,125,5.32,2.14,2.85,9.71
q14_editing,14,"When you use AI for this task or tasks, how much do you usually need to edit or change the result before using it?",Not sure,task,Reading documents to inform work,Not sure,1,125,0.64,0.64,0.12,3.28
q14_editing,14,"When you use AI for this task or tasks, how much do you usually need to edit or change the result before using it?","I use it as-is, without any changes",task,Determining values or prices,"Use as-is, no changes",4,45,8.27,4.03,3.65,17.67
q14_editing,14,"When you use AI for this task or tasks, how much do you usually need to edit or change the result before using it?",Minor edits or small fixes,task,Determining values or prices,Minor edits or small fixes,26,45,57.33,7.5,45.07,68.75
q14_editing,14,"When you use AI for this task or tasks, how much do you usually need to edit or change the result before using it?",Significant edits or changes,task,Determining values or prices,Significant edits or changes,13,45,29.28,6.92,19.52,41.42
q14_editing,14,"When you use AI for this task or tasks, how much do you usually need to edit or change the result before using it?","Major rework, or most of it has to be redone",task,Determining values or prices,Major rework or mostly redone,2,45,5.11,3.55,1.82,13.54
q14_editing,14,"When you use AI for this task or tasks, how much do you usually need to edit or change the result before using it?",Not sure,task,Determining values or prices,Not sure,0,45,0.0,0.0,0.0,5.72
q14_editing,14,"When you use AI for this task or tasks, how much do you usually need to edit or change the result before using it?","I use it as-is, without any changes",task,Analyzing or evaluating data,"Use as-is, no changes",5,140,3.72,1.65,1.84,7.38
q14_editing,14,"When you use AI for this task or tasks, how much do you usually need to edit or change the result before using it?",Minor edits or small fixes,task,Analyzing or evaluating data,Minor edits or small fixes,87,140,61.9,4.15,54.94,68.41
q14_editing,14,"When you use AI for this task or tasks, how much do you usually need to edit or change the result before using it?",Significant edits or changes,task,Analyzing or evaluating data,Significant edits or changes,35,140,24.85,3.68,19.33,31.35
q14_editing,14,"When you use AI for this task or tasks, how much do you usually need to edit or change the result before using it?","Major rework, or most of it has to be redone",task,Analyzing or evaluating data,Major rework or mostly redone,7,140,5.07,1.88,2.77,9.1
q14_editing,14,"When you use AI for this task or tasks, how much do you usually need to edit or change the result before using it?",Not sure,task,Analyzing or evaluating data,Not sure,6,140,4.45,1.79,2.34,8.32
q14_editing,14,"When you use AI for this task or tasks, how much do you usually need to edit or change the result before using it?","I use it as-is, without any changes",task,Designing computer or information systems,"Use as-is, no changes",1,53,2.07,2.06,0.49,8.35
q14_editing,14,"When you use AI for this task or tasks, how much do you usually need to edit or change the result before using it?",Minor edits or small fixes,task,Designing computer or information systems,Minor edits or small fixes,30,53,56.46,6.92,45.15,67.13
q14_editing,14,"When you use AI for this task or tasks, how much do you usually need to edit or change the result before using it?",Significant edits or changes,task,Designing computer or information systems,Significant edits or changes,18,53,34.24,6.64,24.48,45.56
q14_editing,14,"When you use AI for this task or tasks, how much do you usually need to edit or change the result before using it?","Major rework, or most of it has to be redone",task,Designing computer or information systems,Major rework or mostly redone,3,53,5.25,3.0,2.04,12.86
q14_editing,14,"When you use AI for this task or tasks, how much do you usually need to edit or change the result before using it?",Not sure,task,Designing computer or information systems,Not sure,1,53,1.98,1.98,0.45,8.22
q14_editing,14,"When you use AI for this task or tasks, how much do you usually need to edit or change the result before using it?","I use it as-is, without any changes",task,"Preparing contracts, applications, or permits","Use as-is, no changes",5,70,7.25,3.17,3.57,14.16
q14_editing,14,"When you use AI for this task or tasks, how much do you usually need to edit or change the result before using it?",Minor edits or small fixes,task,"Preparing contracts, applications, or permits",Minor edits or small fixes,44,70,61.02,5.97,51.12,70.09
q14_editing,14,"When you use AI for this task or tasks, how much do you usually need to edit or change the result before using it?",Significant edits or changes,task,"Preparing contracts, applications, or permits",Significant edits or changes,14,70,20.72,5.0,13.87,29.78
q14_editing,14,"When you use AI for this task or tasks, how much do you usually need to edit or change the result before using it?","Major rework, or most of it has to be redone",task,"Preparing contracts, applications, or permits",Major rework or mostly redone,6,70,9.54,3.73,5.16,16.98
q14_editing,14,"When you use AI for this task or tasks, how much do you usually need to edit or change the result before using it?",Not sure,task,"Preparing contracts, applications, or permits",Not sure,1,70,1.46,1.46,0.33,6.26
q14_editing,14,"When you use AI for this task or tasks, how much do you usually need to edit or change the result before using it?","I use it as-is, without any changes",task,Explaining or providing info to clients,"Use as-is, no changes",6,117,5.63,2.24,3.01,10.28
q14_editing,14,"When you use AI for this task or tasks, how much do you usually need to edit or change the result before using it?",Minor edits or small fixes,task,Explaining or providing info to clients,Minor edits or small fixes,75,117,63.84,4.5,56.23,70.81
q14_editing,14,"When you use AI for this task or tasks, how much do you usually need to edit or change the result before using it?",Significant edits or changes,task,Explaining or providing info to clients,Significant edits or changes,32,117,26.97,4.13,20.75,34.24
q14_editing,14,"When you use AI for this task or tasks, how much do you usually need to edit or change the result before using it?","Major rework, or most of it has to be redone",task,Explaining or providing info to clients,Major rework or mostly redone,2,117,1.75,1.23,0.58,5.13
q14_editing,14,"When you use AI for this task or tasks, how much do you usually need to edit or change the result before using it?",Not sure,task,Explaining or providing info to clients,Not sure,2,117,1.82,1.29,0.62,5.23
q14_editing,14,"When you use AI for this task or tasks, how much do you usually need to edit or change the result before using it?","I use it as-is, without any changes",task,Advising on business or operational matters,"Use as-is, no changes",3,52,6.35,3.58,2.66,14.4
q14_editing,14,"When you use AI for this task or tasks, how much do you usually need to edit or change the result before using it?",Minor edits or small fixes,task,Advising on business or operational matters,Minor edits or small fixes,26,52,49.71,7.04,38.54,60.9
q14_editing,14,"When you use AI for this task or tasks, how much do you usually need to edit or change the result before using it?",Significant edits or changes,task,Advising on business or operational matters,Significant edits or changes,18,52,34.12,6.65,24.28,45.54
q14_editing,14,"When you use AI for this task or tasks, how much do you usually need to edit or change the result before using it?","Major rework, or most of it has to be redone",task,Advising on business or operational matters,Major rework or mostly redone,4,52,7.79,3.78,3.54,16.25
q14_editing,14,"When you use AI for this task or tasks, how much do you usually need to edit or change the result before using it?",Not sure,task,Advising on business or operational matters,Not sure,1,52,2.04,2.04,0.47,8.4
q14_editing,14,"When you use AI for this task or tasks, how much do you usually need to edit or change the result before using it?","I use it as-is, without any changes",task,Assessing student capabilities or needs,"Use as-is, no changes",2,24,8.63,6.06,2.92,22.85
q14_editing,14,"When you use AI for this task or tasks, how much do you usually need to edit or change the result before using it?",Minor edits or small fixes,task,Assessing student capabilities or needs,Minor edits or small fixes,12,24,51.05,10.51,34.91,66.98
q14_editing,14,"When you use AI for this task or tasks, how much do you usually need to edit or change the result before using it?",Significant edits or changes,task,Assessing student capabilities or needs,Significant edits or changes,9,24,36.01,10.01,21.98,52.91
q14_editing,14,"When you use AI for this task or tasks, how much do you usually need to edit or change the result before using it?","Major rework, or most of it has to be redone",task,Assessing student capabilities or needs,Major rework or mostly redone,1,24,4.32,4.31,0.98,17.05
q14_editing,14,"When you use AI for this task or tasks, how much do you usually need to edit or change the result before using it?",Not sure,task,Assessing student capabilities or needs,Not sure,0,24,0.0,0.0,0.0,10.29
q15_delegation,15,"Which of the following tasks, if any, did you or your team used to hand off to a contractor or coworker that AI now takes care of mostly or entirely? Select all that apply.",Maintaining operational records,full_sample,All,Maintaining operational records,58,1103,5.35,0.69,4.33,6.58
q15_delegation,15,"Which of the following tasks, if any, did you or your team used to hand off to a contractor or coworker that AI now takes care of mostly or entirely? Select all that apply.","Developing organizational policies, systems, or processes",full_sample,All,"Developing policies, systems, or processes",42,1103,3.9,0.59,3.04,4.98
q15_delegation,15,"Which of the following tasks, if any, did you or your team used to hand off to a contractor or coworker that AI now takes care of mostly or entirely? Select all that apply.",Reading documents or materials to inform work processes,full_sample,All,Reading documents to inform work,62,1103,5.73,0.71,4.68,7.0
q15_delegation,15,"Which of the following tasks, if any, did you or your team used to hand off to a contractor or coworker that AI now takes care of mostly or entirely? Select all that apply.",Determining values or prices of goods or services,full_sample,All,Determining values or prices,30,1103,2.86,0.52,2.14,3.82
q15_delegation,15,"Which of the following tasks, if any, did you or your team used to hand off to a contractor or coworker that AI now takes care of mostly or entirely? Select all that apply.","Analyzing data, or evaluating the quality or accuracy of data",full_sample,All,Analyzing or evaluating data,77,1103,7.1,0.79,5.92,8.49
q15_delegation,15,"Which of the following tasks, if any, did you or your team used to hand off to a contractor or coworker that AI now takes care of mostly or entirely? Select all that apply.",Designing computer or information systems or applications,full_sample,All,Designing computer or information systems,31,1103,2.94,0.52,2.21,3.9
q15_delegation,15,"Which of the following tasks, if any, did you or your team used to hand off to a contractor or coworker that AI now takes care of mostly or entirely? Select all that apply.","Preparing documentation for contracts, applications, or permits",full_sample,All,"Preparing contracts, applications, or permits",53,1103,5.04,0.68,4.05,6.24
q15_delegation,15,"Which of the following tasks, if any, did you or your team used to hand off to a contractor or coworker that AI now takes care of mostly or entirely? Select all that apply.",Explaining or providing information to clients or customers (incl. about products or services),full_sample,All,Explaining or providing info to clients,46,1103,4.37,0.63,3.45,5.5
q15_delegation,15,"Which of the following tasks, if any, did you or your team used to hand off to a contractor or coworker that AI now takes care of mostly or entirely? Select all that apply.",Advising others on business or operational matters,full_sample,All,Advising on business or operational matters,36,1103,3.43,0.57,2.63,4.46
q15_delegation,15,"Which of the following tasks, if any, did you or your team used to hand off to a contractor or coworker that AI now takes care of mostly or entirely? Select all that apply.","Assessing student capabilities, needs, or performance",full_sample,All,Assessing student capabilities or needs,26,1103,2.4,0.47,1.74,3.29
q15_delegation,15,"Which of the following tasks, if any, did you or your team used to hand off to a contractor or coworker that AI now takes care of mostly or entirely? Select all that apply.",None of the above,full_sample,All,None of the above,875,1103,78.7,1.26,76.59,80.67
q15_delegation,15,"Which of the following tasks, if any, did you or your team used to hand off to a contractor or coworker that AI now takes care of mostly or entirely? Select all that apply.",Maintaining operational records,age_group,18–29,Maintaining operational records,15,232,6.47,1.62,4.27,9.68
q15_delegation,15,"Which of the following tasks, if any, did you or your team used to hand off to a contractor or coworker that AI now takes care of mostly or entirely? Select all that apply.","Developing organizational policies, systems, or processes",age_group,18–29,"Developing policies, systems, or processes",10,232,4.47,1.39,2.71,7.3
q15_delegation,15,"Which of the following tasks, if any, did you or your team used to hand off to a contractor or coworker that AI now takes care of mostly or entirely? Select all that apply.",Reading documents or materials to inform work processes,age_group,18–29,Reading documents to inform work,14,232,6.31,1.64,4.14,9.49
q15_delegation,15,"Which of the following tasks, if any, did you or your team used to hand off to a contractor or coworker that AI now takes care of mostly or entirely? Select all that apply.",Determining values or prices of goods or services,age_group,18–29,Determining values or prices,9,232,4.11,1.35,2.44,6.86
q15_delegation,15,"Which of the following tasks, if any, did you or your team used to hand off to a contractor or coworker that AI now takes care of mostly or entirely? Select all that apply.","Analyzing data, or evaluating the quality or accuracy of data",age_group,18–29,Analyzing or evaluating data,19,232,8.28,1.83,5.75,11.79
q15_delegation,15,"Which of the following tasks, if any, did you or your team used to hand off to a contractor or coworker that AI now takes care of mostly or entirely? Select all that apply.",Designing computer or information systems or applications,age_group,18–29,Designing computer or information systems,6,232,2.82,1.15,1.5,5.25
q15_delegation,15,"Which of the following tasks, if any, did you or your team used to hand off to a contractor or coworker that AI now takes care of mostly or entirely? Select all that apply.","Preparing documentation for contracts, applications, or permits",age_group,18–29,"Preparing contracts, applications, or permits",16,232,7.19,1.75,4.86,10.53
q15_delegation,15,"Which of the following tasks, if any, did you or your team used to hand off to a contractor or coworker that AI now takes care of mostly or entirely? Select all that apply.",Explaining or providing information to clients or customers (incl. about products or services),age_group,18–29,Explaining or providing info to clients,15,232,6.85,1.71,4.58,10.13
q15_delegation,15,"Which of the following tasks, if any, did you or your team used to hand off to a contractor or coworker that AI now takes care of mostly or entirely? Select all that apply.",Advising others on business or operational matters,age_group,18–29,Advising on business or operational matters,13,232,5.85,1.58,3.77,8.95
q15_delegation,15,"Which of the following tasks, if any, did you or your team used to hand off to a contractor or coworker that AI now takes care of mostly or entirely? Select all that apply.","Assessing student capabilities, needs, or performance",age_group,18–29,Assessing student capabilities or needs,7,232,3.09,1.15,1.69,5.59
q15_delegation,15,"Which of the following tasks, if any, did you or your team used to hand off to a contractor or coworker that AI now takes care of mostly or entirely? Select all that apply.",None of the above,age_group,18–29,None of the above,166,232,71.01,3.02,65.85,75.67
q15_delegation,15,"Which of the following tasks, if any, did you or your team used to hand off to a contractor or coworker that AI now takes care of mostly or entirely? Select all that apply.",Maintaining operational records,age_group,30–44,Maintaining operational records,22,382,5.71,1.19,4.04,8.0
q15_delegation,15,"Which of the following tasks, if any, did you or your team used to hand off to a contractor or coworker that AI now takes care of mostly or entirely? Select all that apply.","Developing organizational policies, systems, or processes",age_group,30–44,"Developing policies, systems, or processes",12,382,3.16,0.9,1.98,5.0
q15_delegation,15,"Which of the following tasks, if any, did you or your team used to hand off to a contractor or coworker that AI now takes care of mostly or entirely? Select all that apply.",Reading documents or materials to inform work processes,age_group,30–44,Reading documents to inform work,18,382,4.8,1.11,3.29,6.94
q15_delegation,15,"Which of the following tasks, if any, did you or your team used to hand off to a contractor or coworker that AI now takes care of mostly or entirely? Select all that apply.",Determining values or prices of goods or services,age_group,30–44,Determining values or prices,9,382,2.32,0.77,1.35,3.97
q15_delegation,15,"Which of the following tasks, if any, did you or your team used to hand off to a contractor or coworker that AI now takes care of mostly or entirely? Select all that apply.","Analyzing data, or evaluating the quality or accuracy of data",age_group,30–44,Analyzing or evaluating data,26,382,6.85,1.3,5.01,9.3
q15_delegation,15,"Which of the following tasks, if any, did you or your team used to hand off to a contractor or coworker that AI now takes care of mostly or entirely? Select all that apply.",Designing computer or information systems or applications,age_group,30–44,Designing computer or information systems,12,382,3.14,0.9,1.97,4.98
q15_delegation,15,"Which of the following tasks, if any, did you or your team used to hand off to a contractor or coworker that AI now takes care of mostly or entirely? Select all that apply.","Preparing documentation for contracts, applications, or permits",age_group,30–44,"Preparing contracts, applications, or permits",19,382,5.0,1.12,3.45,7.18
q15_delegation,15,"Which of the following tasks, if any, did you or your team used to hand off to a contractor or coworker that AI now takes care of mostly or entirely? Select all that apply.",Explaining or providing information to clients or customers (incl. about products or services),age_group,30–44,Explaining or providing info to clients,13,382,3.42,0.94,2.18,5.31
q15_delegation,15,"Which of the following tasks, if any, did you or your team used to hand off to a contractor or coworker that AI now takes care of mostly or entirely? Select all that apply.",Advising others on business or operational matters,age_group,30–44,Advising on business or operational matters,11,382,2.96,0.88,1.83,4.76
q15_delegation,15,"Which of the following tasks, if any, did you or your team used to hand off to a contractor or coworker that AI now takes care of mostly or entirely? Select all that apply.","Assessing student capabilities, needs, or performance",age_group,30–44,Assessing student capabilities or needs,9,382,2.35,0.78,1.37,4.01
q15_delegation,15,"Which of the following tasks, if any, did you or your team used to hand off to a contractor or coworker that AI now takes care of mostly or entirely? Select all that apply.",None of the above,age_group,30–44,None of the above,304,382,79.35,2.09,75.73,82.55
q15_delegation,15,"Which of the following tasks, if any, did you or your team used to hand off to a contractor or coworker that AI now takes care of mostly or entirely? Select all that apply.",Maintaining operational records,age_group,45–59,Maintaining operational records,14,312,4.66,1.22,3.05,7.05
q15_delegation,15,"Which of the following tasks, if any, did you or your team used to hand off to a contractor or coworker that AI now takes care of mostly or entirely? Select all that apply.","Developing organizational policies, systems, or processes",age_group,45–59,"Developing policies, systems, or processes",13,312,4.31,1.17,2.77,6.63
q15_delegation,15,"Which of the following tasks, if any, did you or your team used to hand off to a contractor or coworker that AI now takes care of mostly or entirely? Select all that apply.",Reading documents or materials to inform work processes,age_group,45–59,Reading documents to inform work,20,312,6.48,1.41,4.53,9.17
q15_delegation,15,"Which of the following tasks, if any, did you or your team used to hand off to a contractor or coworker that AI now takes care of mostly or entirely? Select all that apply.",Determining values or prices of goods or services,age_group,45–59,Determining values or prices,9,312,3.02,1.0,1.79,5.07
q15_delegation,15,"Which of the following tasks, if any, did you or your team used to hand off to a contractor or coworker that AI now takes care of mostly or entirely? Select all that apply.","Analyzing data, or evaluating the quality or accuracy of data",age_group,45–59,Analyzing or evaluating data,24,312,7.73,1.52,5.59,10.61
q15_delegation,15,"Which of the following tasks, if any, did you or your team used to hand off to a contractor or coworker that AI now takes care of mostly or entirely? Select all that apply.",Designing computer or information systems or applications,age_group,45–59,Designing computer or information systems,10,312,3.38,1.05,2.05,5.51
q15_delegation,15,"Which of the following tasks, if any, did you or your team used to hand off to a contractor or coworker that AI now takes care of mostly or entirely? Select all that apply.","Preparing documentation for contracts, applications, or permits",age_group,45–59,"Preparing contracts, applications, or permits",16,312,5.24,1.28,3.52,7.74
q15_delegation,15,"Which of the following tasks, if any, did you or your team used to hand off to a contractor or coworker that AI now takes care of mostly or entirely? Select all that apply.",Explaining or providing information to clients or customers (incl. about products or services),age_group,45–59,Explaining or providing info to clients,13,312,4.22,1.15,2.71,6.53
q15_delegation,15,"Which of the following tasks, if any, did you or your team used to hand off to a contractor or coworker that AI now takes care of mostly or entirely? Select all that apply.",Advising others on business or operational matters,age_group,45–59,Advising on business or operational matters,7,312,2.29,0.86,1.25,4.15
q15_delegation,15,"Which of the following tasks, if any, did you or your team used to hand off to a contractor or coworker that AI now takes care of mostly or entirely? Select all that apply.","Assessing student capabilities, needs, or performance",age_group,45–59,Assessing student capabilities or needs,6,312,1.95,0.79,1.01,3.71
q15_delegation,15,"Which of the following tasks, if any, did you or your team used to hand off to a contractor or coworker that AI now takes care of mostly or entirely? Select all that apply.",None of the above,age_group,45–59,None of the above,253,312,80.87,2.25,76.93,84.27
q15_delegation,15,"Which of the following tasks, if any, did you or your team used to hand off to a contractor or coworker that AI now takes care of mostly or entirely? Select all that apply.",Maintaining operational records,age_group,60+,Maintaining operational records,7,177,3.92,1.46,2.13,7.11
q15_delegation,15,"Which of the following tasks, if any, did you or your team used to hand off to a contractor or coworker that AI now takes care of mostly or entirely? Select all that apply.","Developing organizational policies, systems, or processes",age_group,60+,"Developing policies, systems, or processes",7,177,3.94,1.47,2.14,7.13
q15_delegation,15,"Which of the following tasks, if any, did you or your team used to hand off to a contractor or coworker that AI now takes care of mostly or entirely? Select all that apply.",Reading documents or materials to inform work processes,age_group,60+,Reading documents to inform work,10,177,5.61,1.74,3.37,9.19
q15_delegation,15,"Which of the following tasks, if any, did you or your team used to hand off to a contractor or coworker that AI now takes care of mostly or entirely? Select all that apply.",Determining values or prices of goods or services,age_group,60+,Determining values or prices,3,177,1.77,1.02,0.72,4.28
q15_delegation,15,"Which of the following tasks, if any, did you or your team used to hand off to a contractor or coworker that AI now takes care of mostly or entirely? Select all that apply.","Analyzing data, or evaluating the quality or accuracy of data",age_group,60+,Analyzing or evaluating data,8,177,4.47,1.55,2.53,7.8
q15_delegation,15,"Which of the following tasks, if any, did you or your team used to hand off to a contractor or coworker that AI now takes care of mostly or entirely? Select all that apply.",Designing computer or information systems or applications,age_group,60+,Designing computer or information systems,3,177,1.75,1.01,0.71,4.25
q15_delegation,15,"Which of the following tasks, if any, did you or your team used to hand off to a contractor or coworker that AI now takes care of mostly or entirely? Select all that apply.","Preparing documentation for contracts, applications, or permits",age_group,60+,"Preparing contracts, applications, or permits",2,177,1.08,0.76,0.35,3.29
q15_delegation,15,"Which of the following tasks, if any, did you or your team used to hand off to a contractor or coworker that AI now takes care of mostly or entirely? Select all that apply.",Explaining or providing information to clients or customers (incl. about products or services),age_group,60+,Explaining or providing info to clients,5,177,2.78,1.23,1.35,5.65
q15_delegation,15,"Which of the following tasks, if any, did you or your team used to hand off to a contractor or coworker that AI now takes care of mostly or entirely? Select all that apply.",Advising others on business or operational matters,age_group,60+,Advising on business or operational matters,5,177,2.74,1.22,1.33,5.59
q15_delegation,15,"Which of the following tasks, if any, did you or your team used to hand off to a contractor or coworker that AI now takes care of mostly or entirely? Select all that apply.","Assessing student capabilities, needs, or performance",age_group,60+,Assessing student capabilities or needs,4,177,2.22,1.1,0.99,4.89
q15_delegation,15,"Which of the following tasks, if any, did you or your team used to hand off to a contractor or coworker that AI now takes care of mostly or entirely? Select all that apply.",None of the above,age_group,60+,None of the above,152,177,85.83,2.64,80.97,89.62
q15_delegation,15,"Which of the following tasks, if any, did you or your team used to hand off to a contractor or coworker that AI now takes care of mostly or entirely? Select all that apply.",Maintaining operational records,gender,Male,Maintaining operational records,37,593,6.42,1.02,4.94,8.29
q15_delegation,15,"Which of the following tasks, if any, did you or your team used to hand off to a contractor or coworker that AI now takes care of mostly or entirely? Select all that apply.","Developing organizational policies, systems, or processes",gender,Male,"Developing policies, systems, or processes",19,593,3.34,0.76,2.32,4.79
q15_delegation,15,"Which of the following tasks, if any, did you or your team used to hand off to a contractor or coworker that AI now takes care of mostly or entirely? Select all that apply.",Reading documents or materials to inform work processes,gender,Male,Reading documents to inform work,34,593,5.92,0.99,4.51,7.73
q15_delegation,15,"Which of the following tasks, if any, did you or your team used to hand off to a contractor or coworker that AI now takes care of mostly or entirely? Select all that apply.",Determining values or prices of goods or services,gender,Male,Determining values or prices,13,593,2.23,0.61,1.42,3.47
q15_delegation,15,"Which of the following tasks, if any, did you or your team used to hand off to a contractor or coworker that AI now takes care of mostly or entirely? Select all that apply.","Analyzing data, or evaluating the quality or accuracy of data",gender,Male,Analyzing or evaluating data,43,593,7.43,1.1,5.84,9.41
q15_delegation,15,"Which of the following tasks, if any, did you or your team used to hand off to a contractor or coworker that AI now takes care of mostly or entirely? Select all that apply.",Designing computer or information systems or applications,gender,Male,Designing computer or information systems,16,593,2.77,0.69,1.86,4.12
q15_delegation,15,"Which of the following tasks, if any, did you or your team used to hand off to a contractor or coworker that AI now takes care of mostly or entirely? Select all that apply.","Preparing documentation for contracts, applications, or permits",gender,Male,"Preparing contracts, applications, or permits",31,593,5.52,0.97,4.17,7.29
q15_delegation,15,"Which of the following tasks, if any, did you or your team used to hand off to a contractor or coworker that AI now takes care of mostly or entirely? Select all that apply.",Explaining or providing information to clients or customers (incl. about products or services),gender,Male,Explaining or providing info to clients,26,593,4.56,0.88,3.34,6.19
q15_delegation,15,"Which of the following tasks, if any, did you or your team used to hand off to a contractor or coworker that AI now takes care of mostly or entirely? Select all that apply.",Advising others on business or operational matters,gender,Male,Advising on business or operational matters,14,593,2.54,0.67,1.67,3.85
q15_delegation,15,"Which of the following tasks, if any, did you or your team used to hand off to a contractor or coworker that AI now takes care of mostly or entirely? Select all that apply.","Assessing student capabilities, needs, or performance",gender,Male,Assessing student capabilities or needs,10,593,1.67,0.53,1.0,2.79
q15_delegation,15,"Which of the following tasks, if any, did you or your team used to hand off to a contractor or coworker that AI now takes care of mostly or entirely? Select all that apply.",None of the above,gender,Male,None of the above,468,593,78.18,1.73,75.25,80.85
q15_delegation,15,"Which of the following tasks, if any, did you or your team used to hand off to a contractor or coworker that AI now takes care of mostly or entirely? Select all that apply.",Maintaining operational records,gender,Female,Maintaining operational records,21,510,4.17,0.9,2.94,5.9
q15_delegation,15,"Which of the following tasks, if any, did you or your team used to hand off to a contractor or coworker that AI now takes care of mostly or entirely? Select all that apply.","Developing organizational policies, systems, or processes",gender,Female,"Developing policies, systems, or processes",23,510,4.5,0.92,3.21,6.29
q15_delegation,15,"Which of the following tasks, if any, did you or your team used to hand off to a contractor or coworker that AI now takes care of mostly or entirely? Select all that apply.",Reading documents or materials to inform work processes,gender,Female,Reading documents to inform work,28,510,5.53,1.02,4.07,7.45
q15_delegation,15,"Which of the following tasks, if any, did you or your team used to hand off to a contractor or coworker that AI now takes care of mostly or entirely? Select all that apply.",Determining values or prices of goods or services,gender,Female,Determining values or prices,17,510,3.56,0.86,2.43,5.19
q15_delegation,15,"Which of the following tasks, if any, did you or your team used to hand off to a contractor or coworker that AI now takes care of mostly or entirely? Select all that apply.","Analyzing data, or evaluating the quality or accuracy of data",gender,Female,Analyzing or evaluating data,34,510,6.74,1.12,5.12,8.82
q15_delegation,15,"Which of the following tasks, if any, did you or your team used to hand off to a contractor or coworker that AI now takes care of mostly or entirely? Select all that apply.",Designing computer or information systems or applications,gender,Female,Designing computer or information systems,15,510,3.12,0.8,2.07,4.67
q15_delegation,15,"Which of the following tasks, if any, did you or your team used to hand off to a contractor or coworker that AI now takes care of mostly or entirely? Select all that apply.","Preparing documentation for contracts, applications, or permits",gender,Female,"Preparing contracts, applications, or permits",22,510,4.5,0.95,3.21,6.28
q15_delegation,15,"Which of the following tasks, if any, did you or your team used to hand off to a contractor or coworker that AI now takes care of mostly or entirely? Select all that apply.",Explaining or providing information to clients or customers (incl. about products or services),gender,Female,Explaining or providing info to clients,20,510,4.16,0.92,2.92,5.89
q15_delegation,15,"Which of the following tasks, if any, did you or your team used to hand off to a contractor or coworker that AI now takes care of mostly or entirely? Select all that apply.",Advising others on business or operational matters,gender,Female,Advising on business or operational matters,22,510,4.4,0.93,3.12,6.16
q15_delegation,15,"Which of the following tasks, if any, did you or your team used to hand off to a contractor or coworker that AI now takes care of mostly or entirely? Select all that apply.","Assessing student capabilities, needs, or performance",gender,Female,Assessing student capabilities or needs,16,510,3.19,0.79,2.13,4.75
q15_delegation,15,"Which of the following tasks, if any, did you or your team used to hand off to a contractor or coworker that AI now takes care of mostly or entirely? Select all that apply.",None of the above,gender,Female,None of the above,407,510,79.27,1.83,76.14,82.08
q15_delegation,15,"Which of the following tasks, if any, did you or your team used to hand off to a contractor or coworker that AI now takes care of mostly or entirely? Select all that apply.",Maintaining operational records,race_ethnicity,"White, Non-Hispanic",Maintaining operational records,24,666,3.68,0.74,2.65,5.09
q15_delegation,15,"Which of the following tasks, if any, did you or your team used to hand off to a contractor or coworker that AI now takes care of mostly or entirely? Select all that apply.","Developing organizational policies, systems, or processes",race_ethnicity,"White, Non-Hispanic","Developing policies, systems, or processes",20,666,3.06,0.68,2.13,4.37
q15_delegation,15,"Which of the following tasks, if any, did you or your team used to hand off to a contractor or coworker that AI now takes care of mostly or entirely? Select all that apply.",Reading documents or materials to inform work processes,race_ethnicity,"White, Non-Hispanic",Reading documents to inform work,31,666,4.71,0.83,3.53,6.26
q15_delegation,15,"Which of the following tasks, if any, did you or your team used to hand off to a contractor or coworker that AI now takes care of mostly or entirely? Select all that apply.",Determining values or prices of goods or services,race_ethnicity,"White, Non-Hispanic",Determining values or prices,13,666,2.03,0.56,1.3,3.15
q15_delegation,15,"Which of the following tasks, if any, did you or your team used to hand off to a contractor or coworker that AI now takes care of mostly or entirely? Select all that apply.","Analyzing data, or evaluating the quality or accuracy of data",race_ethnicity,"White, Non-Hispanic",Analyzing or evaluating data,36,666,5.41,0.88,4.13,7.05
q15_delegation,15,"Which of the following tasks, if any, did you or your team used to hand off to a contractor or coworker that AI now takes care of mostly or entirely? Select all that apply.",Designing computer or information systems or applications,race_ethnicity,"White, Non-Hispanic",Designing computer or information systems,11,666,1.63,0.49,0.99,2.66
q15_delegation,15,"Which of the following tasks, if any, did you or your team used to hand off to a contractor or coworker that AI now takes care of mostly or entirely? Select all that apply.","Preparing documentation for contracts, applications, or permits",race_ethnicity,"White, Non-Hispanic","Preparing contracts, applications, or permits",19,666,2.93,0.66,2.02,4.21
q15_delegation,15,"Which of the following tasks, if any, did you or your team used to hand off to a contractor or coworker that AI now takes care of mostly or entirely? Select all that apply.",Explaining or providing information to clients or customers (incl. about products or services),race_ethnicity,"White, Non-Hispanic",Explaining or providing info to clients,14,666,2.09,0.56,1.35,3.22
q15_delegation,15,"Which of the following tasks, if any, did you or your team used to hand off to a contractor or coworker that AI now takes care of mostly or entirely? Select all that apply.",Advising others on business or operational matters,race_ethnicity,"White, Non-Hispanic",Advising on business or operational matters,16,666,2.37,0.59,1.58,3.56
q15_delegation,15,"Which of the following tasks, if any, did you or your team used to hand off to a contractor or coworker that AI now takes care of mostly or entirely? Select all that apply.","Assessing student capabilities, needs, or performance",race_ethnicity,"White, Non-Hispanic",Assessing student capabilities or needs,12,666,1.81,0.52,1.13,2.88
q15_delegation,15,"Which of the following tasks, if any, did you or your team used to hand off to a contractor or coworker that AI now takes care of mostly or entirely? Select all that apply.",None of the above,race_ethnicity,"White, Non-Hispanic",None of the above,565,666,84.66,1.41,82.21,86.82
q15_delegation,15,"Which of the following tasks, if any, did you or your team used to hand off to a contractor or coworker that AI now takes care of mostly or entirely? Select all that apply.",Maintaining operational records,race_ethnicity,"Black, Non-Hispanic",Maintaining operational records,13,140,9.29,2.47,5.97,14.16
q15_delegation,15,"Which of the following tasks, if any, did you or your team used to hand off to a contractor or coworker that AI now takes care of mostly or entirely? Select all that apply.","Developing organizational policies, systems, or processes",race_ethnicity,"Black, Non-Hispanic","Developing policies, systems, or processes",10,140,7.31,2.24,4.44,11.83
q15_delegation,15,"Which of the following tasks, if any, did you or your team used to hand off to a contractor or coworker that AI now takes care of mostly or entirely? Select all that apply.",Reading documents or materials to inform work processes,race_ethnicity,"Black, Non-Hispanic",Reading documents to inform work,12,140,8.78,2.44,5.58,13.57
q15_delegation,15,"Which of the following tasks, if any, did you or your team used to hand off to a contractor or coworker that AI now takes care of mostly or entirely? Select all that apply.",Determining values or prices of goods or services,race_ethnicity,"Black, Non-Hispanic",Determining values or prices,11,140,8.07,2.35,5.02,12.72
q15_delegation,15,"Which of the following tasks, if any, did you or your team used to hand off to a contractor or coworker that AI now takes care of mostly or entirely? Select all that apply.","Analyzing data, or evaluating the quality or accuracy of data",race_ethnicity,"Black, Non-Hispanic",Analyzing or evaluating data,13,140,9.53,2.53,6.17,14.44
q15_delegation,15,"Which of the following tasks, if any, did you or your team used to hand off to a contractor or coworker that AI now takes care of mostly or entirely? Select all that apply.",Designing computer or information systems or applications,race_ethnicity,"Black, Non-Hispanic",Designing computer or information systems,11,140,8.25,2.4,5.16,12.95
q15_delegation,15,"Which of the following tasks, if any, did you or your team used to hand off to a contractor or coworker that AI now takes care of mostly or entirely? Select all that apply.","Preparing documentation for contracts, applications, or permits",race_ethnicity,"Black, Non-Hispanic","Preparing contracts, applications, or permits",10,140,7.72,2.36,4.75,12.32
q15_delegation,15,"Which of the following tasks, if any, did you or your team used to hand off to a contractor or coworker that AI now takes care of mostly or entirely? Select all that apply.",Explaining or providing information to clients or customers (incl. about products or services),race_ethnicity,"Black, Non-Hispanic",Explaining or providing info to clients,12,140,9.13,2.52,5.85,13.98
q15_delegation,15,"Which of the following tasks, if any, did you or your team used to hand off to a contractor or coworker that AI now takes care of mostly or entirely? Select all that apply.",Advising others on business or operational matters,race_ethnicity,"Black, Non-Hispanic",Advising on business or operational matters,10,140,7.53,2.3,4.6,12.08
q15_delegation,15,"Which of the following tasks, if any, did you or your team used to hand off to a contractor or coworker that AI now takes care of mostly or entirely? Select all that apply.","Assessing student capabilities, needs, or performance",race_ethnicity,"Black, Non-Hispanic",Assessing student capabilities or needs,5,140,3.74,1.65,1.85,7.39
q15_delegation,15,"Which of the following tasks, if any, did you or your team used to hand off to a contractor or coworker that AI now takes care of mostly or entirely? Select all that apply.",None of the above,race_ethnicity,"Black, Non-Hispanic",None of the above,94,140,66.11,4.07,59.25,72.36
q15_delegation,15,"Which of the following tasks, if any, did you or your team used to hand off to a contractor or coworker that AI now takes care of mostly or entirely? Select all that apply.",Maintaining operational records,race_ethnicity,Hispanic,Maintaining operational records,11,191,5.48,1.62,3.33,8.88
q15_delegation,15,"Which of the following tasks, if any, did you or your team used to hand off to a contractor or coworker that AI now takes care of mostly or entirely? Select all that apply.","Developing organizational policies, systems, or processes",race_ethnicity,Hispanic,"Developing policies, systems, or processes",7,191,3.71,1.38,2.03,6.7
q15_delegation,15,"Which of the following tasks, if any, did you or your team used to hand off to a contractor or coworker that AI now takes care of mostly or entirely? Select all that apply.",Reading documents or materials to inform work processes,race_ethnicity,Hispanic,Reading documents to inform work,10,191,5.2,1.61,3.12,8.54
q15_delegation,15,"Which of the following tasks, if any, did you or your team used to hand off to a contractor or coworker that AI now takes care of mostly or entirely? Select all that apply.",Determining values or prices of goods or services,race_ethnicity,Hispanic,Determining values or prices,5,191,2.6,1.16,1.27,5.28
q15_delegation,15,"Which of the following tasks, if any, did you or your team used to hand off to a contractor or coworker that AI now takes care of mostly or entirely? Select all that apply.","Analyzing data, or evaluating the quality or accuracy of data",race_ethnicity,Hispanic,Analyzing or evaluating data,16,191,8.2,1.98,5.48,12.1
q15_delegation,15,"Which of the following tasks, if any, did you or your team used to hand off to a contractor or coworker that AI now takes care of mostly or entirely? Select all that apply.",Designing computer or information systems or applications,race_ethnicity,Hispanic,Designing computer or information systems,6,191,3.21,1.31,1.68,6.06
q15_delegation,15,"Which of the following tasks, if any, did you or your team used to hand off to a contractor or coworker that AI now takes care of mostly or entirely? Select all that apply.","Preparing documentation for contracts, applications, or permits",race_ethnicity,Hispanic,"Preparing contracts, applications, or permits",13,191,6.67,1.8,4.26,10.3
q15_delegation,15,"Which of the following tasks, if any, did you or your team used to hand off to a contractor or coworker that AI now takes care of mostly or entirely? Select all that apply.",Explaining or providing information to clients or customers (incl. about products or services),race_ethnicity,Hispanic,Explaining or providing info to clients,9,191,4.77,1.56,2.8,8.01
q15_delegation,15,"Which of the following tasks, if any, did you or your team used to hand off to a contractor or coworker that AI now takes care of mostly or entirely? Select all that apply.",Advising others on business or operational matters,race_ethnicity,Hispanic,Advising on business or operational matters,7,191,3.91,1.46,2.17,6.94
q15_delegation,15,"Which of the following tasks, if any, did you or your team used to hand off to a contractor or coworker that AI now takes care of mostly or entirely? Select all that apply.","Assessing student capabilities, needs, or performance",race_ethnicity,Hispanic,Assessing student capabilities or needs,8,191,4.16,1.45,2.35,7.26
q15_delegation,15,"Which of the following tasks, if any, did you or your team used to hand off to a contractor or coworker that AI now takes care of mostly or entirely? Select all that apply.",None of the above,race_ethnicity,Hispanic,None of the above,144,191,75.67,3.12,70.2,80.41
q15_delegation,15,"Which of the following tasks, if any, did you or your team used to hand off to a contractor or coworker that AI now takes care of mostly or entirely? Select all that apply.",Maintaining operational records,race_ethnicity,"Other/2+, Non-Hispanic",Maintaining operational records,10,106,9.16,2.79,5.49,14.89
q15_delegation,15,"Which of the following tasks, if any, did you or your team used to hand off to a contractor or coworker that AI now takes care of mostly or entirely? Select all that apply.","Developing organizational policies, systems, or processes",race_ethnicity,"Other/2+, Non-Hispanic","Developing policies, systems, or processes",5,106,4.43,1.96,2.11,9.04
q15_delegation,15,"Which of the following tasks, if any, did you or your team used to hand off to a contractor or coworker that AI now takes care of mostly or entirely? Select all that apply.",Reading documents or materials to inform work processes,race_ethnicity,"Other/2+, Non-Hispanic",Reading documents to inform work,9,106,8.37,2.71,4.89,13.94
q15_delegation,15,"Which of the following tasks, if any, did you or your team used to hand off to a contractor or coworker that AI now takes care of mostly or entirely? Select all that apply.",Determining values or prices of goods or services,race_ethnicity,"Other/2+, Non-Hispanic",Determining values or prices,1,106,1.24,1.24,0.33,4.62
q15_delegation,15,"Which of the following tasks, if any, did you or your team used to hand off to a contractor or coworker that AI now takes care of mostly or entirely? Select all that apply.","Analyzing data, or evaluating the quality or accuracy of data",race_ethnicity,"Other/2+, Non-Hispanic",Analyzing or evaluating data,12,106,11.27,3.09,7.13,17.36
q15_delegation,15,"Which of the following tasks, if any, did you or your team used to hand off to a contractor or coworker that AI now takes care of mostly or entirely? Select all that apply.",Designing computer or information systems or applications,race_ethnicity,"Other/2+, Non-Hispanic",Designing computer or information systems,3,106,2.82,1.61,1.12,6.89
q15_delegation,15,"Which of the following tasks, if any, did you or your team used to hand off to a contractor or coworker that AI now takes care of mostly or entirely? Select all that apply.","Preparing documentation for contracts, applications, or permits",race_ethnicity,"Other/2+, Non-Hispanic","Preparing contracts, applications, or permits",11,106,10.21,2.96,6.3,16.13
q15_delegation,15,"Which of the following tasks, if any, did you or your team used to hand off to a contractor or coworker that AI now takes care of mostly or entirely? Select all that apply.",Explaining or providing information to clients or customers (incl. about products or services),race_ethnicity,"Other/2+, Non-Hispanic",Explaining or providing info to clients,11,106,9.95,2.88,6.1,15.82
q15_delegation,15,"Which of the following tasks, if any, did you or your team used to hand off to a contractor or coworker that AI now takes care of mostly or entirely? Select all that apply.",Advising others on business or operational matters,race_ethnicity,"Other/2+, Non-Hispanic",Advising on business or operational matters,3,106,3.1,1.79,1.29,7.28
q15_delegation,15,"Which of the following tasks, if any, did you or your team used to hand off to a contractor or coworker that AI now takes care of mostly or entirely? Select all that apply.","Assessing student capabilities, needs, or performance",race_ethnicity,"Other/2+, Non-Hispanic",Assessing student capabilities or needs,1,106,0.77,0.78,0.15,3.88
q15_delegation,15,"Which of the following tasks, if any, did you or your team used to hand off to a contractor or coworker that AI now takes care of mostly or entirely? Select all that apply.",None of the above,race_ethnicity,"Other/2+, Non-Hispanic",None of the above,72,106,67.65,4.61,59.76,74.66
q15_delegation,15,"Which of the following tasks, if any, did you or your team used to hand off to a contractor or coworker that AI now takes care of mostly or entirely? Select all that apply.",Maintaining operational records,region,Northeast,Maintaining operational records,8,191,4.4,1.53,2.52,7.56
q15_delegation,15,"Which of the following tasks, if any, did you or your team used to hand off to a contractor or coworker that AI now takes care of mostly or entirely? Select all that apply.","Developing organizational policies, systems, or processes",region,Northeast,"Developing policies, systems, or processes",7,191,3.81,1.43,2.1,6.83
q15_delegation,15,"Which of the following tasks, if any, did you or your team used to hand off to a contractor or coworker that AI now takes care of mostly or entirely? Select all that apply.",Reading documents or materials to inform work processes,region,Northeast,Reading documents to inform work,10,191,5.37,1.67,3.25,8.75
q15_delegation,15,"Which of the following tasks, if any, did you or your team used to hand off to a contractor or coworker that AI now takes care of mostly or entirely? Select all that apply.",Determining values or prices of goods or services,region,Northeast,Determining values or prices,9,191,4.85,1.59,2.86,8.12
q15_delegation,15,"Which of the following tasks, if any, did you or your team used to hand off to a contractor or coworker that AI now takes care of mostly or entirely? Select all that apply.","Analyzing data, or evaluating the quality or accuracy of data",region,Northeast,Analyzing or evaluating data,14,191,7.64,1.98,5.03,11.45
q15_delegation,15,"Which of the following tasks, if any, did you or your team used to hand off to a contractor or coworker that AI now takes care of mostly or entirely? Select all that apply.",Designing computer or information systems or applications,region,Northeast,Designing computer or information systems,8,191,4.31,1.49,2.45,7.45
q15_delegation,15,"Which of the following tasks, if any, did you or your team used to hand off to a contractor or coworker that AI now takes care of mostly or entirely? Select all that apply.","Preparing documentation for contracts, applications, or permits",region,Northeast,"Preparing contracts, applications, or permits",5,191,2.71,1.21,1.34,5.42
q15_delegation,15,"Which of the following tasks, if any, did you or your team used to hand off to a contractor or coworker that AI now takes care of mostly or entirely? Select all that apply.",Explaining or providing information to clients or customers (incl. about products or services),region,Northeast,Explaining or providing info to clients,7,191,4.03,1.5,2.26,7.11
q15_delegation,15,"Which of the following tasks, if any, did you or your team used to hand off to a contractor or coworker that AI now takes care of mostly or entirely? Select all that apply.",Advising others on business or operational matters,region,Northeast,Advising on business or operational matters,5,191,2.95,1.31,1.5,5.73
q15_delegation,15,"Which of the following tasks, if any, did you or your team used to hand off to a contractor or coworker that AI now takes care of mostly or entirely? Select all that apply.","Assessing student capabilities, needs, or performance",region,Northeast,Assessing student capabilities or needs,6,191,3.14,1.27,1.63,5.98
q15_delegation,15,"Which of the following tasks, if any, did you or your team used to hand off to a contractor or coworker that AI now takes care of mostly or entirely? Select all that apply.",None of the above,region,Northeast,None of the above,152,191,78.66,3.04,73.37,83.14
q15_delegation,15,"Which of the following tasks, if any, did you or your team used to hand off to a contractor or coworker that AI now takes care of mostly or entirely? Select all that apply.",Maintaining operational records,region,Midwest,Maintaining operational records,6,246,2.57,1.04,1.35,4.83
q15_delegation,15,"Which of the following tasks, if any, did you or your team used to hand off to a contractor or coworker that AI now takes care of mostly or entirely? Select all that apply.","Developing organizational policies, systems, or processes",region,Midwest,"Developing policies, systems, or processes",7,246,2.84,1.06,1.54,5.18
q15_delegation,15,"Which of the following tasks, if any, did you or your team used to hand off to a contractor or coworker that AI now takes care of mostly or entirely? Select all that apply.",Reading documents or materials to inform work processes,region,Midwest,Reading documents to inform work,12,246,5.27,1.5,3.37,8.16
q15_delegation,15,"Which of the following tasks, if any, did you or your team used to hand off to a contractor or coworker that AI now takes care of mostly or entirely? Select all that apply.",Determining values or prices of goods or services,region,Midwest,Determining values or prices,5,246,2.16,0.97,1.08,4.31
q15_delegation,15,"Which of the following tasks, if any, did you or your team used to hand off to a contractor or coworker that AI now takes care of mostly or entirely? Select all that apply.","Analyzing data, or evaluating the quality or accuracy of data",region,Midwest,Analyzing or evaluating data,8,246,3.35,1.17,1.9,5.82
q15_delegation,15,"Which of the following tasks, if any, did you or your team used to hand off to a contractor or coworker that AI now takes care of mostly or entirely? Select all that apply.",Designing computer or information systems or applications,region,Midwest,Designing computer or information systems,6,246,2.36,0.95,1.21,4.56
q15_delegation,15,"Which of the following tasks, if any, did you or your team used to hand off to a contractor or coworker that AI now takes care of mostly or entirely? Select all that apply.","Preparing documentation for contracts, applications, or permits",region,Midwest,"Preparing contracts, applications, or permits",5,246,2.28,1.02,1.15,4.46
q15_delegation,15,"Which of the following tasks, if any, did you or your team used to hand off to a contractor or coworker that AI now takes care of mostly or entirely? Select all that apply.",Explaining or providing information to clients or customers (incl. about products or services),region,Midwest,Explaining or providing info to clients,7,246,2.98,1.12,1.64,5.35
q15_delegation,15,"Which of the following tasks, if any, did you or your team used to hand off to a contractor or coworker that AI now takes care of mostly or entirely? Select all that apply.",Advising others on business or operational matters,region,Midwest,Advising on business or operational matters,5,246,2.18,0.97,1.09,4.33
q15_delegation,15,"Which of the following tasks, if any, did you or your team used to hand off to a contractor or coworker that AI now takes care of mostly or entirely? Select all that apply.","Assessing student capabilities, needs, or performance",region,Midwest,Assessing student capabilities or needs,2,246,0.95,0.67,0.34,2.64
q15_delegation,15,"Which of the following tasks, if any, did you or your team used to hand off to a contractor or coworker that AI now takes care of mostly or entirely? Select all that apply.",None of the above,region,Midwest,None of the above,213,246,85.99,2.27,81.93,89.26
q15_delegation,15,"Which of the following tasks, if any, did you or your team used to hand off to a contractor or coworker that AI now takes care of mostly or entirely? Select all that apply.",Maintaining operational records,region,South,Maintaining operational records,26,406,6.46,1.23,4.72,8.79
q15_delegation,15,"Which of the following tasks, if any, did you or your team used to hand off to a contractor or coworker that AI now takes care of mostly or entirely? Select all that apply.","Developing organizational policies, systems, or processes",region,South,"Developing policies, systems, or processes",19,406,4.88,1.1,3.39,6.98
q15_delegation,15,"Which of the following tasks, if any, did you or your team used to hand off to a contractor or coworker that AI now takes care of mostly or entirely? Select all that apply.",Reading documents or materials to inform work processes,region,South,Reading documents to inform work,26,406,6.46,1.24,4.71,8.79
q15_delegation,15,"Which of the following tasks, if any, did you or your team used to hand off to a contractor or coworker that AI now takes care of mostly or entirely? Select all that apply.",Determining values or prices of goods or services,region,South,Determining values or prices,14,406,3.57,0.94,2.33,5.44
q15_delegation,15,"Which of the following tasks, if any, did you or your team used to hand off to a contractor or coworker that AI now takes care of mostly or entirely? Select all that apply.","Analyzing data, or evaluating the quality or accuracy of data",region,South,Analyzing or evaluating data,32,406,7.87,1.35,5.92,10.37
q15_delegation,15,"Which of the following tasks, if any, did you or your team used to hand off to a contractor or coworker that AI now takes care of mostly or entirely? Select all that apply.",Designing computer or information systems or applications,region,South,Designing computer or information systems,11,406,2.96,0.89,1.85,4.7
q15_delegation,15,"Which of the following tasks, if any, did you or your team used to hand off to a contractor or coworker that AI now takes care of mostly or entirely? Select all that apply.","Preparing documentation for contracts, applications, or permits",region,South,"Preparing contracts, applications, or permits",21,406,5.36,1.15,3.79,7.53
q15_delegation,15,"Which of the following tasks, if any, did you or your team used to hand off to a contractor or coworker that AI now takes care of mostly or entirely? Select all that apply.",Explaining or providing information to clients or customers (incl. about products or services),region,South,Explaining or providing info to clients,17,406,4.31,1.03,2.92,6.31
q15_delegation,15,"Which of the following tasks, if any, did you or your team used to hand off to a contractor or coworker that AI now takes care of mostly or entirely? Select all that apply.",Advising others on business or operational matters,region,South,Advising on business or operational matters,19,406,4.81,1.09,3.33,6.89
q15_delegation,15,"Which of the following tasks, if any, did you or your team used to hand off to a contractor or coworker that AI now takes care of mostly or entirely? Select all that apply.","Assessing student capabilities, needs, or performance",region,South,Assessing student capabilities or needs,13,406,3.24,0.89,2.07,5.04
q15_delegation,15,"Which of the following tasks, if any, did you or your team used to hand off to a contractor or coworker that AI now takes care of mostly or entirely? Select all that apply.",None of the above,region,South,None of the above,312,406,76.35,2.14,72.69,79.66
q15_delegation,15,"Which of the following tasks, if any, did you or your team used to hand off to a contractor or coworker that AI now takes care of mostly or entirely? Select all that apply.",Maintaining operational records,region,West,Maintaining operational records,18,260,6.82,1.56,4.66,9.89
q15_delegation,15,"Which of the following tasks, if any, did you or your team used to hand off to a contractor or coworker that AI now takes care of mostly or entirely? Select all that apply.","Developing organizational policies, systems, or processes",region,West,"Developing policies, systems, or processes",9,260,3.39,1.12,1.96,5.79
q15_delegation,15,"Which of the following tasks, if any, did you or your team used to hand off to a contractor or coworker that AI now takes care of mostly or entirely? Select all that apply.",Reading documents or materials to inform work processes,region,West,Reading documents to inform work,14,260,5.29,1.39,3.42,8.09
q15_delegation,15,"Which of the following tasks, if any, did you or your team used to hand off to a contractor or coworker that AI now takes care of mostly or entirely? Select all that apply.",Determining values or prices of goods or services,region,West,Determining values or prices,2,260,0.94,0.67,0.34,2.57
q15_delegation,15,"Which of the following tasks, if any, did you or your team used to hand off to a contractor or coworker that AI now takes care of mostly or entirely? Select all that apply.","Analyzing data, or evaluating the quality or accuracy of data",region,West,Analyzing or evaluating data,23,260,8.93,1.79,6.41,12.31
q15_delegation,15,"Which of the following tasks, if any, did you or your team used to hand off to a contractor or coworker that AI now takes care of mostly or entirely? Select all that apply.",Designing computer or information systems or applications,region,West,Designing computer or information systems,6,260,2.43,0.99,1.28,4.58
q15_delegation,15,"Which of the following tasks, if any, did you or your team used to hand off to a contractor or coworker that AI now takes care of mostly or entirely? Select all that apply.","Preparing documentation for contracts, applications, or permits",region,West,"Preparing contracts, applications, or permits",22,260,8.74,1.79,6.25,12.09
q15_delegation,15,"Which of the following tasks, if any, did you or your team used to hand off to a contractor or coworker that AI now takes care of mostly or entirely? Select all that apply.",Explaining or providing information to clients or customers (incl. about products or services),region,West,Explaining or providing info to clients,15,260,5.95,1.5,3.95,8.88
q15_delegation,15,"Which of the following tasks, if any, did you or your team used to hand off to a contractor or coworker that AI now takes care of mostly or entirely? Select all that apply.",Advising others on business or operational matters,region,West,Advising on business or operational matters,7,260,2.77,1.05,1.51,5.01
q15_delegation,15,"Which of the following tasks, if any, did you or your team used to hand off to a contractor or coworker that AI now takes care of mostly or entirely? Select all that apply.","Assessing student capabilities, needs, or performance",region,West,Assessing student capabilities or needs,5,260,1.86,0.83,0.89,3.83
q15_delegation,15,"Which of the following tasks, if any, did you or your team used to hand off to a contractor or coworker that AI now takes care of mostly or entirely? Select all that apply.",None of the above,region,West,None of the above,198,260,75.75,2.7,71.09,79.87
q15_delegation,15,"Which of the following tasks, if any, did you or your team used to hand off to a contractor or coworker that AI now takes care of mostly or entirely? Select all that apply.",Maintaining operational records,education,Less than HS,Maintaining operational records,2,68,3.13,2.19,1.07,8.81
q15_delegation,15,"Which of the following tasks, if any, did you or your team used to hand off to a contractor or coworker that AI now takes care of mostly or entirely? Select all that apply.","Developing organizational policies, systems, or processes",education,Less than HS,"Developing policies, systems, or processes",1,68,1.54,1.54,0.35,6.47
q15_delegation,15,"Which of the following tasks, if any, did you or your team used to hand off to a contractor or coworker that AI now takes care of mostly or entirely? Select all that apply.",Reading documents or materials to inform work processes,education,Less than HS,Reading documents to inform work,2,68,3.15,2.21,1.08,8.84
q15_delegation,15,"Which of the following tasks, if any, did you or your team used to hand off to a contractor or coworker that AI now takes care of mostly or entirely? Select all that apply.",Determining values or prices of goods or services,education,Less than HS,Determining values or prices,1,68,1.54,1.54,0.35,6.47
q15_delegation,15,"Which of the following tasks, if any, did you or your team used to hand off to a contractor or coworker that AI now takes care of mostly or entirely? Select all that apply.","Analyzing data, or evaluating the quality or accuracy of data",education,Less than HS,Analyzing or evaluating data,4,68,6.12,3.0,2.81,12.82
q15_delegation,15,"Which of the following tasks, if any, did you or your team used to hand off to a contractor or coworker that AI now takes care of mostly or entirely? Select all that apply.",Designing computer or information systems or applications,education,Less than HS,Designing computer or information systems,1,68,1.29,1.3,0.26,6.09
q15_delegation,15,"Which of the following tasks, if any, did you or your team used to hand off to a contractor or coworker that AI now takes care of mostly or entirely? Select all that apply.","Preparing documentation for contracts, applications, or permits",education,Less than HS,"Preparing contracts, applications, or permits",2,68,2.97,2.09,0.99,8.59
q15_delegation,15,"Which of the following tasks, if any, did you or your team used to hand off to a contractor or coworker that AI now takes care of mostly or entirely? Select all that apply.",Explaining or providing information to clients or customers (incl. about products or services),education,Less than HS,Explaining or providing info to clients,3,68,4.6,2.63,1.88,10.83
q15_delegation,15,"Which of the following tasks, if any, did you or your team used to hand off to a contractor or coworker that AI now takes care of mostly or entirely? Select all that apply.",Advising others on business or operational matters,education,Less than HS,Advising on business or operational matters,4,68,5.85,2.87,2.64,12.48
q15_delegation,15,"Which of the following tasks, if any, did you or your team used to hand off to a contractor or coworker that AI now takes care of mostly or entirely? Select all that apply.","Assessing student capabilities, needs, or performance",education,Less than HS,Assessing student capabilities or needs,0,68,0.0,0.0,0.0,3.86
q15_delegation,15,"Which of the following tasks, if any, did you or your team used to hand off to a contractor or coworker that AI now takes care of mostly or entirely? Select all that apply.",None of the above,education,Less than HS,None of the above,55,68,80.07,4.97,70.98,86.85
q15_delegation,15,"Which of the following tasks, if any, did you or your team used to hand off to a contractor or coworker that AI now takes care of mostly or entirely? Select all that apply.",Maintaining operational records,education,High school,Maintaining operational records,15,284,5.34,1.35,3.53,8.01
q15_delegation,15,"Which of the following tasks, if any, did you or your team used to hand off to a contractor or coworker that AI now takes care of mostly or entirely? Select all that apply.","Developing organizational policies, systems, or processes",education,High school,"Developing policies, systems, or processes",5,284,1.75,0.78,0.85,3.57
q15_delegation,15,"Which of the following tasks, if any, did you or your team used to hand off to a contractor or coworker that AI now takes care of mostly or entirely? Select all that apply.",Reading documents or materials to inform work processes,education,High school,Reading documents to inform work,9,284,3.32,1.1,1.96,5.58
q15_delegation,15,"Which of the following tasks, if any, did you or your team used to hand off to a contractor or coworker that AI now takes care of mostly or entirely? Select all that apply.",Determining values or prices of goods or services,education,High school,Determining values or prices,7,284,2.53,0.95,1.38,4.58
q15_delegation,15,"Which of the following tasks, if any, did you or your team used to hand off to a contractor or coworker that AI now takes care of mostly or entirely? Select all that apply.","Analyzing data, or evaluating the quality or accuracy of data",education,High school,Analyzing or evaluating data,18,284,6.53,1.5,4.49,9.4
q15_delegation,15,"Which of the following tasks, if any, did you or your team used to hand off to a contractor or coworker that AI now takes care of mostly or entirely? Select all that apply.",Designing computer or information systems or applications,education,High school,Designing computer or information systems,5,284,1.99,0.89,1.01,3.9
q15_delegation,15,"Which of the following tasks, if any, did you or your team used to hand off to a contractor or coworker that AI now takes care of mostly or entirely? Select all that apply.","Preparing documentation for contracts, applications, or permits",education,High school,"Preparing contracts, applications, or permits",13,284,4.98,1.36,3.24,7.58
q15_delegation,15,"Which of the following tasks, if any, did you or your team used to hand off to a contractor or coworker that AI now takes care of mostly or entirely? Select all that apply.",Explaining or providing information to clients or customers (incl. about products or services),education,High school,Explaining or providing info to clients,12,284,4.48,1.27,2.85,6.99
q15_delegation,15,"Which of the following tasks, if any, did you or your team used to hand off to a contractor or coworker that AI now takes care of mostly or entirely? Select all that apply.",Advising others on business or operational matters,education,High school,Advising on business or operational matters,11,284,4.45,1.32,2.82,6.95
q15_delegation,15,"Which of the following tasks, if any, did you or your team used to hand off to a contractor or coworker that AI now takes care of mostly or entirely? Select all that apply.","Assessing student capabilities, needs, or performance",education,High school,Assessing student capabilities or needs,7,284,2.49,0.93,1.35,4.53
q15_delegation,15,"Which of the following tasks, if any, did you or your team used to hand off to a contractor or coworker that AI now takes care of mostly or entirely? Select all that apply.",None of the above,education,High school,None of the above,224,284,77.91,2.52,73.57,81.71
q15_delegation,15,"Which of the following tasks, if any, did you or your team used to hand off to a contractor or coworker that AI now takes care of mostly or entirely? Select all that apply.",Maintaining operational records,education,Some college,Maintaining operational records,13,281,4.66,1.27,2.98,7.22
q15_delegation,15,"Which of the following tasks, if any, did you or your team used to hand off to a contractor or coworker that AI now takes care of mostly or entirely? Select all that apply.","Developing organizational policies, systems, or processes",education,Some college,"Developing policies, systems, or processes",18,281,6.69,1.53,4.62,9.6
q15_delegation,15,"Which of the following tasks, if any, did you or your team used to hand off to a contractor or coworker that AI now takes care of mostly or entirely? Select all that apply.",Reading documents or materials to inform work processes,education,Some college,Reading documents to inform work,20,281,7.41,1.61,5.21,10.43
q15_delegation,15,"Which of the following tasks, if any, did you or your team used to hand off to a contractor or coworker that AI now takes care of mostly or entirely? Select all that apply.",Determining values or prices of goods or services,education,Some college,Determining values or prices,10,281,3.93,1.23,2.41,6.34
q15_delegation,15,"Which of the following tasks, if any, did you or your team used to hand off to a contractor or coworker that AI now takes care of mostly or entirely? Select all that apply.","Analyzing data, or evaluating the quality or accuracy of data",education,Some college,Analyzing or evaluating data,14,281,5.31,1.39,3.49,7.98
q15_delegation,15,"Which of the following tasks, if any, did you or your team used to hand off to a contractor or coworker that AI now takes care of mostly or entirely? Select all that apply.",Designing computer or information systems or applications,education,Some college,Designing computer or information systems,9,281,3.46,1.14,2.06,5.77
q15_delegation,15,"Which of the following tasks, if any, did you or your team used to hand off to a contractor or coworker that AI now takes care of mostly or entirely? Select all that apply.","Preparing documentation for contracts, applications, or permits",education,Some college,"Preparing contracts, applications, or permits",15,281,5.46,1.38,3.61,8.16
q15_delegation,15,"Which of the following tasks, if any, did you or your team used to hand off to a contractor or coworker that AI now takes care of mostly or entirely? Select all that apply.",Explaining or providing information to clients or customers (incl. about products or services),education,Some college,Explaining or providing info to clients,11,281,4.32,1.28,2.71,6.81
q15_delegation,15,"Which of the following tasks, if any, did you or your team used to hand off to a contractor or coworker that AI now takes care of mostly or entirely? Select all that apply.",Advising others on business or operational matters,education,Some college,Advising on business or operational matters,10,281,3.56,1.11,2.13,5.88
q15_delegation,15,"Which of the following tasks, if any, did you or your team used to hand off to a contractor or coworker that AI now takes care of mostly or entirely? Select all that apply.","Assessing student capabilities, needs, or performance",education,Some college,Assessing student capabilities or needs,8,281,2.9,1.02,1.65,5.07
q15_delegation,15,"Which of the following tasks, if any, did you or your team used to hand off to a contractor or coworker that AI now takes care of mostly or entirely? Select all that apply.",None of the above,education,Some college,None of the above,220,281,77.58,2.54,73.21,81.43
q15_delegation,15,"Which of the following tasks, if any, did you or your team used to hand off to a contractor or coworker that AI now takes care of mostly or entirely? Select all that apply.",Maintaining operational records,education,Bachelor+,Maintaining operational records,28,470,6.15,1.13,4.56,8.25
q15_delegation,15,"Which of the following tasks, if any, did you or your team used to hand off to a contractor or coworker that AI now takes care of mostly or entirely? Select all that apply.","Developing organizational policies, systems, or processes",education,Bachelor+,"Developing policies, systems, or processes",18,470,3.83,0.89,2.61,5.58
q15_delegation,15,"Which of the following tasks, if any, did you or your team used to hand off to a contractor or coworker that AI now takes care of mostly or entirely? Select all that apply.",Reading documents or materials to inform work processes,education,Bachelor+,Reading documents to inform work,31,470,6.59,1.15,4.94,8.75
q15_delegation,15,"Which of the following tasks, if any, did you or your team used to hand off to a contractor or coworker that AI now takes care of mostly or entirely? Select all that apply.",Determining values or prices of goods or services,education,Bachelor+,Determining values or prices,12,470,2.6,0.74,1.63,4.12
q15_delegation,15,"Which of the following tasks, if any, did you or your team used to hand off to a contractor or coworker that AI now takes care of mostly or entirely? Select all that apply.","Analyzing data, or evaluating the quality or accuracy of data",education,Bachelor+,Analyzing or evaluating data,41,470,8.79,1.32,6.86,11.19
q15_delegation,15,"Which of the following tasks, if any, did you or your team used to hand off to a contractor or coworker that AI now takes care of mostly or entirely? Select all that apply.",Designing computer or information systems or applications,education,Bachelor+,Designing computer or information systems,16,470,3.46,0.85,2.32,5.15
q15_delegation,15,"Which of the following tasks, if any, did you or your team used to hand off to a contractor or coworker that AI now takes care of mostly or entirely? Select all that apply.","Preparing documentation for contracts, applications, or permits",education,Bachelor+,"Preparing contracts, applications, or permits",23,470,5.14,1.05,3.7,7.1
q15_delegation,15,"Which of the following tasks, if any, did you or your team used to hand off to a contractor or coworker that AI now takes care of mostly or entirely? Select all that apply.",Explaining or providing information to clients or customers (incl. about products or services),education,Bachelor+,Explaining or providing info to clients,20,470,4.28,0.94,2.98,6.11
q15_delegation,15,"Which of the following tasks, if any, did you or your team used to hand off to a contractor or coworker that AI now takes care of mostly or entirely? Select all that apply.",Advising others on business or operational matters,education,Bachelor+,Advising on business or operational matters,11,470,2.31,0.69,1.41,3.76
q15_delegation,15,"Which of the following tasks, if any, did you or your team used to hand off to a contractor or coworker that AI now takes care of mostly or entirely? Select all that apply.","Assessing student capabilities, needs, or performance",education,Bachelor+,Assessing student capabilities or needs,11,470,2.4,0.72,1.48,3.87
q15_delegation,15,"Which of the following tasks, if any, did you or your team used to hand off to a contractor or coworker that AI now takes care of mostly or entirely? Select all that apply.",None of the above,education,Bachelor+,None of the above,376,470,79.7,1.88,76.46,82.59
q15_delegation,15,"Which of the following tasks, if any, did you or your team used to hand off to a contractor or coworker that AI now takes care of mostly or entirely? Select all that apply.",Maintaining operational records,income,Under $25K,Maintaining operational records,7,79,9.03,3.28,4.98,15.81
q15_delegation,15,"Which of the following tasks, if any, did you or your team used to hand off to a contractor or coworker that AI now takes care of mostly or entirely? Select all that apply.","Developing organizational policies, systems, or processes",income,Under $25K,"Developing policies, systems, or processes",6,79,7.64,3.03,4.0,14.12
q15_delegation,15,"Which of the following tasks, if any, did you or your team used to hand off to a contractor or coworker that AI now takes care of mostly or entirely? Select all that apply.",Reading documents or materials to inform work processes,income,Under $25K,Reading documents to inform work,5,79,6.37,2.79,3.13,12.53
q15_delegation,15,"Which of the following tasks, if any, did you or your team used to hand off to a contractor or coworker that AI now takes care of mostly or entirely? Select all that apply.",Determining values or prices of goods or services,income,Under $25K,Determining values or prices,5,79,6.59,2.87,3.28,12.81
q15_delegation,15,"Which of the following tasks, if any, did you or your team used to hand off to a contractor or coworker that AI now takes care of mostly or entirely? Select all that apply.","Analyzing data, or evaluating the quality or accuracy of data",income,Under $25K,Analyzing or evaluating data,7,79,9.24,3.35,5.14,16.08
q15_delegation,15,"Which of the following tasks, if any, did you or your team used to hand off to a contractor or coworker that AI now takes care of mostly or entirely? Select all that apply.",Designing computer or information systems or applications,income,Under $25K,Designing computer or information systems,5,79,6.33,2.77,3.11,12.48
q15_delegation,15,"Which of the following tasks, if any, did you or your team used to hand off to a contractor or coworker that AI now takes care of mostly or entirely? Select all that apply.","Preparing documentation for contracts, applications, or permits",income,Under $25K,"Preparing contracts, applications, or permits",6,79,7.9,3.12,4.18,14.44
q15_delegation,15,"Which of the following tasks, if any, did you or your team used to hand off to a contractor or coworker that AI now takes care of mostly or entirely? Select all that apply.",Explaining or providing information to clients or customers (incl. about products or services),income,Under $25K,Explaining or providing info to clients,6,79,8.06,3.18,4.29,14.63
q15_delegation,15,"Which of the following tasks, if any, did you or your team used to hand off to a contractor or coworker that AI now takes care of mostly or entirely? Select all that apply.",Advising others on business or operational matters,income,Under $25K,Advising on business or operational matters,11,79,14.21,4.0,8.91,21.9
q15_delegation,15,"Which of the following tasks, if any, did you or your team used to hand off to a contractor or coworker that AI now takes care of mostly or entirely? Select all that apply.","Assessing student capabilities, needs, or performance",income,Under $25K,Assessing student capabilities or needs,4,79,4.97,2.46,2.22,10.72
q15_delegation,15,"Which of the following tasks, if any, did you or your team used to hand off to a contractor or coworker that AI now takes care of mostly or entirely? Select all that apply.",None of the above,income,Under $25K,None of the above,55,79,68.83,5.3,59.71,76.7
q15_delegation,15,"Which of the following tasks, if any, did you or your team used to hand off to a contractor or coworker that AI now takes care of mostly or entirely? Select all that apply.",Maintaining operational records,income,$25K–$50K,Maintaining operational records,7,109,6.29,2.33,3.42,11.32
q15_delegation,15,"Which of the following tasks, if any, did you or your team used to hand off to a contractor or coworker that AI now takes care of mostly or entirely? Select all that apply.","Developing organizational policies, systems, or processes",income,$25K–$50K,"Developing policies, systems, or processes",5,109,4.87,2.14,2.43,9.53
q15_delegation,15,"Which of the following tasks, if any, did you or your team used to hand off to a contractor or coworker that AI now takes care of mostly or entirely? Select all that apply.",Reading documents or materials to inform work processes,income,$25K–$50K,Reading documents to inform work,10,109,9.51,2.88,5.81,15.2
q15_delegation,15,"Which of the following tasks, if any, did you or your team used to hand off to a contractor or coworker that AI now takes care of mostly or entirely? Select all that apply.",Determining values or prices of goods or services,income,$25K–$50K,Determining values or prices,7,109,6.52,2.41,3.57,11.59
q15_delegation,15,"Which of the following tasks, if any, did you or your team used to hand off to a contractor or coworker that AI now takes care of mostly or entirely? Select all that apply.","Analyzing data, or evaluating the quality or accuracy of data",income,$25K–$50K,Analyzing or evaluating data,12,109,11.03,3.03,6.99,16.99
q15_delegation,15,"Which of the following tasks, if any, did you or your team used to hand off to a contractor or coworker that AI now takes care of mostly or entirely? Select all that apply.",Designing computer or information systems or applications,income,$25K–$50K,Designing computer or information systems,5,109,5.17,2.26,2.64,9.91
q15_delegation,15,"Which of the following tasks, if any, did you or your team used to hand off to a contractor or coworker that AI now takes care of mostly or entirely? Select all that apply.","Preparing documentation for contracts, applications, or permits",income,$25K–$50K,"Preparing contracts, applications, or permits",6,109,6.2,2.46,3.35,11.19
q15_delegation,15,"Which of the following tasks, if any, did you or your team used to hand off to a contractor or coworker that AI now takes care of mostly or entirely? Select all that apply.",Explaining or providing information to clients or customers (incl. about products or services),income,$25K–$50K,Explaining or providing info to clients,5,109,4.85,2.13,2.41,9.49
q15_delegation,15,"Which of the following tasks, if any, did you or your team used to hand off to a contractor or coworker that AI now takes care of mostly or entirely? Select all that apply.",Advising others on business or operational matters,income,$25K–$50K,Advising on business or operational matters,7,109,6.91,2.53,3.85,12.07
q15_delegation,15,"Which of the following tasks, if any, did you or your team used to hand off to a contractor or coworker that AI now takes care of mostly or entirely? Select all that apply.","Assessing student capabilities, needs, or performance",income,$25K–$50K,Assessing student capabilities or needs,1,109,0.82,0.82,0.17,3.88
q15_delegation,15,"Which of the following tasks, if any, did you or your team used to hand off to a contractor or coworker that AI now takes care of mostly or entirely? Select all that apply.",None of the above,income,$25K–$50K,None of the above,83,109,75.17,4.24,67.76,81.35
q15_delegation,15,"Which of the following tasks, if any, did you or your team used to hand off to a contractor or coworker that AI now takes care of mostly or entirely? Select all that apply.",Maintaining operational records,income,$50K–$75K,Maintaining operational records,5,142,3.76,1.66,1.87,7.39
q15_delegation,15,"Which of the following tasks, if any, did you or your team used to hand off to a contractor or coworker that AI now takes care of mostly or entirely? Select all that apply.","Developing organizational policies, systems, or processes",income,$50K–$75K,"Developing policies, systems, or processes",0,142,0.0,0.0,0.0,1.89
q15_delegation,15,"Which of the following tasks, if any, did you or your team used to hand off to a contractor or coworker that AI now takes care of mostly or entirely? Select all that apply.",Reading documents or materials to inform work processes,income,$50K–$75K,Reading documents to inform work,6,142,4.76,1.91,2.56,8.67
q15_delegation,15,"Which of the following tasks, if any, did you or your team used to hand off to a contractor or coworker that AI now takes care of mostly or entirely? Select all that apply.",Determining values or prices of goods or services,income,$50K–$75K,Determining values or prices,4,142,3.16,1.57,1.48,6.61
q15_delegation,15,"Which of the following tasks, if any, did you or your team used to hand off to a contractor or coworker that AI now takes care of mostly or entirely? Select all that apply.","Analyzing data, or evaluating the quality or accuracy of data",income,$50K–$75K,Analyzing or evaluating data,4,142,3.1,1.53,1.44,6.53
q15_delegation,15,"Which of the following tasks, if any, did you or your team used to hand off to a contractor or coworker that AI now takes care of mostly or entirely? Select all that apply.",Designing computer or information systems or applications,income,$50K–$75K,Designing computer or information systems,2,142,1.44,1.02,0.48,4.24
q15_delegation,15,"Which of the following tasks, if any, did you or your team used to hand off to a contractor or coworker that AI now takes care of mostly or entirely? Select all that apply.","Preparing documentation for contracts, applications, or permits",income,$50K–$75K,"Preparing contracts, applications, or permits",3,142,2.24,1.29,0.92,5.37
q15_delegation,15,"Which of the following tasks, if any, did you or your team used to hand off to a contractor or coworker that AI now takes care of mostly or entirely? Select all that apply.",Explaining or providing information to clients or customers (incl. about products or services),income,$50K–$75K,Explaining or providing info to clients,4,142,3.53,1.74,1.72,7.1
q15_delegation,15,"Which of the following tasks, if any, did you or your team used to hand off to a contractor or coworker that AI now takes care of mostly or entirely? Select all that apply.",Advising others on business or operational matters,income,$50K–$75K,Advising on business or operational matters,1,142,0.82,0.81,0.2,3.29
q15_delegation,15,"Which of the following tasks, if any, did you or your team used to hand off to a contractor or coworker that AI now takes care of mostly or entirely? Select all that apply.","Assessing student capabilities, needs, or performance",income,$50K–$75K,Assessing student capabilities or needs,3,142,2.49,1.43,1.06,5.71
q15_delegation,15,"Which of the following tasks, if any, did you or your team used to hand off to a contractor or coworker that AI now takes care of mostly or entirely? Select all that apply.",None of the above,income,$50K–$75K,None of the above,121,142,83.8,3.24,78.05,88.27
q15_delegation,15,"Which of the following tasks, if any, did you or your team used to hand off to a contractor or coworker that AI now takes care of mostly or entirely? Select all that apply.",Maintaining operational records,income,$75K–$100K,Maintaining operational records,10,139,7.43,2.27,4.51,11.99
q15_delegation,15,"Which of the following tasks, if any, did you or your team used to hand off to a contractor or coworker that AI now takes care of mostly or entirely? Select all that apply.","Developing organizational policies, systems, or processes",income,$75K–$100K,"Developing policies, systems, or processes",4,139,2.83,1.41,1.26,6.22
q15_delegation,15,"Which of the following tasks, if any, did you or your team used to hand off to a contractor or coworker that AI now takes care of mostly or entirely? Select all that apply.",Reading documents or materials to inform work processes,income,$75K–$100K,Reading documents to inform work,7,139,4.83,1.79,2.59,8.8
q15_delegation,15,"Which of the following tasks, if any, did you or your team used to hand off to a contractor or coworker that AI now takes care of mostly or entirely? Select all that apply.",Determining values or prices of goods or services,income,$75K–$100K,Determining values or prices,2,139,1.51,1.07,0.51,4.39
q15_delegation,15,"Which of the following tasks, if any, did you or your team used to hand off to a contractor or coworker that AI now takes care of mostly or entirely? Select all that apply.","Analyzing data, or evaluating the quality or accuracy of data",income,$75K–$100K,Analyzing or evaluating data,12,139,8.99,2.49,5.73,13.84
q15_delegation,15,"Which of the following tasks, if any, did you or your team used to hand off to a contractor or coworker that AI now takes care of mostly or entirely? Select all that apply.",Designing computer or information systems or applications,income,$75K–$100K,Designing computer or information systems,4,139,2.94,1.45,1.33,6.37
q15_delegation,15,"Which of the following tasks, if any, did you or your team used to hand off to a contractor or coworker that AI now takes care of mostly or entirely? Select all that apply.","Preparing documentation for contracts, applications, or permits",income,$75K–$100K,"Preparing contracts, applications, or permits",8,139,5.82,2.01,3.31,10.04
q15_delegation,15,"Which of the following tasks, if any, did you or your team used to hand off to a contractor or coworker that AI now takes care of mostly or entirely? Select all that apply.",Explaining or providing information to clients or customers (incl. about products or services),income,$75K–$100K,Explaining or providing info to clients,5,139,3.68,1.62,1.81,7.34
q15_delegation,15,"Which of the following tasks, if any, did you or your team used to hand off to a contractor or coworker that AI now takes care of mostly or entirely? Select all that apply.",Advising others on business or operational matters,income,$75K–$100K,Advising on business or operational matters,4,139,2.77,1.38,1.23,6.14
q15_delegation,15,"Which of the following tasks, if any, did you or your team used to hand off to a contractor or coworker that AI now takes care of mostly or entirely? Select all that apply.","Assessing student capabilities, needs, or performance",income,$75K–$100K,Assessing student capabilities or needs,4,139,3.07,1.51,1.41,6.54
q15_delegation,15,"Which of the following tasks, if any, did you or your team used to hand off to a contractor or coworker that AI now takes care of mostly or entirely? Select all that apply.",None of the above,income,$75K–$100K,None of the above,107,139,76.26,3.68,69.82,81.69
q15_delegation,15,"Which of the following tasks, if any, did you or your team used to hand off to a contractor or coworker that AI now takes care of mostly or entirely? Select all that apply.",Maintaining operational records,income,$100K+,Maintaining operational records,29,634,4.58,0.84,3.39,6.16
q15_delegation,15,"Which of the following tasks, if any, did you or your team used to hand off to a contractor or coworker that AI now takes care of mostly or entirely? Select all that apply.","Developing organizational policies, systems, or processes",income,$100K+,"Developing policies, systems, or processes",27,634,4.34,0.82,3.19,5.89
q15_delegation,15,"Which of the following tasks, if any, did you or your team used to hand off to a contractor or coworker that AI now takes care of mostly or entirely? Select all that apply.",Reading documents or materials to inform work processes,income,$100K+,Reading documents to inform work,34,634,5.3,0.89,4.01,6.97
q15_delegation,15,"Which of the following tasks, if any, did you or your team used to hand off to a contractor or coworker that AI now takes care of mostly or entirely? Select all that apply.",Determining values or prices of goods or services,income,$100K+,Determining values or prices,12,634,1.86,0.53,1.16,2.98
q15_delegation,15,"Which of the following tasks, if any, did you or your team used to hand off to a contractor or coworker that AI now takes care of mostly or entirely? Select all that apply.","Analyzing data, or evaluating the quality or accuracy of data",income,$100K+,Analyzing or evaluating data,42,634,6.52,0.98,5.08,8.34
q15_delegation,15,"Which of the following tasks, if any, did you or your team used to hand off to a contractor or coworker that AI now takes care of mostly or entirely? Select all that apply.",Designing computer or information systems or applications,income,$100K+,Designing computer or information systems,15,634,2.38,0.61,1.57,3.61
q15_delegation,15,"Which of the following tasks, if any, did you or your team used to hand off to a contractor or coworker that AI now takes care of mostly or entirely? Select all that apply.","Preparing documentation for contracts, applications, or permits",income,$100K+,"Preparing contracts, applications, or permits",30,634,4.9,0.88,3.66,6.52
q15_delegation,15,"Which of the following tasks, if any, did you or your team used to hand off to a contractor or coworker that AI now takes care of mostly or entirely? Select all that apply.",Explaining or providing information to clients or customers (incl. about products or services),income,$100K+,Explaining or providing info to clients,26,634,4.13,0.8,3.01,5.65
q15_delegation,15,"Which of the following tasks, if any, did you or your team used to hand off to a contractor or coworker that AI now takes care of mostly or entirely? Select all that apply.",Advising others on business or operational matters,income,$100K+,Advising on business or operational matters,13,634,2.07,0.57,1.32,3.23
q15_delegation,15,"Which of the following tasks, if any, did you or your team used to hand off to a contractor or coworker that AI now takes care of mostly or entirely? Select all that apply.","Assessing student capabilities, needs, or performance",income,$100K+,Assessing student capabilities or needs,14,634,2.22,0.59,1.44,3.41
q15_delegation,15,"Which of the following tasks, if any, did you or your team used to hand off to a contractor or coworker that AI now takes care of mostly or entirely? Select all that apply.",None of the above,income,$100K+,None of the above,509,634,80.06,1.6,77.31,82.55
q15_delegation,15,"Which of the following tasks, if any, did you or your team used to hand off to a contractor or coworker that AI now takes care of mostly or entirely? Select all that apply.",Maintaining operational records,employment,Full-time,Maintaining operational records,46,848,5.51,0.79,4.35,6.96
q15_delegation,15,"Which of the following tasks, if any, did you or your team used to hand off to a contractor or coworker that AI now takes care of mostly or entirely? Select all that apply.","Developing organizational policies, systems, or processes",employment,Full-time,"Developing policies, systems, or processes",35,848,4.27,0.71,3.26,5.57
q15_delegation,15,"Which of the following tasks, if any, did you or your team used to hand off to a contractor or coworker that AI now takes care of mostly or entirely? Select all that apply.",Reading documents or materials to inform work processes,employment,Full-time,Reading documents to inform work,52,848,6.22,0.84,4.98,7.74
q15_delegation,15,"Which of the following tasks, if any, did you or your team used to hand off to a contractor or coworker that AI now takes care of mostly or entirely? Select all that apply.",Determining values or prices of goods or services,employment,Full-time,Determining values or prices,25,848,3.14,0.62,2.29,4.3
q15_delegation,15,"Which of the following tasks, if any, did you or your team used to hand off to a contractor or coworker that AI now takes care of mostly or entirely? Select all that apply.","Analyzing data, or evaluating the quality or accuracy of data",employment,Full-time,Analyzing or evaluating data,61,848,7.18,0.89,5.85,8.79
q15_delegation,15,"Which of the following tasks, if any, did you or your team used to hand off to a contractor or coworker that AI now takes care of mostly or entirely? Select all that apply.",Designing computer or information systems or applications,employment,Full-time,Designing computer or information systems,27,848,3.36,0.64,2.47,4.54
q15_delegation,15,"Which of the following tasks, if any, did you or your team used to hand off to a contractor or coworker that AI now takes care of mostly or entirely? Select all that apply.","Preparing documentation for contracts, applications, or permits",employment,Full-time,"Preparing contracts, applications, or permits",46,848,5.69,0.82,4.51,7.16
q15_delegation,15,"Which of the following tasks, if any, did you or your team used to hand off to a contractor or coworker that AI now takes care of mostly or entirely? Select all that apply.",Explaining or providing information to clients or customers (incl. about products or services),employment,Full-time,Explaining or providing info to clients,36,848,4.46,0.73,3.43,5.79
q15_delegation,15,"Which of the following tasks, if any, did you or your team used to hand off to a contractor or coworker that AI now takes care of mostly or entirely? Select all that apply.",Advising others on business or operational matters,employment,Full-time,Advising on business or operational matters,27,848,3.27,0.62,2.4,4.44
q15_delegation,15,"Which of the following tasks, if any, did you or your team used to hand off to a contractor or coworker that AI now takes care of mostly or entirely? Select all that apply.","Assessing student capabilities, needs, or performance",employment,Full-time,Assessing student capabilities or needs,21,848,2.53,0.55,1.78,3.59
q15_delegation,15,"Which of the following tasks, if any, did you or your team used to hand off to a contractor or coworker that AI now takes care of mostly or entirely? Select all that apply.",None of the above,employment,Full-time,None of the above,666,848,77.97,1.45,75.53,80.24
q15_delegation,15,"Which of the following tasks, if any, did you or your team used to hand off to a contractor or coworker that AI now takes care of mostly or entirely? Select all that apply.",Maintaining operational records,employment,Part-time,Maintaining operational records,12,255,4.8,1.36,3.02,7.54
q15_delegation,15,"Which of the following tasks, if any, did you or your team used to hand off to a contractor or coworker that AI now takes care of mostly or entirely? Select all that apply.","Developing organizational policies, systems, or processes",employment,Part-time,"Developing policies, systems, or processes",7,255,2.67,1.0,1.44,4.92
q15_delegation,15,"Which of the following tasks, if any, did you or your team used to hand off to a contractor or coworker that AI now takes care of mostly or entirely? Select all that apply.",Reading documents or materials to inform work processes,employment,Part-time,Reading documents to inform work,10,255,4.14,1.3,2.51,6.74
q15_delegation,15,"Which of the following tasks, if any, did you or your team used to hand off to a contractor or coworker that AI now takes care of mostly or entirely? Select all that apply.",Determining values or prices of goods or services,employment,Part-time,Determining values or prices,5,255,1.94,0.87,0.94,3.97
q15_delegation,15,"Which of the following tasks, if any, did you or your team used to hand off to a contractor or coworker that AI now takes care of mostly or entirely? Select all that apply.","Analyzing data, or evaluating the quality or accuracy of data",employment,Part-time,Analyzing or evaluating data,16,255,6.84,1.66,4.65,9.95
q15_delegation,15,"Which of the following tasks, if any, did you or your team used to hand off to a contractor or coworker that AI now takes care of mostly or entirely? Select all that apply.",Designing computer or information systems or applications,employment,Part-time,Designing computer or information systems,4,255,1.56,0.78,0.7,3.46
q15_delegation,15,"Which of the following tasks, if any, did you or your team used to hand off to a contractor or coworker that AI now takes care of mostly or entirely? Select all that apply.","Preparing documentation for contracts, applications, or permits",employment,Part-time,"Preparing contracts, applications, or permits",7,255,2.88,1.09,1.58,5.19
q15_delegation,15,"Which of the following tasks, if any, did you or your team used to hand off to a contractor or coworker that AI now takes care of mostly or entirely? Select all that apply.",Explaining or providing information to clients or customers (incl. about products or services),employment,Part-time,Explaining or providing info to clients,10,255,4.05,1.26,2.44,6.64
q15_delegation,15,"Which of the following tasks, if any, did you or your team used to hand off to a contractor or coworker that AI now takes care of mostly or entirely? Select all that apply.",Advising others on business or operational matters,employment,Part-time,Advising on business or operational matters,9,255,3.96,1.3,2.38,6.53
q15_delegation,15,"Which of the following tasks, if any, did you or your team used to hand off to a contractor or coworker that AI now takes care of mostly or entirely? Select all that apply.","Assessing student capabilities, needs, or performance",employment,Part-time,Assessing student capabilities or needs,5,255,1.95,0.87,0.95,3.99
q15_delegation,15,"Which of the following tasks, if any, did you or your team used to hand off to a contractor or coworker that AI now takes care of mostly or entirely? Select all that apply.",None of the above,employment,Part-time,None of the above,209,255,81.08,2.52,76.68,84.81
